NomenclatureCode,Tier,HSCode,EnglishDescription,ChineseDescription,
HS,1,01,LIVE ANIMALS,活体动物,
HS,2,0101,"Live horses, asses, mules and hinnies.",活马、驴、骡和驴骡,
HS,3,010110,Pure-bred breeding animals,纯种繁殖动物,
HS,3,010111,Pure-bred breeding animals,纯种繁殖动物,
HS,3,010119,Other,其他,
HS,3,010120,"Asses, mules and hinnies",驴、骡和驴骡,
HS,3,010121,Pure-bred breeding animals,纯种繁殖动物,
HS,3,010129,Other,其他,
HS,3,010130,Asses,驴子,
HS,3,010190,Other,其他,
HS,2,0102,Live bovine animals.,活体牛类动物,
HS,3,010210,Pure-bred breeding animals,纯种繁殖动物,
HS,3,010221,Pure-bred breeding animals,纯种繁殖动物,
HS,3,010229,Other,其他,
HS,3,010231,Pure-bred breeding animals,纯种繁殖动物,
HS,3,010239,Other,其他,
HS,3,010290,Other,其他,
HS,2,0103,Live swine.,活猪,
HS,3,010310,Pure-bred breeding animals,纯种繁殖动物,
HS,3,010391,Weighing less than 50 kg,体重不足50公斤,
HS,3,010392,Weighing 50 kg or more,体重50公斤或以上,
HS,2,0104,Live sheep and goats.,活的绵羊和山羊,
HS,3,010410,Sheep,羊,
HS,3,010420,Goats,山羊,
HS,2,0105,"Live poultry, that is to say, fowls of the species Gallus domesticus, ducks, geese, turkeys and guinea fowls.",活家禽，即家鸡、鸭、鹅、火鸡和珍珠鸡,
HS,3,010511,Fowls of the species Gallus domesticus,家鸡,
HS,3,010512,Turkeys,火鸡,
HS,3,010513,Ducks,鸭子,
HS,3,010514,Geese,鹅,
HS,3,010515,Guinea fowls,珍珠鸡,
HS,3,010519,Other,其他,
HS,3,010591,Fowls of the species Gallus domesticus,家鸡,
HS,3,010592,"Fowls of the species Gallus domesticus, weighing not more than 2,000 g","家鸡（Gallus domesticus）种类的家禽，重量不超过 2,000 克",
HS,3,010593,"Fowls of the species Gallus domesticus, weighing more than 2,000 g","体重超过 2,000 克的家鸡",
HS,3,010594,Fowls of the species Gallus domesticus,家鸡,
HS,3,010599,Other,其他,
HS,2,0106,Other live animals.,其他活动物,
HS,3,010600,Other live animals,其他活动物,
HS,3,010611,Primates,灵长类动物,
HS,3,010612,"Whales, dolphins and porpoises (mammals of the order Cetacea); manatees and dugongs (mammals of the order Sirenia); seals, sea lions and walruses (mammals of the suborder Pinnipedia)",鲸鱼、海豚和鼠海豚（鲸目哺乳动物）；海牛和儒艮（海牛目哺乳动物）；海豹、海狮和海象（鳍足亚目哺乳动物）,
HS,3,010613,Camels and other camelids (Camelidae),骆驼和其他骆驼科动物（骆驼科）,
HS,3,010614,Rabbits and hares,兔子和野兔,
HS,3,010619,Other,其他,
HS,3,010620,Reptiles (including snakes and turtles),爬行动物（包括蛇和乌龟）,
HS,3,010631,Birds of prey,猛禽,
HS,3,010632,"Psittaciformes (including parrots, parakeets, macaws and cockatoos)",鹦鹉形目（包括鹦鹉、长尾小鹦鹉、金刚鹦鹉和凤头鹦鹉）,
HS,3,010633,Ostriches; emus (Dromaius novaehollandiae),鸵鸟；鸸鹋 (Dromaius novaehollandiae),
HS,3,010639,Other,其他,
HS,3,010641,Bees,蜜蜂,
HS,3,010649,Other,其他,
HS,3,010690,Other,其他,
HS,1,02,MEAT AND EDIBLE MEAT OFFAL,肉类和食用肉类内脏,
HS,2,0201,"Meat of bovine animals, fresh or chilled.",牛肉，新鲜或冷藏,
HS,3,020110,Carcases and half-carcases,胴体和半胴体,
HS,3,020120,Other cuts with bone in,其他带骨的肉,
HS,3,020130,Boneless,无骨,
HS,2,0202,"Meat of bovine animals, frozen.",冷冻牛肉,
HS,3,020210,Carcases and half-carcases,胴体和半胴体,
HS,3,020220,Other cuts with bone in,其他带骨的肉,
HS,3,020230,Boneless,无骨,
HS,2,0203,"Meat of swine, fresh, chilled or frozen.",猪肉，新鲜、冷藏或冷冻,
HS,3,020311,Carcases and half-carcases,胴体和半胴体,
HS,3,020312,"Hams, shoulders and cuts thereof, with bone in",带骨火腿、肩肉及其切块,
HS,3,020319,Other,其他,
HS,3,020321,Carcases and half-carcases,胴体和半胴体,
HS,3,020322,"Hams, shoulders and cuts thereof, with bone in",带骨火腿、肩肉及其切块,
HS,3,020329,Other,其他,
HS,2,0204,"Meat of sheep or goats, fresh, chilled or frozen.",绵羊或山羊的肉，新鲜、冷藏或冷冻,
HS,3,020410,"Carcases and half-carcases of lamb, fresh or chilled",新鲜或冷藏的羔羊胴体和半胴体,
HS,3,020421,Carcases and half-carcases,胴体和半胴体,
HS,3,020422,Other cuts with bone in,其他带骨的肉,
HS,3,020423,Boneless,无骨,
HS,3,020430,"Carcases and half-carcases of lamb, frozen",冷冻羊肉胴体和半胴体,
HS,3,020441,Carcases and half-carcases,胴体和半胴体,
HS,3,020442,Other cuts with bone in,其他带骨的肉,
HS,3,020443,Boneless,无骨,
HS,3,020450,Meat of goats,山羊肉,
HS,2,0205,"Meat of horses, asses, mules or hinnies, fresh, chilled or frozen.",马、驴、骡或驴骡的肉，新鲜、冷藏或冷冻,
HS,3,020500,"Meat of horses, asses, mules or hinnies, fresh, chilled or frozen",马、驴、骡或驴骡的肉，新鲜、冷藏或冷冻,
HS,2,0206,"Edible offal of bovine animals, swine, sheep, goats, horses, asses, mules or hinnies, fresh, chilled or frozen.",牛、猪、绵羊、山羊、马、驴、骡或驴骡的可食用内脏，新鲜、冷藏或冷冻,
HS,3,020610,"Of bovine animals, fresh or chilled",鲜、冷牛肉,
HS,3,020621,Tongues,舌头,
HS,3,020622,Livers,肝脏,
HS,3,020629,Other,其他,
HS,3,020630,"Of swine, fresh or chilled",新鲜或冷藏的猪肉,
HS,3,020641,Livers,肝脏,
HS,3,020649,Other,其他,
HS,3,020680,"Other, fresh or chilled",其他，新鲜或冷藏,
HS,3,020690,"Other, frozen",其他，冷冻,
HS,2,0207,"Meat and edible offal, of the poultry of heading 01.05, fresh, chilled or frozen.",税号 01.05 的家禽肉及可食用内脏，新鲜、冷藏或冷冻,
HS,3,020710,"Poultry not cut in pieces, fresh or chilled",未切块的新鲜或冷藏家禽,
HS,3,020711,"Not cut in pieces, fresh or chilled",未切成块，新鲜或冷藏,
HS,3,020712,"Not cut in pieces, frozen",未切块，冷冻,
HS,3,020713,"Cuts and offal, fresh or chilled",新鲜或冷藏的切块和内脏,
HS,3,020714,"Cuts and offal, frozen",冷冻的切块和内脏,
HS,3,020721,Fowls of the species Gallus domesticus,家鸡,
HS,3,020722,Turkeys,火鸡,
HS,3,020723,"Ducks, geese and guinea fowls",鸭子、鹅和珍珠鸡,
HS,3,020724,"Not cut in pieces, fresh or chilled",未切成块，新鲜或冷藏,
HS,3,020725,"Not cut in pieces, frozen",未切块，冷冻,
HS,3,020726,"Cuts and offal, fresh or chilled",新鲜或冷藏的切块和内脏,
HS,3,020727,"Cuts and offal, frozen",冷冻的切块和内脏,
HS,3,020731,Fatty livers of geese or ducks,鹅或鸭的脂肪肝,
HS,3,020732,"Not cut in pieces, fresh or chilled",未切成块，新鲜或冷藏,
HS,3,020733,"Not cut in pieces, frozen",未切块，冷冻,
HS,3,020734,"Fatty livers, fresh or chilled",脂肪肝，新鲜或冷藏,
HS,3,020735,"Other, fresh or chilled",其他，新鲜或冷藏,
HS,3,020736,"Other, frozen",其他，冷冻,
HS,3,020739,Other,其他,
HS,3,020741,"Not cut in pieces, fresh or chilled",未切成块，新鲜或冷藏,
HS,3,020742,"Not cut in pieces, frozen",未切块，冷冻,
HS,3,020743,"Fatty livers, fresh or chilled",脂肪肝，新鲜或冷藏,
HS,3,020744,"Other, fresh or chilled",其他，新鲜或冷藏,
HS,3,020745,"Other, frozen",其他，冷冻,
HS,3,020750,"Poultry livers, frozen",冷冻禽肝,
HS,3,020751,"Not cut in pieces, fresh or chilled",未切成块，新鲜或冷藏,
HS,3,020752,"Not cut in pieces, frozen",未切块，冷冻,
HS,3,020753,"Fatty livers, fresh or chilled",脂肪肝，新鲜或冷藏,
HS,3,020754,"Other, fresh or chilled",其他，新鲜或冷藏,
HS,3,020755,"Other, frozen",其他，冷冻,
HS,3,020760,Of guinea fowls,珍珠鸡,
HS,2,0208,"Other meat and edible meat offal, fresh, chilled or frozen.",其他肉类及食用杂碎，新鲜、冷藏或冷冻,
HS,3,020810,Of rabbits or hares,兔子或野兔,
HS,3,020820,Frogs' legs,青蛙腿,
HS,3,020830,Of primates,灵长类动物,
HS,3,020840,"Of whales, dolphins and porpoises (mammals of the order Cetacea); of manatees and dugongs (mammals of the order Sirenia); of seals, sea lions and walruses (mammals of the suborder Pinnipedia)",鲸鱼、海豚和鼠海豚（鲸目哺乳动物）；海牛和儒艮（海牛目哺乳动物）；海豹、海狮和海象（鳍足亚目哺乳动物）,
HS,3,020850,Of reptiles (including snakes and turtles),爬行动物（包括蛇和乌龟）,
HS,3,020860,Of camels and other camelids (Camelidae),骆驼和其他骆驼科动物（骆驼科）,
HS,3,020890,Other,其他,
HS,2,0209,"Pig fat, free of lean meat, and poultry fat, not rendered or otherwise extracted, fresh, chilled, frozen, salted, in brine, dried or smoked.",猪脂肪（不含瘦肉）和家禽脂肪，未提炼或以其他方式提取，新鲜、冷藏、冷冻、盐腌、盐水浸泡、干燥或熏制,
HS,3,020900,"Pig fat, free of lean meat, and poultry fat, not rendered or otherwise extracted, fresh, chilled, frozen, salted, in brine, dried or smoked.",猪脂肪（不含瘦肉）和家禽脂肪，未提炼或以其他方式提取，新鲜、冷藏、冷冻、盐腌、盐水浸泡、干燥或熏制,
HS,3,020910,Of pigs,猪,
HS,3,020990,Other,其他,
HS,2,0210,"Meat and edible meat offal, salted, in brine, dried or smoked; edible flours and meals of meat or meat offal.",盐腌、盐水腌制、干燥或熏制的肉和可食用的肉内脏；肉或肉内脏的食用粉和粗粉,
HS,3,021011,"Hams, shoulders and cuts thereof, with bone in",带骨火腿、肩肉及其切块,
HS,3,021012,Bellies (streaky) and cuts thereof,五花腩肉及其切块,
HS,3,021019,Other,其他,
HS,3,021020,Meat of bovine animals,牛肉,
HS,3,021090,"Other, including edible flours and meals of meat or meat offal",其他，包括食用面粉和肉或肉内脏粉,
HS,3,021091,Of primates,灵长类动物,
HS,3,021092,"Of whales, dolphins and porpoises (mammals of the order Cetacea); of manatees and dugongs (mammals of the order Sirenia); of seals, sea lions and walruses (mammals of the suborder Pinnipedia)",鲸鱼、海豚和鼠海豚（鲸目哺乳动物）；海牛和儒艮（海牛目哺乳动物）；海豹、海狮和海象（鳍足亚目哺乳动物）,
HS,3,021093,Of reptiles (including snakes and turtles),爬行动物（包括蛇和乌龟）,
HS,3,021099,Other,其他,
HS,1,03,"FISH AND CRUSTACEANS, MOLLUSCS AND OTHER AQUATIC INVERTEBRATES",鱼类、甲壳类、软体动物及其他水生无脊椎动物,
HS,2,0301,Live fish.,活鱼,
HS,3,030110,Ornamental fish,观赏鱼,
HS,3,030111,Freshwater fish,淡水鱼,
HS,3,030119,Other,其他,
HS,3,030191,"Trout (Salmo trutta, Oncorhynchus mykiss, Oncorhynchus clarki, Oncorhynchus aguabonita, Oncorhynchus gilae, Oncorhynchus apache and Oncorhynchus chrysogaster)",鳟鱼（鳟鱼、虹鳟、克拉克鳟、阿瓜博尼塔鳟、吉拉鳟、阿帕奇鳟和金腹鳟）,
HS,3,030192,Eels (Anguilla spp.),鳗鱼（鳗鲡属）,
HS,3,030193,"Carp (Cyprinus spp., Carassius spp., Ctenopharyngodon idellus, Hypophthalmichthys spp., Cirrhinus spp., Mylopharyngodon piceus, Catla catla, Labeo spp., Osteochilus hasselti, Leptobarbus hoeveni, Megalobrama spp.)",鲤鱼（鲤鱼属、鲫鱼属、草鱼属、鲫鱼属、鲮鱼属、青鱼属、喀拉鲫属、拉贝奥属、哈氏骨鱼、细须鱼属、鲂鱼属）,
HS,3,030194,"Atlantic and Pacific bluefin tuna (Thunnus thynnus, Thunnus orientalis)",大西洋和太平洋蓝鳍金枪鱼（Thunnus thynnus、Thunnus orientalis）,
HS,3,030195,Southern bluefin tuna (Thunnus maccoyii),南方蓝鳍金枪鱼 (Thunnus maccoyii),
HS,3,030199,Other,其他,
HS,2,0302,"Fish, fresh or chilled, excluding fish fillets and other fish meat of heading 03.04.",新鲜或冷藏的鱼，不包括鱼片及税目 03.04 的其他鱼肉,
HS,3,030211,"Trout (Salmo trutta, Oncorhynchus mykiss, Oncorhynchus clarki, Oncorhynchus aguabonita, Oncorhynchus gilae, Oncorhynchus apache and Oncorhynchus chrysogaster)",鳟鱼（鳟鱼、虹鳟、克拉克鳟、阿瓜博尼塔鳟、吉拉鳟、阿帕奇鳟和金腹鳟）,
HS,3,030212,"Pacific salmon (Oncorhynchus nerka, Oncorhynchus gorbuscha, Oncorhynchus keta, Oncorhynchus tschawytscha, Oncorhynchus kisutch, Oncorhynchus masou and Oncorhynchus rhodurus), Atlantic salmon (Salmo salar) and Danube salmon (Hucho hucho)",太平洋鲑鱼（Oncorhynchus nerka、Oncorhynchus gorbuscha、Oncorhynchus keta、Oncorhynchus tschawytscha、Oncorhynchus kisutch、Oncorhynchus masou 和 Oncorhynchus rhodurus）、大西洋鲑鱼（Salmo salar）和多瑙河鲑鱼（Hucho hucho）,
HS,3,030213,"Pacific salmon (Oncorhynchus nerka, Oncorhynchus gorbuscha, Oncorhynchus keta, Oncorhynchus tschawytscha, Oncorhynchus kisutch, Oncorhynchus masou and Oncorhynchus rhodurus)",太平洋鲑鱼（Oncorhynchus nerka、Oncorhynchus gorbuscha、Oncorhynchus keta、Oncorhynchus tschawytscha、Oncorhynchus kisutch、Oncorhynchus masou 和 Oncorhynchus rhodurus）,
HS,3,030214,Atlantic salmon (Salmo salar) and Danube salmon (Hucho hucho),大西洋鲑鱼和多瑙河鲑鱼,
HS,3,030219,Other,其他,
HS,3,030221,"Halibut (Reinhardtius hippoglossoides, Hippoglossus hippoglossus, Hippoglossus stenolepis)",大比目鱼（Reinhardtius hippoglossoides、Hippoglossus hippoglossus、Hippoglossus stenolepis）,
HS,3,030222,Plaice (Pleuronectes platessa),鲽鱼（Pleuronectes Platessa）,
HS,3,030223,Sole (Solea spp.),鳎鱼（Solea spp.）,
HS,3,030224,Turbots (Psetta maxima),大菱鲆（Psetta maxima）,
HS,3,030229,Other,其他,
HS,3,030231,Albacore or longfinned tuna (Thunnus alalunga),长鳍金枪鱼或长鳍金枪鱼 (Thunnus alalunga),
HS,3,030232,Yellowfin tuna (Thunnus albacares),黄鳍金枪鱼（Thunnus albacares）,
HS,3,030233,Skipjack or stripe-bellied bonito,漂亮的鲣鱼或条纹腹,
HS,3,030234,Bigeye tuna (Thunnus obesus),大眼金枪鱼（Thunnus obesus）,
HS,3,030235,"Atlantic and Pacific bluefin tuna (Thunnus thynnus, Thunnus orientalis)",大西洋和太平洋蓝鳍金枪鱼（Thunnus thynnus、Thunnus orientalis）,
HS,3,030236,Southern bluefin tuna (Thunnus maccoyii),南方蓝鳍金枪鱼 (Thunnus maccoyii),
HS,3,030239,Other,其他,
HS,3,030240,"Herrings (Clupea harengus, Clupea pallasii), excluding livers and roes",鲱鱼（Clupea harengus、Clupea pallasii），不包括肝和鱼籽,
HS,3,030241,"Herrings (Clupea harengus, Clupea pallasii)",鲱鱼（Clupea harengus、Clupea pallasii）,
HS,3,030242,Anchovies (Engraulis spp.),凤尾鱼（Engraulis spp.）,
HS,3,030243,"Sardines (Sardina pilchardus, Sardinops spp.), sardinella (Sardinella spp.), brisling or sprats (Sprattus sprattus)",沙丁鱼（Sardina pilchardus、Sardinops spp.）、沙丁鱼（Sardinella spp.）、刚毛鲱或鲱鱼（Sprattus sprattus）,
HS,3,030244,"Mackerel (Scomber scombrus, Scomber australasicus, Scomber japonicus)",鲭鱼（鲭鱼、澳洲鲭鱼、日本鲭鱼）,
HS,3,030245,Jack and horse mackerel (Trachurus spp.),杰克和竹荚鱼（Trachurus spp.）,
HS,3,030246,Cobia (Rachycentron canadum),军曹鱼（加拿大 Rachycentron）,
HS,3,030247,Swordfish (Xiphias gladius),剑鱼（Xiphias gladius）,
HS,3,030249,Other,其他,
HS,3,030250,"Cod (Gadus morhua, Gadus ogac, Gadus macrocephalus), excluding livers and roes",鳕鱼（Gadus morhua、Gadus ogac、Gadus macrocephalus），不包括肝脏和鱼子,
HS,3,030251,"Cod (Gadus morhua, Gadus ogac, Gadus macrocephalus)",鳕鱼（Gadus morhua、Gadus ogac、Gadus macrocephalus）,
HS,3,030252,Haddock (Melanogrammus aeglefinus),黑线鳕（Melanogrammus eaglefinus）,
HS,3,030253,Coalfish (Pollachius virens),黑鳕（Pollachius virens）,
HS,3,030254,"Hake (Merluccius spp., Urophycis spp.)",无须鳕（Merluccius spp.、Urophycis spp.）,
HS,3,030255,Alaska pollock (Theragra chalcogramma),阿拉斯加狭鳕（Theragra chalcogramma）,
HS,3,030256,"Blue whiting (Micromesistius poutassou, Micromesistius australis)",蓝鳕（Micromesistius poutassou、Micromesistius australis）,
HS,3,030259,Other,其他,
HS,3,030261,"Sardines (Sardina pilchardus, Sardinops spp.), sardinella (Sardinella spp.), brisling or sprats (Sprattus sprattus)",沙丁鱼（Sardina pilchardus、Sardinops spp.）、沙丁鱼（Sardinella spp.）、刚毛鲱或鲱鱼（Sprattus sprattus）,
HS,3,030262,Haddock (Melanogrammus aeglefinus),黑线鳕（Melanogrammus eaglefinus）,
HS,3,030263,Coalfish (Pollachius virens),黑鳕（Pollachius virens）,
HS,3,030264,"Mackerel (Scomber scombrus, Scomber australasicus, Scomber japonicus)",鲭鱼（鲭鱼、澳洲鲭鱼、日本鲭鱼）,
HS,3,030265,Dogfish and other sharks,角鲨和其他鲨鱼,
HS,3,030266,Eels (Anguilla spp.),鳗鱼（鳗鲡属）,
HS,3,030267,Swordfish (Xiphias gladius),剑鱼（Xiphias gladius）,
HS,3,030268,Toothfish (Dissostichus spp.),齿鱼（Dissostichus spp.）,
HS,3,030269,Other,其他,
HS,3,030270,Livers and roes,肝脏和鱼子,
HS,3,030271,Tilapias (Oreochromis spp.),罗非鱼（Oreochromis spp.）,
HS,3,030272,"Catfish (Pangasius spp., Silurus spp., Clarias spp., Ictalurus spp.)",鲶鱼（鲶鱼属、鲶鱼属、鲶鱼属、鲶鱼属）,
HS,3,030273,"Carp (Cyprinus spp., Carassius spp., Ctenopharyngodon idellus, Hypophthalmichthys spp., Cirrhinus spp., Mylopharyngodon piceus, Catla catla, Labeo spp., Osteochilus hasselti, Leptobarbus hoeveni, Megalobrama spp.)",鲤鱼（鲤鱼属、鲫鱼属、草鱼属、鲫鱼属、鲮鱼属、青鱼属、喀拉鲫属、拉贝奥属、哈氏骨鱼、细须鱼属、鲂鱼属）,
HS,3,030274,Eels (Anguilla spp.),鳗鱼（鳗鲡属）,
HS,3,030279,Other,其他,
HS,3,030281,Dogfish and other sharks,角鲨和其他鲨鱼,
HS,3,030282,Rays and skates (Rajidae),鳐鱼和鳐鱼（Rajidae）,
HS,3,030283,Toothfish (Dissostichus spp.),齿鱼（Dissostichus spp.）,
HS,3,030284,Sea bass (Dicentrarchus spp.),海鲈鱼（Dicentrarchus spp.）,
HS,3,030285,Sea bream (Sparidae),鲷科,
HS,3,030289,Other,其他,
HS,3,030290,Livers and roes,肝脏和鱼子,
HS,3,030291,"Livers, roes and milt",肝脏、鱼子和鱼白,
HS,3,030292,Shark fins,鲨鱼鳍,
HS,3,030299,Other,其他,
HS,2,0303,"Fish, frozen, excluding fish fillets and other fish meat of heading 03.04.",冷冻鱼，不包括鱼片和税号列明的其他鱼肉,
HS,3,030310,"Pacific salmon (Oncorhynchus nerka, Oncorhynchus gorbuscha, Oncorhynchus keta, Oncorhynchus tschawytscha, Oncorhynchus kisutch, Oncorhynchus masou and Oncorhynchus rhodurus), excluding livers and roes",太平洋鲑鱼（Oncorhynchus nerka、Oncorhynchus gorbuscha、Oncorhynchus keta、Oncorhynchus tschawytscha、Oncorhynchus kisutch、Oncorhynchus masou 和 Oncorhynchus rhodurus），不包括鱼肝和鱼籽,
HS,3,030311,Sockeye salmon (red salmon) (Oncorhynchus nerka),红鲑鱼（Oncorhynchus nerka）,
HS,3,030312,"Other Pacific salmon (Oncorhynchus gorbuscha, Oncorhynchus keta, Oncorhynchus tschawytscha, Oncorhynchus kisutch, Oncorhynchus masou and Oncorhynchus rhodurus)",其他太平洋鲑鱼（Oncorhynchus gorbuscha、Oncorhynchus keta、Oncorhynchus tschawytscha、Oncorhynchus kisutch、Oncorhynchus masou 和 Oncorhynchus rhodurus）,
HS,3,030313,Atlantic salmon (Salmo salar) and Danube salmon (Hucho hucho),大西洋鲑鱼和多瑙河鲑鱼,
HS,3,030314,"Trout (Salmo trutta, Oncorhynchus mykiss, Oncorhynchus clarki, Oncorhynchus aguabonita, Oncorhynchus gilae, Oncorhynchus apache and Oncorhynchus chrysogaster)",鳟鱼（鳟鱼、虹鳟、克拉克鳟、阿瓜博尼塔鳟、吉拉鳟、阿帕奇鳟和金腹鳟）,
HS,3,030319,Other,其他,
HS,3,030321,"Trout (Salmo trutta, Oncorhynchus mykiss, Oncorhynchus clarki, Oncorhynchus aguabonita, Oncorhynchus gilae, Oncorhynchus apache and Oncorhynchus chrysogaster)",鳟鱼（鳟鱼、虹鳟、克拉克鳟、阿瓜博尼塔鳟、吉拉鳟、阿帕奇鳟和金腹鳟）,
HS,3,030322,Atlantic salmon (Salmo salar) and Danube salmon (Hucho hucho),大西洋鲑鱼和多瑙河鲑鱼,
HS,3,030323,Tilapias (Oreochromis spp.),罗非鱼（Oreochromis spp.）,
HS,3,030324,"Catfish (Pangasius spp., Silurus spp., Clarias spp., Ictalurus spp.)",鲶鱼（鲶鱼属、鲶鱼属、鲶鱼属、鲶鱼属）,
HS,3,030325,"Carp (Cyprinus spp., Carassius spp., Ctenopharyngodon idellus, Hypophthalmichthys spp., Cirrhinus spp., Mylopharyngodon piceus, Catla catla, Labeo spp., Osteochilus hasselti, Leptobarbus hoeveni, Megalobrama spp.)",鲤鱼（鲤鱼属、鲫鱼属、草鱼属、鲫鱼属、鲮鱼属、青鱼属、喀拉鲫属、拉贝奥属、哈氏骨鱼、细须鱼属、鲂鱼属）,
HS,3,030326,Eels (Anguilla spp.),鳗鱼（鳗鲡属）,
HS,3,030329,Other,其他,
HS,3,030331,"Halibut (Reinhardtius hippoglossoides, Hippoglossus hippoglossus, Hippoglossus stenolepis)",大比目鱼（Reinhardtius hippoglossoides、Hippoglossus hippoglossus、Hippoglossus stenolepis）,
HS,3,030332,Plaice (Pleuronectes platessa),鲽鱼（Pleuronectes Platessa）,
HS,3,030333,Sole (Solea spp.),鳎鱼（Solea spp.）,
HS,3,030334,Turbots (Psetta maxima),大菱鲆（Psetta maxima）,
HS,3,030339,Other,其他,
HS,3,030341,Albacore or longfinned tuna (Thunnus alalunga),长鳍金枪鱼或长鳍金枪鱼 (Thunnus alalunga),
HS,3,030342,Yellowfin tuna (Thunnus albacares),黄鳍金枪鱼（Thunnus albacares）,
HS,3,030343,Skipjack or stripe-bellied bonito,漂亮的鲣鱼或条纹腹,
HS,3,030344,Bigeye tuna (Thunnus obesus),大眼金枪鱼（Thunnus obesus）,
HS,3,030345,"Atlantic and Pacific bluefin tuna (Thunnus thynnus, Thunnus orientalis)",大西洋和太平洋蓝鳍金枪鱼（Thunnus thynnus、Thunnus orientalis）,
HS,3,030346,Southern bluefin tuna (Thunnus maccoyii),南方蓝鳍金枪鱼 (Thunnus maccoyii),
HS,3,030349,Other,其他,
HS,3,030350,"Herrings (Clupea harengus, Clupea pallasii), excluding livers and roes",鲱鱼（Clupea harengus、Clupea pallasii），不包括肝和鱼籽,
HS,3,030351,"Herrings (Clupea harengus, Clupea pallasii)",鲱鱼（Clupea harengus、Clupea pallasii）,
HS,3,030352,"Cod (Gadus morhua, Gadus ogac, Gadus macrocephalus)",鳕鱼（Gadus morhua、Gadus ogac、Gadus macrocephalus）,
HS,3,030353,"Sardines (Sardina pilchardus, Sardinops spp.), sardinella (Sardinella spp.), brisling or sprats (Sprattus sprattus)",沙丁鱼（Sardina pilchardus、Sardinops spp.）、沙丁鱼（Sardinella spp.）、刚毛鲱或鲱鱼（Sprattus sprattus）,
HS,3,030354,"Mackerel (Scomber scombrus, Scomber australasicus, Scomber japonicus)",鲭鱼（鲭鱼、澳洲鲭鱼、日本鲭鱼）,
HS,3,030355,Jack and horse mackerel (Trachurus spp.),杰克和竹荚鱼（Trachurus spp.）,
HS,3,030356,Cobia (Rachycentron canadum),军曹鱼（加拿大 Rachycentron）,
HS,3,030357,Swordfish (Xiphias gladius),剑鱼（Xiphias gladius）,
HS,3,030359,Other,其他,
HS,3,030360,"Cod (Gadus morhua, Gadus ogac, Gadus macrocephalus), excluding livers and roes",鳕鱼（Gadus morhua、Gadus ogac、Gadus macrocephalus），不包括肝脏和鱼子,
HS,3,030361,Swordfish (Xiphias gladius),剑鱼（Xiphias gladius）,
HS,3,030362,Toothfish (Dissostichus spp.),齿鱼（Dissostichus spp.）,
HS,3,030363,"Cod (Gadus morhua, Gadus ogac, Gadus macrocephalus)",鳕鱼（Gadus morhua、Gadus ogac、Gadus macrocephalus）,
HS,3,030364,Haddock (Melanogrammus aeglefinus),黑线鳕（Melanogrammus eaglefinus）,
HS,3,030365,Coalfish (Pollachius virens),黑鳕（Pollachius virens）,
HS,3,030366,"Hake (Merluccius spp., Urophycis spp.)",无须鳕（Merluccius spp.、Urophycis spp.）,
HS,3,030367,Alaska pollock (Theragra chalcogramma),阿拉斯加狭鳕（Theragra chalcogramma）,
HS,3,030368,"Blue whiting (Micromesistius poutassou, Micromesistius australis)",蓝鳕（Micromesistius poutassou、Micromesistius australis）,
HS,3,030369,Other,其他,
HS,3,030371,"Sardines (Sardina pilchardus, Sardinops spp.), sardinella (Sardinella spp.), brisling or sprats (Sprattus sprattus)",沙丁鱼（Sardina pilchardus、Sardinops spp.）、沙丁鱼（Sardinella spp.）、刚毛鲱或鲱鱼（Sprattus sprattus）,
HS,3,030372,Haddock (Melanogrammus aeglefinus),黑线鳕（Melanogrammus eaglefinus）,
HS,3,030373,Coalfish (Pollachius virens),黑鳕（Pollachius virens）,
HS,3,030374,"Mackerel (Scomber scombrus, Scomber australasicus, Scomber japonicus)",鲭鱼（鲭鱼、澳洲鲭鱼、日本鲭鱼）,
HS,3,030375,Dogfish and other sharks,角鲨和其他鲨鱼,
HS,3,030376,Eels (Anguilla spp.),鳗鱼（鳗鲡属）,
HS,3,030377,"Sea bass (Dicentrarchus labrax, Dicentrarchus punctatus)",海鲈（Dicentrarchus labrax、Dicentrarchus punctatus）,
HS,3,030378,"Hake (Merluccius spp., Urophycis spp.)",无须鳕（Merluccius spp.、Urophycis spp.）,
HS,3,030379,Other,其他,
HS,3,030380,Livers and roes,肝脏和鱼子,
HS,3,030381,Dogfish and other sharks,角鲨和其他鲨鱼,
HS,3,030382,Rays and skates (Rajidae),鳐鱼和鳐鱼（Rajidae）,
HS,3,030383,Toothfish (Dissostichus spp.),齿鱼（Dissostichus spp.）,
HS,3,030384,Sea bass (Dicentrarchus spp.),海鲈鱼（Dicentrarchus spp.）,
HS,3,030389,Other,其他,
HS,3,030390,Livers and roes,肝脏和鱼子,
HS,3,030391,"Livers, roes and milt",肝脏、鱼子和鱼白,
HS,3,030392,Shark fins,鲨鱼鳍,
HS,3,030399,Other,其他,
HS,2,0304,"Fish fillets and other fish meat (whether or not minced), fresh, chilled or frozen.",鱼片和其他鱼肉（不论是否绞碎），新鲜的、冷藏的或冷冻的,
HS,3,030410,Fresh or chilled,新鲜或冷藏,
HS,3,030411,Swordfish (Xiphias gladius),剑鱼（Xiphias gladius）,
HS,3,030412,Toothfish (Dissostichus spp.),齿鱼（Dissostichus spp.）,
HS,3,030419,Other,其他,
HS,3,030420,Frozen fillets,冷冻鱼片,
HS,3,030421,Swordfish (Xiphias gladius),剑鱼（Xiphias gladius）,
HS,3,030422,Toothfish (Dissostichus spp.),齿鱼（Dissostichus spp.）,
HS,3,030429,Other,其他,
HS,3,030431,Tilapias (Oreochromis spp.),罗非鱼（Oreochromis spp.）,
HS,3,030432,"Catfish (Pangasius spp., Silurus spp., Clarias spp., Ictalurus spp.)",鲶鱼（鲶鱼属、鲶鱼属、鲶鱼属、鲶鱼属）,
HS,3,030433,Nile perch (Lates niloticus),尼罗河鲈鱼（Lates niloticus）,
HS,3,030439,Other,其他,
HS,3,030441,"Pacific salmon (Oncorhynchus nerka, Oncorhynchus gorbuscha, Oncorhynchus keta, Oncorhynchus tschawytscha, Oncorhynchus kisutch, Oncorhynchus masou and Oncorhynchus rhodurus), Atlantic salmon (Salmo salar) and Danube salmon (Hucho hucho)",太平洋鲑鱼（Oncorhynchus nerka、Oncorhynchus gorbuscha、Oncorhynchus keta、Oncorhynchus tschawytscha、Oncorhynchus kisutch、Oncorhynchus masou 和 Oncorhynchus rhodurus）、大西洋鲑鱼（Salmo salar）和多瑙河鲑鱼（Hucho hucho）,
HS,3,030442,"Trout (Salmo trutta, Oncorhynchus mykiss, Oncorhynchus clarki, Oncorhynchus aguabonita, Oncorhynchus gilae, Oncorhynchus apache and Oncorhynchus chrysogaster)",鳟鱼（鳟鱼、虹鳟、克拉克鳟、阿瓜博尼塔鳟、吉拉鳟、阿帕奇鳟和金腹鳟）,
HS,3,030443,"Flat fish (Pleuronectidae, Bothidae, Cynoglossidae, Soleidae, Scophthalmidae and Citharidae)",比目鱼（Pleuronectidae、Bothidae、Cynoglossidae、Soleidae、Scophylmidae 和 Citharidae）,
HS,3,030444,"Fish of the families Bregmacerotidae, Euclichthyidae, Gadidae, Macrouridae, Melanonidae, Merlucciidae, Moridae and Muraenolepididae",Bregmacerotidae、Euclichthyidae、Gadidae、Macrouridae、Melanonidae、Merlucciidae、Moridae 和 Muraenolepididae 科的鱼类,
HS,3,030445,Swordfish (Xiphias gladius),剑鱼（Xiphias gladius）,
HS,3,030446,Toothfish (Dissostichus spp.),齿鱼（Dissostichus spp.）,
HS,3,030447,Dogfish and other sharks,角鲨和其他鲨鱼,
HS,3,030448,Rays and skates (Rajidae),鳐鱼和鳐鱼（Rajidae）,
HS,3,030449,Other,其他,
HS,3,030451,"Tilapias (Oreochromis spp.), catfish (Pangasius spp., Silurus spp., Clarias spp., Ictalurus spp.), carp (Cyprinus spp., Carassius spp., Ctenopharyngodon idellus, Hypophthalmichthys spp., Cirrhinus spp., Mylopharyngodon piceus, Catla catla, Labeo spp.,",罗非鱼 (Oreochromis spp.)、鲶鱼 (Pangasius spp.、Silurus spp.、Clarias spp.、Ictalurus spp.)、鲤鱼 (Cyprinus spp.、Carassius spp.、Ctenopharyngodon idellus、Hypotropicmichthys spp.、Cirhinus spp.、Mylopharyngodon)云杉属、Catla catla、Labeo spp.、,
HS,3,030452,Salmonidae,鲑科,
HS,3,030453,"Fish of the families Bregmacerotidae, Euclichthyidae, Gadidae, Macrouridae, Melanonidae, Merlucciidae, Moridae and Muraenolepididae",Bregmacerotidae、Euclichthyidae、Gadidae、Macrouridae、Melanonidae、Merlucciidae、Moridae 和 Muraenolepididae 科的鱼类,
HS,3,030454,Swordfish (Xiphias gladius),剑鱼（Xiphias gladius）,
HS,3,030455,Toothfish (Dissostichus spp.),齿鱼（Dissostichus spp.）,
HS,3,030456,Dogfish and other sharks,角鲨和其他鲨鱼,
HS,3,030457,Rays and skates (Rajidae),鳐鱼和鳐鱼（Rajidae）,
HS,3,030459,Other,其他,
HS,3,030461,Tilapias (Oreochromis spp.),罗非鱼（Oreochromis spp.）,
HS,3,030462,"Catfish (Pangasius spp., Silurus spp., Clarias spp., Ictalurus spp.)",鲶鱼（鲶鱼属、鲶鱼属、鲶鱼属、鲶鱼属）,
HS,3,030463,Nile perch (Lates niloticus),尼罗河鲈鱼（Lates niloticus）,
HS,3,030469,Other,其他,
HS,3,030471,"Cod (Gadus morhua, Gadus ogac, Gadus macrocephalus)",鳕鱼（Gadus morhua、Gadus ogac、Gadus macrocephalus）,
HS,3,030472,Haddock (Melanogrammus aeglefinus),黑线鳕（Melanogrammus eaglefinus）,
HS,3,030473,Coalfish (Pollachius virens),黑鳕（Pollachius virens）,
HS,3,030474,"Hake (Merluccius spp., Urophycis spp.)",无须鳕（Merluccius spp.、Urophycis spp.）,
HS,3,030475,Alaska pollock (Theragra chalcogramma),阿拉斯加狭鳕（Theragra chalcogramma）,
HS,3,030479,Other,其他,
HS,3,030481,"Pacific salmon (Oncorhynchus nerka, Oncorhynchus gorbuscha, Oncorhynchus keta, Oncorhynchus tschawytscha, Oncorhynchus kisutch, Oncorhynchus masou and Oncorhynchus rhodurus), Atlantic salmon (Salmo salar) and Danube salmon (Hucho hucho)",太平洋鲑鱼（Oncorhynchus nerka、Oncorhynchus gorbuscha、Oncorhynchus keta、Oncorhynchus tschawytscha、Oncorhynchus kisutch、Oncorhynchus masou 和 Oncorhynchus rhodurus）、大西洋鲑鱼（Salmo salar）和多瑙河鲑鱼（Hucho hucho）,
HS,3,030482,"Trout (Salmo trutta, Oncorhynchus mykiss, Oncorhynchus clarki, Oncorhynchus aguabonita, Oncorhynchus gilae, Oncorhynchus apache and Oncorhynchus chrysogaster)",鳟鱼（鳟鱼、虹鳟、克拉克鳟、阿瓜博尼塔鳟、吉拉鳟、阿帕奇鳟和金腹鳟）,
HS,3,030483,"Flat fish (Pleuronectidae, Bothidae, Cynoglossidae, Soleidae, Scophthalmidae and Citharidae)",比目鱼（Pleuronectidae、Bothidae、Cynoglossidae、Soleidae、Scophylmidae 和 Citharidae）,
HS,3,030484,Swordfish (Xiphias gladius),剑鱼（Xiphias gladius）,
HS,3,030485,Toothfish (Dissostichus spp.),齿鱼（Dissostichus spp.）,
HS,3,030486,"Herrings (Clupea harengus, Clupea pallasii)",鲱鱼（Clupea harengus、Clupea pallasii）,
HS,3,030487,"Tuna (of the genus Thunnus), skipjack or stripe-bellied bonito (Euthynnus (Katsuwonus) pelamis)",金枪鱼（金枪鱼属）、鲣鱼或条纹腹鲣鱼 (Euthynnus (Katsuwonus) pelamis),
HS,3,030488,"Dogfish, other sharks, rays and skates (Rajidae)",角鲨、其他鲨鱼、鳐鱼和鳐鱼（Rajidae）,
HS,3,030489,Other,其他,
HS,3,030490,Other,其他,
HS,3,030491,Swordfish (Xiphias gladius),剑鱼（Xiphias gladius）,
HS,3,030492,Toothfish (Dissostichus spp.),齿鱼（Dissostichus spp.）,
HS,3,030493,"Tilapias (Oreochromis spp.), catfish (Pangasius spp., Silurus spp., Clarias spp., Ictalurus spp.), carp (Cyprinus spp., Carassius spp., Ctenopharyngodon idellus, Hypophthalmichthys spp., Cirrhinus spp., Mylopharyngodon piceus, Catla catla, Labeo spp.,",罗非鱼 (Oreochromis spp.)、鲶鱼 (Pangasius spp.、Silurus spp.、Clarias spp.、Ictalurus spp.)、鲤鱼 (Cyprinus spp.、Carassius spp.、Ctenopharyngodon idellus、Hypotropicmichthys spp.、Cirhinus spp.、Mylopharyngodon)云杉属、Catla catla、Labeo spp.、,
HS,3,030494,Alaska pollock (Theragra chalcogramma),阿拉斯加狭鳕（Theragra chalcogramma）,
HS,3,030495,"Fish of the families Bregmacerotidae, Euclichthyidae, Gadidae, Macrouridae, Melanonidae, Merlucciidae, Moridae and Muraenolepididae, other than Alaska pollock (Theragra chalcogramma)",狭鳕科、真鳕科、鳕科、长尾鳕科、黑鳕科、无须鳕科、海鳕科和海鞘科的鱼类，阿拉斯加狭鳕（Theragra chalcogramma）除外,
HS,3,030496,Dogfish and other sharks,角鲨和其他鲨鱼,
HS,3,030497,Rays and skates (Rajidae),鳐鱼和鳐鱼（Rajidae）,
HS,3,030499,Other,其他,
HS,2,0305,"Fish, dried, salted or in brine; smoked fish, whether or not cooked before or during the smoking process; flours, meals and pellets of fish, fit for human consumption.",干鱼、盐腌鱼或盐水鱼；熏鱼，不论在熏制前或熏制过程中是否煮过；适合人类食用的鱼粉、鱼粉和鱼粒,
HS,3,030510,"Flours, meals and pellets of fish, fit for human consumption",适合人类食用的鱼粉、鱼粉和鱼粒,
HS,3,030520,"Livers, roes and milt of fish, dried, smoked, salted or in brine",鱼肝、鱼子及鱼白，干制、熏制、腌制或盐水浸泡,
HS,3,030530,"Fish fillets, dried, salted or in brine, but not smoked",鱼片，干制、盐腌或盐水浸泡，但非熏制,
HS,3,030531,"Tilapias (Oreochromis spp.), catfish (Pangasius spp., Silurus spp., Clarias spp., Ictalurus spp.), carp (Cyprinus spp., Carassius spp., Ctenopharyngodon idellus, Hypophthalmichthys spp., Cirrhinus spp., Mylopharyngodon piceus, Catla catla, Labeo spp.,",罗非鱼 (Oreochromis spp.)、鲶鱼 (Pangasius spp.、Silurus spp.、Clarias spp.、Ictalurus spp.)、鲤鱼 (Cyprinus spp.、Carassius spp.、Ctenopharyngodon idellus、Hypotropicmichthys spp.、Cirhinus spp.、Mylopharyngodon)云杉属、Catla catla、Labeo spp.、,
HS,3,030532,"Fish of the families Bregmacerotidae, Euclichthyidae, Gadidae, Macrouridae, Melanonidae, Merlucciidae, Moridae and Muraenolepididae",Bregmacerotidae、Euclichthyidae、Gadidae、Macrouridae、Melanonidae、Merlucciidae、Moridae 和 Muraenolepididae 科的鱼类,
HS,3,030539,Other,其他,
HS,3,030541,"Pacific salmon (Oncorhynchus nerka, Oncorhynchus gorbuscha, Oncorhynchus keta, Oncorhynchus tschawytscha, Oncorhynchus kisutch, Oncorhynchus masou and Oncorhynchus rhodurus), Atlantic salmon (Salmo salar) and Danube salmon (Hucho hucho)",太平洋鲑鱼（Oncorhynchus nerka、Oncorhynchus gorbuscha、Oncorhynchus keta、Oncorhynchus tschawytscha、Oncorhynchus kisutch、Oncorhynchus masou 和 Oncorhynchus rhodurus）、大西洋鲑鱼（Salmo salar）和多瑙河鲑鱼（Hucho hucho）,
HS,3,030542,"Herrings (Clupea harengus, Clupea pallasii)",鲱鱼（Clupea harengus、Clupea pallasii）,
HS,3,030543,"Trout (Salmo trutta, Oncorhynchus mykiss, Oncorhynchus clarki, Oncorhynchus aguabonita, Oncorhynchus gilae, Oncorhynchus apache and Oncorhynchus chrysogaster)",鳟鱼（鳟鱼、虹鳟、克拉克鳟、阿瓜博尼塔鳟、吉拉鳟、阿帕奇鳟和金腹鳟）,
HS,3,030544,"Tilapias (Oreochromis spp.), catfish (Pangasius spp., Silurus spp., Clarias spp., Ictalurus spp carp (Cyprinus spp., Carassius spp., Ctenopharyngodon idellus, Hypophthalmichthys spp., Cirrhinus spp., Mylopharyngodon piceus, Catla catla, Labeo spp., Ost","罗非鱼 (Oreochromis spp.)、鲶鱼 (Pangasius spp.、Silurus spp.、Clarias spp.、Ictalurus spp.)、鲤鱼 (Cyprinus spp.、Carassius spp.、Ctenopharyngodon idellus、Hypotropicmichthys spp.、Cirhinus spp.、Mylopharyngodon)云杉属, Catla catla, Labeo spp., Ost",
HS,3,030549,Other,其他,
HS,3,030551,"Cod (Gadus morhua, Gadus ogac, Gadus macrocephalus)",鳕鱼（Gadus morhua、Gadus ogac、Gadus macrocephalus）,
HS,3,030552,"Tilapias (Oreochromis spp.), catfish (Pangasius spp., Silurus spp., Clarias spp., Ictalurus spp), carp (Cyprinus spp., Carassius spp., Ctenopharyngodon idellus, Hypophthalmichthys spp., Cirrhinus spp., Mylopharyngodon piceus, Catla catla, Labeo spp.,",罗非鱼 (Oreochromis spp.)、鲶鱼 (Pangasius spp.、鲶鱼 spp.、Clarias spp.、Ictalurus spp.)、鲤鱼 (Cyprinus spp.、Carassius spp.、Ctenopharyngodon idellus、Hypotropicmichthys spp.、Cirhinus spp.、Mylopharyngodon piceus、 Catla catla，Labeo spp.，,
HS,3,030553,"Fish of the families Bregmacerotidae, Euclichthyidae, Gadidae, Macrouridae, Melanonidae, Merlucciidae, Moridae and Muraenolepididae, other than cod (Gadus morhua, Gadus ogac, Gadus macrocephalus)",Bregmacerotidae、Euclichthyidae、Gadidae、Macrouridae、Melanonidae、Merlucciidae、Moridae 和 Muraenolepididae 科的鱼类，除鳕鱼外（Gadus morhua、Gadus ogac、Gadus macrocephalus）,
HS,3,030554,"Herrings (Clupea harengus, Clupea pallasii), anchovies (Engraulis spp.), sardines (Sardina pilchardus, Sardinops spp.), sardinella (Sardinella spp.), brisling or sprats (Sprattus sprattus), mackerel (Scomber scombrus, Scomber australasicus, Scomber jap",鲱鱼（Clupea harengus、Clupea pallasii）、凤尾鱼（Engraulis spp.）、沙丁鱼（Sardina pilchardus、Sardinops spp.）、沙丁鱼（Sardinella spp.）、鲱鱼或西鲱（Sprattus sprattus）、鲭鱼（Scomber scombrus、Sscomber australasicus）鲭鱼日本人,
HS,3,030559,Other,其他,
HS,3,030561,"Herrings (Clupea harengus, Clupea pallasii)",鲱鱼（Clupea harengus、Clupea pallasii）,
HS,3,030562,"Cod (Gadus morhua, Gadus ogac, Gadus macrocephalus)",鳕鱼（Gadus morhua、Gadus ogac、Gadus macrocephalus）,
HS,3,030563,Anchovies (Engraulis spp.),凤尾鱼（Engraulis spp.）,
HS,3,030564,"Tilapias (Oreochromis spp.), catfish (Pangasius spp., Silurus spp., Clarias spp., Ictalurus spp.), carp (Cyprinus spp., Carassius spp., Ctenopharyngodon idellus, Hypophthalmichthys spp., Cirrhinus spp., Mylopharyngodon piceus, Catla catla, Labeo spp.,",罗非鱼 (Oreochromis spp.)、鲶鱼 (Pangasius spp.、Silurus spp.、Clarias spp.、Ictalurus spp.)、鲤鱼 (Cyprinus spp.、Carassius spp.、Ctenopharyngodon idellus、Hypotropicmichthys spp.、Cirhinus spp.、Mylopharyngodon)云杉属、Catla catla、Labeo spp.、,
HS,3,030569,Other,其他,
HS,3,030571,Shark fins,鲨鱼鳍,
HS,3,030572,"Fish heads, tails and maws",鱼头、鱼尾和鱼肚,
HS,3,030579,Other,其他,
HS,2,0306,"Crustaceans, whether in shell or not, live, fresh, chilled, frozen, dried, salted or in brine; smoked crustaceans, whether in shell or not, whether or not cooked before or during the smoking process; crustaceans, in shell, cooked by steaming or by boiling",甲壳类动物，无论有壳与否，活的、新鲜的、冷藏的、冷冻的、干的、盐腌的或盐水腌制的；熏制的甲壳类动物，无论有壳与否，无论在熏制之前或熏制过程中是否煮过；带壳的甲壳类动物，通过蒸或煮的方式烹制,
HS,3,030611,"Rock lobster and other sea crawfish (Palinurus spp., Panulirus spp., Jasus spp.)",岩龙虾和其他海螯虾（Palinurus spp.、Panulirus spp.、Jasus spp.）,
HS,3,030612,Lobsters (Homarus spp.),龙虾（Homarus spp.）,
HS,3,030613,Shrimps and prawns,虾和对虾,
HS,3,030614,Crabs,螃蟹,
HS,3,030615,Norway lobsters (Nephrops norvegicus),挪威龙虾（Nephrops norvegicus）,
HS,3,030616,"Cold-water shrimps and prawns (Pandalus spp., Crangon crangon)",冷水虾和对虾（Pandalus spp.、Crangon crangon）,
HS,3,030617,Other shrimps and prawns,其他虾类,
HS,3,030619,"Other, including flours, meals and pellets of crustaceans, fit for human consumption",其他，包括适合人类食用的甲壳类动物的粉、粗粉和颗粒,
HS,3,030621,"Rock lobster and other sea crawfish (Palinurus spp., Panulirus spp., Jasus spp.)",岩龙虾和其他海螯虾（Palinurus spp.、Panulirus spp.、Jasus spp.）,
HS,3,030622,Lobsters (Homarus spp.),龙虾（Homarus spp.）,
HS,3,030623,Shrimps and prawns,虾和对虾,
HS,3,030624,Crabs,螃蟹,
HS,3,030625,Norway lobsters (Nephrops norvegicus),挪威龙虾（Nephrops norvegicus）,
HS,3,030626,"Cold-water shrimps and prawns (Pandalus spp., Crangon crangon)",冷水虾和对虾（Pandalus spp.、Crangon crangon）,
HS,3,030627,Other shrimps and prawns,其他虾类,
HS,3,030629,"Other, including flours, meals and pellets of crustaceans, fit for human consumption",其他，包括适合人类食用的甲壳类动物的粉、粗粉和颗粒,
HS,3,030631,"Rock lobster and other sea crawfish (Palinurus spp., Panulirus spp., Jasus spp.)",岩龙虾和其他海螯虾（Palinurus spp.、Panulirus spp.、Jasus spp.）,
HS,3,030632,Lobsters (Homarus spp.),龙虾（Homarus spp.）,
HS,3,030633,Crabs,螃蟹,
HS,3,030634,Norway lobsters (Nephrops norvegicus),挪威龙虾（Nephrops norvegicus）,
HS,3,030635,"Cold-water shrimps and prawns (Pandalus spp., Crangon crangon)",冷水虾和对虾（Pandalus spp.、Crangon crangon）,
HS,3,030636,Other shrimps and prawns,其他虾类,
HS,3,030639,"Other, including flours, meals and pellets of crustaceans, fit for human consumption",其他，包括适合人类食用的甲壳类动物的粉、粗粉和颗粒,
HS,3,030691,"Rock lobster and other sea crawfish (Palinurus spp., Panulirus spp., Jasus spp.)",岩龙虾和其他海螯虾（Palinurus spp.、Panulirus spp.、Jasus spp.）,
HS,3,030692,Lobsters (Homarus spp.),龙虾（Homarus spp.）,
HS,3,030693,Crabs,螃蟹,
HS,3,030694,Norway lobsters (Nephrops norvegicus),挪威龙虾（Nephrops norvegicus）,
HS,3,030695,Shrimps and prawns,虾和对虾,
HS,3,030699,"Other, including flours, meals and pellets of crustaceans, fit for human consumption",其他，包括适合人类食用的甲壳类动物的粉、粗粉和颗粒,
HS,2,0307,"Molluscs, whether in shell or not, live, fresh, chilled, frozen, dried, salted or in brine; smoked molluscs, whether in shell or not, whether or not cooked before or during the smoking process; flours, meals and pellets of molluscs, fit for human consumpt",软体动物，无论有壳与否，活的、新鲜的、冷藏的、冷冻的、干的、盐腌的或盐水腌制的；熏制的软体动物，无论有壳与否，无论在熏制之前或熏制过程中是否煮熟；适合人类食用的软体动物粉、粗粉和颗粒,
HS,3,030710,Oysters,牡蛎,
HS,3,030711,"Live, fresh or chilled",活的、新鲜的或冷藏的,
HS,3,030712,Frozen,《冰雪奇缘》,
HS,3,030719,Other,其他,
HS,3,030721,"Live, fresh or chilled",活的、新鲜的或冷藏的,
HS,3,030722,Frozen,《冰雪奇缘》,
HS,3,030729,Other,其他,
HS,3,030731,"Live, fresh or chilled",活的、新鲜的或冷藏的,
HS,3,030732,Frozen,《冰雪奇缘》,
HS,3,030739,Other,其他,
HS,3,030741,"Live, fresh or chilled",活的、新鲜的或冷藏的,
HS,3,030742,"Live, fresh or chilled",活的、新鲜的或冷藏的,
HS,3,030743,Frozen,《冰雪奇缘》,
HS,3,030749,Other,其他,
HS,3,030751,"Live, fresh or chilled",活的、新鲜的或冷藏的,
HS,3,030752,Frozen,《冰雪奇缘》,
HS,3,030759,Other,其他,
HS,3,030760,"Snails, other than sea snails",除海螺以外的蜗牛,
HS,3,030771,"Live, fresh or chilled",活的、新鲜的或冷藏的,
HS,3,030772,Frozen,《冰雪奇缘》,
HS,3,030779,Other,其他,
HS,3,030781,"Live, fresh or chilled abalone (Haliotis spp.)",活、鲜或冷的鲍鱼（Haliotis spp.）,
HS,3,030782,"Live, fresh or chilled stromboid conchs (Strombus spp.)",活、鲜或冷的凤尾螺（Strombus spp.）,
HS,3,030783,Frozen abalone (Haliotis spp.),冷冻鲍鱼（Haliotis spp.）,
HS,3,030784,Frozen stromboid conchs (Strombus spp.),冷冻凤尾螺（Strombus spp.）,
HS,3,030787,Other abalone (Haliotis spp.),其他鲍鱼（Haliotis spp.）,
HS,3,030788,Other stromboid conchs (Strombus spp.),其他凤头海螺（Strombus spp.）,
HS,3,030789,Other,其他,
HS,3,030791,"Live, fresh or chilled",活的、新鲜的或冷藏的,
HS,3,030792,Frozen,《冰雪奇缘》,
HS,3,030799,Other,其他,
HS,2,0308,"Aquatic invertebrates other than crustaceans and molluscs, live, fresh, chilled, frozen, dried, salted or in brine; smoked aquatic invertebrates other than crustaceans and molluscs, whether or not cooked before or during the smoking process; flours, meals",除甲壳类和软体动物以外的水生无脊椎动物，活的、新鲜的、冷藏的、冷冻的、干的、盐腌的或盐水腌制的；除甲壳类和软体动物以外的烟熏水生无脊椎动物，不论在烟熏之前或烟熏过程中是否煮过；面粉、粗粉,
HS,3,030811,"Live, fresh or chilled",活的、新鲜的或冷藏的,
HS,3,030812,Frozen,《冰雪奇缘》,
HS,3,030819,Other,其他,
HS,3,030821,"Live, fresh or chilled",活的、新鲜的或冷藏的,
HS,3,030822,Frozen,《冰雪奇缘》,
HS,3,030829,Other,其他,
HS,3,030830,Jellyfish (Rhopilema spp.),水母（Rhopilema spp.）,
HS,3,030890,Other,其他,
HS,2,0309,"Flours, meals and pellets of fish, crustaceans, molluscs and other aquatic invertebrates, fit for human consumption",适合人类食用的鱼、甲壳类动物、软体动物和其他水生无脊椎动物的面粉、粗粉和颗粒,
HS,3,030910,"Flours, meals and pellets of fish, fit for human consumption",适合人类食用的鱼粉、鱼粉和鱼粒,
HS,3,030990,"Flours, meals and pellets of crustaceans, molluscs and other aquatic invertebrates, fit for human consumption",适合人类食用的甲壳类动物、软体动物和其他水生无脊椎动物的面粉、粗粉和颗粒,
HS,1,04,"DAIRY PRODUCE; BIRDS' EGGS; NATURAL HONEY; EDIBLE PRODUCTS OF ANIMAL ORIGIN, NOT ELSEWHERE SPECIFIED OR INCLUDED",乳制品；鸟蛋；天然蜂蜜；未在其他地方指定或包括的动物源性可食用产品,
HS,2,0401,"Milk and cream, not concentrated nor containing added sugar or other sweetening matter.",未浓缩、未添加糖或其他甜味物质的牛奶和奶油,
HS,3,040110,"Of a fat content, by weight, not exceeding 1 %",按重量计，脂肪含量不超过1%,
HS,3,040120,"Of a fat content, by weight, exceeding 1 % but not exceeding 6 %",按重量计，脂肪含量超过 1% 但不超过 6%,
HS,3,040130,"Of a fat content, by weight, exceeding 6%",按重量计脂肪含量超过6%,
HS,3,040140,"Of a fat content, by weight, exceeding 6 % but not exceeding 10 %",按重量计，脂肪含量超过 6% 但不超过 10%,
HS,3,040150,"Of a fat content, by weight, exceeding 10 %",按重量计脂肪含量超过 10%,
HS,2,0402,"Milk and cream, concentrated or containing added sugar or other sweetening matter.",浓缩的或添加糖或其他甜味物质的牛奶和奶油,
HS,3,040210,"In powder, granules or other solid forms, of a fat content, by weight, not exceeding 1,5 %",粉末、颗粒或其他固体形式，脂肪含量按重量不超过 1.5%,
HS,3,040221,Not containing added sugar or other sweetening matter,不含添加糖或其他甜味物质,
HS,3,040229,Other,其他,
HS,3,040291,Not containing added sugar or other sweetening matter,不含添加糖或其他甜味物质,
HS,3,040299,Other,其他,
HS,2,0403,"Buttermilk, curdled milk and cream, yogurt, kephir and other fermented or acidified milk and cream, whether or not concentrated or containing added sugar or other sweetening matter or flavoured or containing added fruit, nuts or cocoa.",酪乳、凝乳及奶油、酸奶、酸乳酒及其他发酵或酸化的乳和奶油，不论是否浓缩、是否添加糖或其他甜物质、是否调味、是否添加水果、坚果或可可,
HS,3,040310,Yogurt,酸奶,
HS,3,040320,"Dairy produce; yoghurt, whether or not concentrated or containing added sugar or other sweetening matter or flavoured or containing added fruit, nuts or cocoa",乳制品；酸奶，无论是否浓缩或添加糖或其他甜味物质或调味或添加水果、坚果或可可,
HS,3,040390,Other,其他,
HS,2,0404,"Whey, whether or not concentrated or containing added sugar or other sweetening matter; products consisting of natural milk constituents, whether or not containing added sugar or other sweetening matter, not elsewhere specified or included.",乳清，无论是否浓缩或含有添加的糖或其他甜物质；由天然乳成分组成的产品，无论是否含有添加的糖或其他甜物质，未在其他地方指定或包括,
HS,3,040410,"Whey and modified whey, whether or not concentrated or containing added sugar or other sweetening matter",乳清和改性乳清，无论是否浓缩或含有添加糖或其他甜味物质,
HS,3,040490,Other,其他,
HS,2,0405,Butter and other fats and oils derived from milk; dairy spreads.,黄油和其他从牛奶中提取的脂肪和油；乳制品酱,
HS,3,040500,Butter and other fats and oils derived from milk,黄油和其他来自牛奶的脂肪和油,
HS,3,040510,Butter,黄油,
HS,3,040520,Dairy spreads,乳制品涂抹酱,
HS,3,040590,Other,其他,
HS,2,0406,Cheese and curd.,奶酪和凝乳,
HS,3,040610,"Fresh (unripened or uncured) cheese, including whey cheese, and curd",新鲜（未成熟或未固化）奶酪，包括乳清奶酪和凝乳,
HS,3,040620,"Grated or powdered cheese, of all kinds",各种磨碎或粉状的奶酪,
HS,3,040630,"Processed cheese, not grated or powdered",加工奶酪，非磨碎或粉末,
HS,3,040640,Blue-veined cheese and other cheese containing veins produced by Penicillium roqueforti,蓝纹奶酪和其他含有青霉菌产生的纹路的奶酪,
HS,3,040690,Other cheese,其他奶酪,
HS,2,0407,"Birds' eggs, in shell, fresh, preserved or cooked.",带壳鸟蛋，新鲜、腌制或煮熟的,
HS,3,040700,"Birds' eggs, in shell, fresh, preserved or cooked.",带壳鸟蛋，新鲜、腌制或煮熟的,
HS,3,040711,Of fowls of the species Gallus domesticus,家鸡,
HS,3,040719,Other,其他,
HS,3,040721,Of fowls of the species Gallus domesticus,家鸡,
HS,3,040729,Other,其他,
HS,3,040790,Other,其他,
HS,2,0408,"Birds' eggs, not in shell, and egg yolks, fresh, dried, cooked by steaming or by boiling in water, moulded, frozen or otherwise preserved, whether or not containing added sugar or other sweetening matter.",去壳鸟蛋及蛋黄，新鲜、干制、蒸煮、水煮、模制、冷冻或以其他方式保存，不论是否添加糖或其他甜物质,
HS,3,040811,Dried,干的,
HS,3,040819,Other,其他,
HS,3,040891,Dried,干的,
HS,3,040899,Other,其他,
HS,2,0409,Natural honey.,天然蜂蜜,
HS,3,040900,Natural honey,天然蜂蜜,
HS,2,0410,"Edible products of animal origin, not elsewhere specified or included.",未在其他地方指定或包括的可食用动物产品,
HS,3,041000,"Edible products of animal origin, not elsewhere specified or included",未在其他地方列明或包括的动物源性食用产品,
HS,3,041010,Animal products; insects,动物产品；昆虫,
HS,3,041090,"Animal products; edible products of animal origin, not elsewhere specified or included, other than insects",动物产品；未在其他地方列明或包括的动物源性食用产品（昆虫除外）,
HS,1,05,"PRODUCTS OF ANIMAL ORIGIN, NOT ELSEWHERE SPECIFIED OR INCLUDED",未在其他地方指定或包括的动物源性产品,
HS,2,0501,"Human hair, unworked, whether or not washed or scoured; waste of human hair.",未加工的人发，不论是否清洗或擦洗；人发废料,
HS,3,050100,"Human hair, unworked, whether or not washed or scoured; waste of human hair",未经加工的人发，不论是否清洗或擦洗；人发废料,
HS,2,0502,"Pigs', hogs' or boars' bristles and hair; badger hair and other brush making hair; waste of such bristles or hair.",猪、猪或野猪的鬃毛和毛发；獾毛和其他制刷毛；此类鬃毛或毛发的废料,
HS,3,050210,"Pigs', hogs' or boars' bristles and hair and waste thereof",猪、猪或野猪的鬃毛和毛发及其废料,
HS,3,050290,Other,其他,
HS,2,0503,"Horsehair and horsehair waste, whether or not put up as a layer, with or without supporting material",马毛及马毛废料，不论是否铺层，有无支撑材料,
HS,3,050300,"Horsehair and horsehair waste, whether or not put up as a layer with or without supporting material.",马毛及马毛废料，不论是否铺成一层，有无支撑材料,
HS,2,0504,"Guts, bladders and stomachs of animals (other than fish), whole and pieces thereof, fresh, chilled, frozen, salted, in brine, dried or smoked.",动物（鱼类除外）的内脏、膀胱和胃，整个或切块，新鲜的、冷藏的、冷冻的、盐腌的、盐水浸泡的、干燥的或熏制的,
HS,3,050400,"Guts, bladders and stomachs of animals (other than fish), whole and pieces thereof, fresh, chilled, frozen, salted, in brine, dried or smoked",动物的内脏、膀胱和胃（鱼类除外），整个或切块，新鲜、冷藏、冷冻、盐渍、盐水腌制、干燥或熏制,
HS,2,0505,"Skins and other parts of birds, with their feathers or down, feathers and parts of feathers (whether or not with trimmed edges) and down, not further worked than cleaned, disinfected or treated for preservation; powder and waste of feathers or parts of fe",鸟类的皮毛及其他部分，连同羽毛或绒毛，羽毛及部分羽毛（不论边缘是否修剪）及绒毛，除清洁、消毒或为保存而进行的处理外，未进一步加工；羽毛或部分羽毛的粉末及废料,
HS,3,050510,Feathers of a kind used for stuffing; down,用于填充的一种羽毛；绒毛,
HS,3,050590,Other,其他,
HS,2,0506,"Bones and horn-cores, unworked, defatted, simply prepared (but not cut to shape), treated with acid or degelatinised; powder and waste of these products.",骨头和角核，未经加工、脱脂、简单处理（但未切割成形状）、用酸处理或脱胶质；这些产品的粉末和废料,
HS,3,050610,Ossein and bones treated with acid,用酸处理的骨胶原和骨头,
HS,3,050690,Other,其他,
HS,2,0507,"Ivory, tortoise-shell, whalebone and whalebone hair, horns, antlers, hooves, nails, claws and beaks, unworked or simply prepared but not cut to shape; powder and waste of these products.",象牙、玳瑁、鲸须、鲸须毛、角、鹿角、蹄、指甲、爪和喙，未加工或简单准备但未切割成形；这些产品的粉末和废料,
HS,3,050710,Ivory; ivory powder and waste,象牙；象牙粉及废料,
HS,3,050790,Other,其他,
HS,2,0508,"Coral and similar materials, unworked or simply prepared but not otherwise worked; shells of molluscs, crustaceans or echinoderms and cuttle-bone, unworked or simply prepared but not cut to shape, powder and waste thereof.",珊瑚及类似材料，未加工或简单加工但未经过其他加工；软体动物、甲壳类动物或棘皮动物的壳和乌贼骨，未加工或简单加工但未切割成形，其粉末及废料,
HS,3,050800,"Coral and similar materials, unworked or simply prepared but not otherwise worked; shells of molluscs, crustaceans or echinoderms and cuttle-bone, unworked or simply prepared but not cut to shape, powder and waste thereof",珊瑚及类似材料，未加工或简单加工但未经过其他加工；软体动物、甲壳类动物或棘皮动物的壳和乌贼骨，未加工或简单加工但未切割成形，其粉末及废料,
HS,2,0509,Natural sponges of animal origin,动物源天然海绵,
HS,3,050900,Natural sponges of animal origin.,源自动物的天然海绵,
HS,2,0510,"Ambergris, castoreum, civet and musk; cantharides; bile, whether or not dried; glands and other animal products used in the preparation of pharmaceutical products, fresh, chilled, frozen or otherwise provisionally preserved.",龙涎香、海狸香、灵猫香和麝香；斑蝥；胆汁，不论是否干燥；用于制备药品的腺体和其他动物产品，新鲜、冷藏、冷冻或以其他方式暂时保存,
HS,3,051000,"Ambergris, castoreum, civet and musk; cantharides; bile, whether or not dried; glands and other animal products used in the preparation of pharmaceutical products, fresh, chilled, frozen or otherwise provisionally preserved",龙涎香、海狸香、灵猫香和麝香；斑蝥；胆汁，不论是否干燥；用于制备药品的腺体和其他动物产品，新鲜、冷藏、冷冻或以其他方式暂时保存,
HS,2,0511,"Animal products not elsewhere specified or included; dead animals of Chapter 1 or 3, unfit for human consumption.",未在其他地方列明或包括的动物产品；第 1 章或第 3 章中的死动物，不适合人类食用,
HS,3,051110,Bovine semen,牛精液,
HS,3,051191,"Products of fish or crustaceans, molluscs or other aquatic invertebrates; dead animals of Chapter 3",鱼类、甲壳类、软体动物或其他水生无脊椎动物的产品；第三章的死动物,
HS,3,051199,Other,其他,
HS,1,06,"LIVE TREES AND OTHER PLANTS; BULBS, ROOTS AND THE LIKE; CUT FLOWERS AND ORNAMENTAL FOLIAGE",活树及其他植物；球茎、根类植物及类似物；切花及观赏叶,
HS,2,0601,"Bulbs, tubers, tuberous roots, corms, crowns and rhizomes, dormant, in growth or in flower; chicory plants and roots other than roots of heading 12.12.",鳞茎、块茎、块根、球茎、冠和根茎，休眠、生长或开花状态；菊苣植物及根，但税目 12.12 的根除外,
HS,3,060110,"Bulbs, tubers, tuberous roots, corms, crowns and rhizomes, dormant",球茎、块茎、块根、球茎、冠和根茎，休眠,
HS,3,060120,"Bulbs, tubers, tuberous roots, corms, crowns and rhizomes, in growth or in flower; chicory plants and roots",生长中或开花中的球茎、块茎、块根、球茎、冠和根茎；菊苣植物和根,
HS,2,0602,"Other live plants (including their roots), cuttings and slips; mushroom spawn.",其他活植物（包括其根）、插枝和插穗；蘑菇菌种,
HS,3,060210,Unrooted cuttings and slips,无根插枝,
HS,3,060220,"Trees, shrubs and bushes, grafted or not, of kinds which bear edible fruit or nuts",树木、灌木和灌木丛，无论是否嫁接，均可结出可食用的果实或坚果,
HS,3,060230,"Rhododendrons and azaleas, grafted or not",杜鹃花和映山红，无论是否嫁接,
HS,3,060240,"Roses, grafted or not",玫瑰，无论嫁接与否,
HS,3,060290,Other,其他,
HS,3,060291,Mushroom spawn,蘑菇菌种,
HS,3,060299,Other,其他,
HS,2,0603,"Cut flowers and flower buds of a kind suitable for bouquets or for ornamental purposes, fresh, dried, dyed, bleached, impregnated or otherwise prepared.",适合制作花束或装饰用途的切花和花蕾，无论是新鲜的、干燥的、染色的、漂白的、浸渍的还是其他方式制备的,
HS,3,060310,Fresh,新鲜的,
HS,3,060311,Roses,玫瑰,
HS,3,060312,Carnations,康乃馨,
HS,3,060313,Orchids,兰花,
HS,3,060314,Chrysanthemums,菊花,
HS,3,060315,Lilies (Lilium spp.),百合（Lilium spp.）,
HS,3,060319,Other,其他,
HS,3,060390,Other,其他,
HS,2,0604,"Foliage, branches and other parts of plants, without flowers or flower buds, and grasses, mosses and lichens, being goods of a kind suitable for bouquets or for ornamental purposes, fresh, dried, dyed, bleached, impregnated or otherwise prepared.",植物的叶子、树枝和其他部分（不带花或花蕾）以及草、苔藓和地衣，适用于花束或装饰目的的货物，新鲜的、干燥的、染色的、漂白的、浸渍的或以其他方式制备的,
HS,3,060410,Mosses and lichens,苔藓和地衣,
HS,3,060420,Fresh,新鲜的,
HS,3,060490,Other,其他,
HS,3,060491,Fresh,新鲜的,
HS,3,060499,Other,其他,
HS,1,07,EDIBLE VEGETABLES AND CERTAIN ROOTS AND TUBERS,食用蔬菜和某些根茎类植物,
HS,2,0701,"Potatoes, fresh or chilled.",土豆，新鲜或冷藏,
HS,3,070110,Seed,种子,
HS,3,070190,Other,其他,
HS,2,0702,"Tomatoes, fresh or chilled.",西红柿，新鲜或冷藏,
HS,3,070200,"Tomatoes, fresh or chilled",西红柿，新鲜或冷藏,
HS,2,0703,"Onions, shallots, garlic, leeks and other alliaceous vegetables, fresh or chilled.",洋葱、青葱、大蒜、韭菜和其他葱属蔬菜，新鲜或冷藏,
HS,3,070310,Onions and shallots,洋葱和红葱,
HS,3,070320,Garlic,蒜,
HS,3,070390,Leeks and other alliaceous vegetables,韭菜和其他葱属蔬菜,
HS,2,0704,"Cabbages, cauliflowers, kohlrabi, kale and similar edible brassicas, fresh or chilled.",卷心菜、花椰菜、苤蓝、羽衣甘蓝和类似的可食用芸苔属植物，新鲜或冷藏,
HS,3,070410,Cauliflowers and headed broccoli,花椰菜和西兰花,
HS,3,070420,Brussels sprouts,抱子甘蓝,
HS,3,070490,Other,其他,
HS,2,0705,"Lettuce (Lactuca sativa) and chicory (Cichorium spp.), fresh or chilled.",生菜（Lactuca sativa）和菊苣（Cichorium spp.），新鲜或冷藏,
HS,3,070511,Cabbage lettuce (head lettuce),球生菜（结球生菜）,
HS,3,070519,Other,其他,
HS,3,070521,Witloof chicory (Cichorium intybus var. foliosum),Witloof 菊苣 (Cichorium intybus var. foliosum),
HS,3,070529,Other,其他,
HS,2,0706,"Carrots, turnips, salad beetroot, salsify, celeriac, radishes and similar edible roots, fresh or chilled.",胡萝卜、芜菁、沙拉甜菜根、婆罗门参、芹菜根、小萝卜和类似的可食用根茎，新鲜或冷藏,
HS,3,070610,Carrots and turnips,胡萝卜和芜菁,
HS,3,070690,Other,其他,
HS,2,0707,"Cucumbers and gherkins, fresh or chilled.",黄瓜和小黄瓜，新鲜或冷藏,
HS,3,070700,"Cucumbers and gherkins, fresh or chilled",黄瓜和小黄瓜，新鲜或冷藏,
HS,2,0708,"Leguminous vegetables, shelled or unshelled, fresh or chilled.",豆类蔬菜，去壳或不去壳，新鲜或冷藏,
HS,3,070810,Peas (Pisum sativum),豌豆（Pisum sativum）,
HS,3,070820,"Beans (Vigna spp., Phaseolus spp.)",豆类（豇豆属、菜豆属）,
HS,3,070890,Other leguminous vegetables,其他豆类蔬菜,
HS,2,0709,"Other vegetables, fresh or chilled.",其他蔬菜，新鲜或冷藏,
HS,3,070910,Globe artichokes,朝鲜蓟,
HS,3,070920,Asparagus,芦笋,
HS,3,070930,Aubergines (eggplants),茄子,
HS,3,070940,Celery other than celeriac,除芹菜根外的其他芹菜,
HS,3,070951,Mushrooms of the genus Agaricus,姬松茸属蘑菇,
HS,3,070952,Truffles,松露,
HS,3,070953,"Vegetables; mushrooms of the genus Cantharellus, fresh or chilled",蔬菜；鸡油菌属蘑菇，新鲜或冷藏,
HS,3,070954,"Vegetables; shiitake mushrooms (Lentinus edodes), fresh or chilled",蔬菜；香菇（Lentinus edodes），新鲜或冷藏,
HS,3,070955,"Vegetables; matsutake mushrooms (Tricholoma matsutake, Tricholoma magnivelare, Tricholoma anatolicum, Tricholoma dulciolens, Tricholoma caligatum), fresh or chilled",蔬菜；松茸（松茸、大口蘑、大口蘑、甜口蘑、卡利加口蘑），新鲜或冷藏,
HS,3,070956,"Vegetables; truffles (Tuber spp.), fresh or chilled",蔬菜；松露（块菌属），新鲜或冷藏,
HS,3,070959,Other,其他,
HS,3,070960,Fruits of the genus Capsicum or of the genus Pimenta,辣椒属或多香果属的果实,
HS,3,070970,"Spinach, New Zealand spinach and orache spinach (garden spinach)",菠菜、新西兰菠菜和欧洲菠菜（花园菠菜）,
HS,3,070990,Other,其他,
HS,3,070991,Globe artichokes,朝鲜蓟,
HS,3,070992,Olives,橄榄,
HS,3,070993,"Pumpkins, squash and gourds (Cucurbita spp.)",南瓜、西葫芦和葫芦（Cucurbita spp.）,
HS,3,070999,Other,其他,
HS,2,0710,"Vegetables (uncooked or cooked by steaming or boiling in water), frozen.",蔬菜（未煮熟或蒸熟或煮熟），冷冻,
HS,3,071010,Potatoes,土豆,
HS,3,071021,Peas (Pisum sativum),豌豆（Pisum sativum）,
HS,3,071022,"Beans (Vigna spp., Phaseolus spp.)",豆类（豇豆属、菜豆属）,
HS,3,071029,Other,其他,
HS,3,071030,"Spinach, New Zealand spinach and orache spinach (garden spinach)",菠菜、新西兰菠菜和欧洲菠菜（花园菠菜）,
HS,3,071040,Sweetcorn,甜玉米,
HS,3,071080,Other vegetables,其他蔬菜,
HS,3,071090,Mixtures of vegetables,蔬菜混合物,
HS,2,0711,"Vegetables provisionally preserved (for example, by sulphur dioxide gas, in brine, in sulphur water or in other preservative solutions), but unsuitable in that state for immediate consumption.",暂时保存的蔬菜（例如，通过二氧化硫气体、盐水、亚硫酸水或其他防腐溶液），但在该状态下不适合立即食用,
HS,3,071110,Onions,洋葱,
HS,3,071120,Olives,橄榄,
HS,3,071130,Capers,刺山柑,
HS,3,071140,Cucumbers and gherkins,黄瓜和小黄瓜,
HS,3,071151,Mushrooms of the genus Agaricus,姬松茸属蘑菇,
HS,3,071159,Other,其他,
HS,3,071190,Other vegetables; mixtures of vegetables,其他蔬菜；混合蔬菜,
HS,2,0712,"Dried vegetables, whole, cut, sliced, broken or in powder, but not further prepared.",干燥蔬菜，整块、切块、切片、破碎或制成粉末，但未经进一步加工,
HS,3,071210,Potatoes whether or not cut or sliced but not further prepared,土豆，无论是否切块或切片，但未经进一步加工,
HS,3,071220,Onions,洋葱,
HS,3,071230,Mushrooms and truffles,蘑菇和松露,
HS,3,071231,Mushrooms of the genus Agaricus,姬松茸属蘑菇,
HS,3,071232,Wood ears (Auricularia spp.),木耳（Auricularia spp.）,
HS,3,071233,Jelly fungi (Tremella spp.),银耳属（Tremella spp.）,
HS,3,071234,"Vegetables; shiitake mushrooms (Lentinus edodes), whole, cut, sliced, broken or in powder but not further prepared, dried",蔬菜；香菇（Lentinus edodes），整个、切块、切片、破碎或制成粉末但未经进一步加工，干燥,
HS,3,071239,Other,其他,
HS,3,071290,Other vegetables; mixtures of vegetables,其他蔬菜；混合蔬菜,
HS,2,0713,"Dried leguminous vegetables, shelled, whether or not skinned or split.",干豆科蔬菜，去壳，不论是否去皮或剖开,
HS,3,071310,Peas (Pisum sativum),豌豆（Pisum sativum）,
HS,3,071320,Chickpeas (garbanzos),鹰嘴豆,
HS,3,071331,Beans of the species Vigna mungo (L.) Hepper or Vigna radiata (L.) Wilczek,豇豆属（Vigna mungo (L.) Hepper）或豇豆属（Vigna radiata (L.) Wilczek）,
HS,3,071332,Small red (Adzuki) beans (Phaseolus or Vigna angularis),小红豆（Phaseolus 或 Vigna angularis）,
HS,3,071333,"Kidney beans, including white pea beans (Phaseolus vulgaris)",芸豆，包括白豌豆（Phaseolus vulgaris）,
HS,3,071334,Bambara beans (Vigna subterranea or Voandzeia subterranea),班巴拉豆（Vigna subterranea 或 Voandzeia subterranea）,
HS,3,071335,Cow peas (Vigna unguiculata),豇豆（Vigna unguiculata）,
HS,3,071339,Other,其他,
HS,3,071340,Lentils,扁豆,
HS,3,071350,"Broad beans (Vicia faba var. major) and horse beans (Vicia faba var. equina, Vicia faba var. minor)","蚕豆 (Vicia faba var. Major) 和蚕豆 (Vicia faba var.Equina, Vicia faba var.minor)",
HS,3,071360,Pigeon peas (Cajanus cajan),木豆（Cajanus cajan）,
HS,3,071390,Other,其他,
HS,2,0714,"Manioc, arrowroot, salep, Jerusalem artichokes, sweet potatoes and similar roots and tubers with high starch or inulin content, fresh, chilled, frozen or dried, whether or not sliced or in the form of pellets; sago pith.",木薯、竹芋、萨勒普、菊芋、红薯和类似的高淀粉或菊粉含量的根和块茎，新鲜、冷藏、冷冻或干燥，不论是否切片或制成颗粒状；西米髓,
HS,3,071410,Manioc (cassava),木薯,
HS,3,071420,Sweet potatoes,红薯,
HS,3,071430,Yams (Dioscorea spp.),山药（薯蓣属）,
HS,3,071440,Taro (Colocasia spp.),芋头（芋属）,
HS,3,071450,Yautia (Xanthosoma spp.),亚乌蒂亚（Xanthosoma spp.）,
HS,3,071490,Other,其他,
HS,1,08,EDIBLE FRUIT AND NUTS; PEEL OF CITRUS FRUIT OR MELONS,可食用水果和坚果；柑橘类水果或瓜类的果皮,
HS,2,0801,"Coconuts, Brazil nuts and cashew nuts, fresh or dried, whether or not shelled or peeled.",椰子、巴西坚果和腰果，新鲜或干燥，不论是否去壳或去皮,
HS,3,080110,Coconuts,椰子,
HS,3,080111,Desiccated,干燥的,
HS,3,080112,In the inner shell (endocarp),在内壳（内果皮）中,
HS,3,080119,Other,其他,
HS,3,080120,Brazil nuts,巴西坚果,
HS,3,080121,In shell,在壳中,
HS,3,080122,Shelled,带壳,
HS,3,080130,Cashew nuts,腰果,
HS,3,080131,In shell,在壳中,
HS,3,080132,Shelled,带壳,
HS,2,0802,"Other nuts, fresh or dried, whether or not shelled or peeled.",其他坚果，新鲜或干燥，不论是否去壳或去皮,
HS,3,080211,In shell,在壳中,
HS,3,080212,Shelled,带壳,
HS,3,080221,In shell,在壳中,
HS,3,080222,Shelled,带壳,
HS,3,080231,In shell,在壳中,
HS,3,080232,Shelled,带壳,
HS,3,080240,Chestnuts (Castanea spp.),栗子（Castanea spp.）,
HS,3,080241,In shell,在壳中,
HS,3,080242,Shelled,带壳,
HS,3,080250,Pistachios,开心果,
HS,3,080251,In shell,在壳中,
HS,3,080252,Shelled,带壳,
HS,3,080260,Macadamia nuts,澳洲坚果,
HS,3,080261,In shell,在壳中,
HS,3,080262,Shelled,带壳,
HS,3,080270,Kola nuts (Cola spp.),可乐果（可乐属）,
HS,3,080280,Areca nuts,槟榔,
HS,3,080290,Other,其他,
HS,3,080291,"Nuts, edible; pine nuts, fresh or dried, in shell",坚果，可食用；松子，新鲜或干燥，带壳,
HS,3,080292,"Nuts, edible; pine nuts, fresh or dried, shelled",坚果，可食用；松子，新鲜或干燥，去壳,
HS,3,080299,"Nuts, edible; n.e.c. in heading 0801 and 0802, fresh or dried, whether or not shelled or peeled",坚果，可食用；归入0801和0802品目，新鲜或干燥，不论是否去壳或去皮,
HS,2,0803,"Bananas, including plantains, fresh or dried.",香蕉，包括大蕉，新鲜或干燥,
HS,3,080300,"Bananas, including plantains, fresh or dried.",香蕉，包括大蕉，新鲜或干燥,
HS,3,080310,Plantains,大蕉,
HS,3,080390,Other,其他,
HS,2,0804,"Dates, figs, pineapples, avocados, guavas, mangoes and mangosteens, fresh or dried.",枣、无花果、菠萝、鳄梨、番石榴、芒果和山竹，新鲜或干燥的,
HS,3,080410,Dates,日期,
HS,3,080420,Figs,无花果,
HS,3,080430,Pineapples,菠萝,
HS,3,080440,Avocados,鳄梨,
HS,3,080450,"Guavas, mangoes and mangosteens",番石榴、芒果和山竹,
HS,2,0805,"Citrus fruit, fresh or dried.",柑橘类水果，新鲜或干燥,
HS,3,080510,Oranges,橙子,
HS,3,080520,"Mandarins (including tangerines and satsumas); clementines, wilkings and similar citrus hybrids",柑橘（包括蜜柑和无核小蜜柑）；克莱门氏小柑橘、威尔金斯柑橘和类似的柑橘杂交品种,
HS,3,080521,Mandarins (including tangerines and satsumas),柑橘（包括橘子和蜜柑）,
HS,3,080522,Clementines,柑橘,
HS,3,080529,Other,其他,
HS,3,080530,"Lemons (Citrus limon, Citrus limonum) and limes (Citrus aurantifolia)",柠檬（Citrus limon、Citrus limonum）和酸橙（Citrus aurantifolia）,
HS,3,080540,"Grapefruit, including pomelos",葡萄柚，包括柚子,
HS,3,080550,"Lemons (Citrus limon, Citrus limonum) and limes (Citrus aurantifolia, Citrus latifolia)",柠檬（Citrus limon、Citrus limonum）和酸橙（Citrus aurantifolia、Citrus latifolia）,
HS,3,080590,Other,其他,
HS,2,0806,"Grapes, fresh or dried.",葡萄，新鲜或干燥,
HS,3,080610,Fresh,新鲜的,
HS,3,080620,Dried,干的,
HS,2,0807,"Melons (including watermelons) and papaws (papayas), fresh.",新鲜的瓜类（包括西瓜）和木瓜（木瓜）,
HS,3,080710,Melons (including watermelons),瓜类（包括西瓜）,
HS,3,080711,Watermelons,西瓜,
HS,3,080719,Other,其他,
HS,3,080720,Papaws (papayas),木瓜,
HS,2,0808,"Apples, pears and quinces, fresh.",新鲜的苹果、梨和榅桲,
HS,3,080810,Apples,苹果,
HS,3,080820,Pears and quinces,梨和榅桲,
HS,3,080830,Pears,梨,
HS,3,080840,Quinces,榅桲,
HS,2,0809,"Apricots, cherries, peaches (including nectarines), plums and sloes, fresh.",新鲜的杏子、樱桃、桃子（包括油桃）、李子和黑刺李,
HS,3,080910,Apricots,杏子,
HS,3,080920,Cherries,樱桃,
HS,3,080921,Sour cherries (Prunus cerasus),酸樱桃（Prunus cerasus）,
HS,3,080929,Other,其他,
HS,3,080930,"Peaches, including nectarines",桃子，包括油桃,
HS,3,080940,Plums and sloes,李子和黑刺李,
HS,2,0810,"Other fruit, fresh.",其他水果，新鲜,
HS,3,081010,Strawberries,草莓,
HS,3,081020,"Raspberries, blackberries, mulberries and loganberries",覆盆子、黑莓、桑葚和罗甘莓,
HS,3,081030,or redcurrants and gooseberries,或红醋栗和醋栗,
HS,3,081040,"Cranberries, bilberries and other fruit of the genus Vaccinium",蔓越莓、越橘和其他越橘属的果实,
HS,3,081050,Kiwifruit,猕猴桃,
HS,3,081060,Durians,榴莲,
HS,3,081070,Persimmons,柿子,
HS,3,081090,Other,其他,
HS,2,0811,"Fruit and nuts, uncooked or cooked by steaming or boiling in water, frozen, whether or not containing added sugar or other sweetening matter.",水果和坚果，未煮熟的或通过蒸煮或水煮熟的，冷冻的，无论是否含有添加的糖或其他甜味物质,
HS,3,081110,Strawberries,草莓,
HS,3,081120,or redcurrants and gooseberries,或红醋栗和醋栗,
HS,3,081190,Other,其他,
HS,2,0812,"Fruit and nuts, provisionally preserved (for example, by sulphur dioxide gas, in brine, in sulphur water or in other preservative solutions), but unsuitable in that state for immediate consumption.",暂时保存的水果和坚果（例如，通过二氧化硫气体、盐水、亚硫酸水或其他防腐溶液），但不适合立即食用,
HS,3,081210,Cherries,樱桃,
HS,3,081220,Strawberries,草莓,
HS,3,081290,Other,其他,
HS,2,0813,"Fruit, dried, other than that of headings 08.01 to 08.06; mixtures of nuts or dried fruits of this Chapter.",除税目 08.01 至 08.06 之外的干果；本章的什锦坚果或干果,
HS,3,081310,Apricots,杏子,
HS,3,081320,Prunes,西梅干,
HS,3,081330,Apples,苹果,
HS,3,081340,Other fruit,其他水果,
HS,3,081350,Mixtures of nuts or dried fruits of this chapter,本章的坚果或干果混合物,
HS,2,0814,"Peel of citrus fruit or melons (including watermelons), fresh, frozen, dried or provisionally preserved in brine, in sulphur water or in other preservative solutions.",柑橘类水果或瓜类（包括西瓜）的果皮，新鲜、冷冻、干燥或在盐水、亚硫酸水或其他防腐溶液中暂时保存,
HS,3,081400,"Peel of citrus fruit or melons (including watermelons), fresh, frozen, dried or provisionally preserved in brine, in sulphur water or in other preservative solutions",柑橘类水果或瓜类（包括西瓜）的果皮，新鲜、冷冻、干燥或在盐水、亚硫酸水或其他防腐溶液中暂时保存,
HS,1,09,"COFFEE, TEA, MATÉ AND SPICES",咖啡、茶、马黛茶和香料,
HS,2,0901,"Coffee, whether or not roasted or decaffeinated; coffee husks and skins; coffee substitutes containing coffee in any proportion.",咖啡，不论是否烘焙或脱咖啡因；咖啡壳和皮；含任何比例咖啡的咖啡替代品,
HS,3,090111,Not decaffeinated,未脱咖啡因,
HS,3,090112,Decaffeinated,脱咖啡因,
HS,3,090121,Not decaffeinated,未脱咖啡因,
HS,3,090122,Decaffeinated,脱咖啡因,
HS,3,090130,Coffee husks and skins,咖啡壳和咖啡皮,
HS,3,090140,Coffee substitutes containing coffee,含有咖啡的咖啡替代品,
HS,3,090190,Other,其他,
HS,2,0902,"Tea, whether or not flavoured.",茶，无论是否调味,
HS,3,090210,Green tea (not fermented) in immediate packings of a content not exceeding 3 kg,未发酵绿茶，直接包装，每件不超过3公斤,
HS,3,090220,Other green tea (not fermented),其他绿茶（未发酵）,
HS,3,090230,"Black tea (fermented) and partly fermented tea, in immediate packings of a content not exceeding 3 kg",红茶（发酵茶）和半发酵茶，直接包装，每件不超过3公斤,
HS,3,090240,Other black tea (fermented) and other partly fermented tea,其他红茶（已发酵）及其他半发酵茶,
HS,2,0903,Maté.,伴侣,
HS,3,090300,Maté,伴侣,
HS,2,0904,Pepper of the genus Piper; dried or crushed or ground fruits of the genus Capsicum or of the genus Pimenta.,胡椒属的胡椒；辣椒属或多香果属的干燥、压碎或磨碎的果实,
HS,3,090411,Neither crushed nor ground,既不压碎也不磨碎,
HS,3,090412,Crushed or ground,压碎或磨碎,
HS,3,090420,"Fruits of the genus Capsicum or of the genus Pimenta, dried or crushed or ground",辣椒属或多香果属的果实，干燥、压碎或磨碎,
HS,3,090421,"Dried, neither crushed nor ground",干燥，不压碎也不磨碎,
HS,3,090422,Crushed or ground,压碎或磨碎,
HS,2,0905,Vanilla.,香草,
HS,3,090500,Vanilla.,香草,
HS,3,090510,Neither crushed nor ground,既不压碎也不磨碎,
HS,3,090520,Crushed or ground,压碎或磨碎,
HS,2,0906,Cinnamon and cinnamon-tree flowers.,肉桂和肉桂树花,
HS,3,090610,Neither crushed nor ground,既不压碎也不磨碎,
HS,3,090611,Cinnamon (Cinnamomum zeylanicum Blume),肉桂（Cinnamomum zeylanicum Blume）,
HS,3,090619,Other,其他,
HS,3,090620,Crushed or ground,压碎或磨碎,
HS,2,0907,"Cloves (whole fruit, cloves and stems).",丁香（整个果实、丁香和茎）,
HS,3,090700,"Cloves (whole fruit, cloves and stems).",丁香（整个果实、丁香和茎）,
HS,3,090710,Neither crushed nor ground,既不压碎也不磨碎,
HS,3,090720,Crushed or ground,压碎或磨碎,
HS,2,0908,"Nutmeg, mace and cardamoms.",肉豆蔻、肉豆蔻皮和小豆蔻,
HS,3,090810,Nutmeg,肉豆蔻,
HS,3,090811,Neither crushed nor ground,既不压碎也不磨碎,
HS,3,090812,Crushed or ground,压碎或磨碎,
HS,3,090820,Mace,锤,
HS,3,090821,Neither crushed nor ground,既不压碎也不磨碎,
HS,3,090822,Crushed or ground,压碎或磨碎,
HS,3,090830,Cardamoms,小豆蔻,
HS,3,090831,Neither crushed nor ground,既不压碎也不磨碎,
HS,3,090832,Crushed or ground,压碎或磨碎,
HS,2,0909,"Seeds of anise, badian, fennel, coriander, cumin or caraway; juniper berries.",茴香、八角茴香、小茴香、芫荽、小茴香或葛缕子的种子；杜松子,
HS,3,090910,Seeds of anise or badian,茴香或八角茴香的种子,
HS,3,090920,Seeds of coriander,芫荽籽,
HS,3,090921,Neither crushed nor ground,既不压碎也不磨碎,
HS,3,090922,Crushed or ground,压碎或磨碎,
HS,3,090930,Seeds of cumin,孜然籽,
HS,3,090931,Neither crushed nor ground,既不压碎也不磨碎,
HS,3,090932,Crushed or ground,压碎或磨碎,
HS,3,090940,Seeds of caraway,葛缕子籽,
HS,3,090950,Seeds of fennel; juniper berries,茴香种子；杜松子,
HS,3,090961,Neither crushed nor ground,既不压碎也不磨碎,
HS,3,090962,Crushed or ground,压碎或磨碎,
HS,2,0910,"Ginger, saffron, turmeric (curcuma), thyme, bay leaves, curry and other spices.",生姜、藏红花、姜黄、百里香、月桂叶、咖喱和其他香料,
HS,3,091010,Ginger,姜,
HS,3,091011,Neither crushed nor ground,既不压碎也不磨碎,
HS,3,091012,Crushed or ground,压碎或磨碎,
HS,3,091020,Saffron,藏红花,
HS,3,091030,Turmeric (curcuma),姜黄,
HS,3,091040,Thyme; bay leaves,百里香；月桂叶,
HS,3,091050,Curry,咖喱,
HS,3,091091,Mixtures referred to in note 1(b) to this chapter,本章注释 1(b) 中提及的混合物,
HS,3,091099,Other,其他,
HS,1,10,CEREALS,谷物,
HS,2,1001,Wheat and meslin.,小麦和混合麦汁,
HS,3,100110,Durum wheat,硬质小麦,
HS,3,100111,Seed,种子,
HS,3,100119,Other,其他,
HS,3,100190,Other,其他,
HS,3,100191,Seed,种子,
HS,3,100199,Other,其他,
HS,2,1002,Rye.,黑麦,
HS,3,100200,Rye.,黑麦,
HS,3,100210,Seed,种子,
HS,3,100290,Other,其他,
HS,2,1003,Barley.,大麦,
HS,3,100300,Barley.,大麦,
HS,3,100310,Seed,种子,
HS,3,100390,Other,其他,
HS,2,1004,Oats.,燕麦,
HS,3,100400,Oats.,燕麦,
HS,3,100410,Seed,种子,
HS,3,100490,Other,其他,
HS,2,1005,Maize (corn).,玉米,
HS,3,100510,Seed,种子,
HS,3,100590,Other,其他,
HS,2,1006,Rice.,米,
HS,3,100610,Rice in the husk (paddy or rough),带壳稻米（稻谷或糙米）,
HS,3,100620,Husked (brown) rice,糙米,
HS,3,100630,"Semi-milled or wholly milled rice, whether or not polished or glazed",半精米或全精米，不论是否抛光或上釉,
HS,3,100640,Broken rice,碎米,
HS,2,1007,Grain sorghum.,高粱,
HS,3,100700,Grain sorghum.,高粱,
HS,3,100710,Seed,种子,
HS,3,100790,Other,其他,
HS,2,1008,"Buckwheat, millet and canary seeds; other cereals.",荞麦、小米和金丝雀籽；其他谷物,
HS,3,100810,Buckwheat,荞麦,
HS,3,100820,Millet,粟,
HS,3,100821,Seed,种子,
HS,3,100829,Other,其他,
HS,3,100830,Canary seed,金丝雀种子,
HS,3,100840,Fonio (Digitaria spp.),福尼奥米（马唐属）,
HS,3,100850,Quinoa (Chenopodium quinoa),藜麦（藜麦）,
HS,3,100860,Triticale,小黑麦,
HS,3,100890,Other cereals,其他谷物,
HS,1,11,PRODUCTS OF THE MILLING INDUSTRY; MALT; STARCHES; INULIN; WHEAT GLUTEN,制粉工业产品；麦芽；淀粉；菊粉；小麦面筋,
HS,2,1101,Wheat or meslin flour.,小麦粉或混合麦斯林粉,
HS,3,110100,Wheat or meslin flour,小麦粉或混合麦斯林粉,
HS,2,1102,Cereal flours other than of wheat or meslin.,除小麦或混合麦粉以外的谷物粉,
HS,3,110210,Rye flour,黑麦粉,
HS,3,110220,Maize (corn) flour,玉米粉,
HS,3,110230,Rice flour,米粉,
HS,3,110290,Other,其他,
HS,2,1103,"Cereal groats, meal and pellets.",谷物碎粒、粗粉和颗粒,
HS,3,110311,Of wheat,小麦,
HS,3,110312,Of oats,燕麦,
HS,3,110313,Of maize (corn),玉米,
HS,3,110314,Of rice,米饭,
HS,3,110319,Of other cereals,其他谷物,
HS,3,110320,Pellets,颗粒,
HS,3,110321,Of wheat,小麦,
HS,3,110329,Of other cereals,其他谷物,
HS,2,1104,"Cereal grains otherwise worked (for example, hulled, rolled, flaked, pearled, sliced or kibbled), except rice of heading 10.06; germ of cereals, whole, rolled, flaked or ground.",经其他方式加工的谷物（例如，去壳、压延、制片、制成珍珠状、切片或粗磨），但税号 10.06 的大米除外；谷物胚芽，完整、压延、制片或磨碎,
HS,3,110411,Of barley,大麦,
HS,3,110412,Of oats,燕麦,
HS,3,110419,Of other cereals,其他谷物,
HS,3,110421,Of barley,大麦,
HS,3,110422,Of oats,燕麦,
HS,3,110423,Of maize (corn),玉米,
HS,3,110429,Of other cereals,其他谷物,
HS,3,110430,"Germ of cereals, whole, rolled, flaked or ground",谷物胚芽，整粒、压延、片状或磨碎,
HS,2,1105,"Flour, meal, powder, flakes, granules and pellets of potatoes.",马铃薯的面粉、粗粉、粉末、薄片、颗粒和丸粒,
HS,3,110510,"Flour, meal and powder",面粉、粗粉和粉末,
HS,3,110520,"Flakes, granules and pellets",薄片、颗粒和丸粒,
HS,2,1106,"Flour, meal and powder of the dried leguminous vegetables of heading 07.13, of sago or of roots or tubers of heading 07.14 or of the products of Chapter 8.",品目 07.13 的干豆科蔬菜的细粉、粗粉及粉末，品目 07.14 的西米、根或块茎的细粉、粗粉及粉末，或第 8 章的产品的细粉、粗粉及粉末,
HS,3,110610,Of the dried leguminous vegetables of heading 0713,0713 类干豆科蔬菜,
HS,3,110620,Of sago or of roots or tubers of heading 0714,西米或0714税号所列的根或块茎,
HS,3,110630,Of the products of Chapter 8,第 8 章产品,
HS,2,1107,"Malt, whether or not roasted.",麦芽，无论是否烘烤,
HS,3,110710,Not roasted,未烤,
HS,3,110720,Roasted,烤,
HS,2,1108,Starches; inulin.,淀粉；菊粉,
HS,3,110811,Wheat starch,小麦淀粉,
HS,3,110812,Maize (corn) starch,玉米淀粉,
HS,3,110813,Potato starch,马铃薯淀粉,
HS,3,110814,Manioc (cassava) starch,木薯淀粉,
HS,3,110819,Other starches,其他淀粉,
HS,3,110820,Inulin,菊粉,
HS,2,1109,"Wheat gluten, whether or not dried.",小麦面筋，无论是否干燥,
HS,3,110900,"Wheat gluten, whether or not dried",小麦面筋，无论是否干燥,
HS,1,12,"OIL SEEDS AND OLEAGINOUS FRUITS; MISCELLANEOUS GRAINS, SEEDS AND FRUIT; INDUSTRIAL OR MEDICINAL PLANTS; STRAW AND FODDER",油籽及含油果实；杂粮、种子及果实；工业或药用植物；稻草及饲料,
HS,2,1201,"Soya beans, whether or not broken.",大豆，无论是否破碎,
HS,3,120100,"Soya beans, whether or not broken.",大豆，无论是否破碎,
HS,3,120110,Seed,种子,
HS,3,120190,Other,其他,
HS,2,1202,"Ground-nuts, not roasted or otherwise cooked, whether or not shelled or broken.",未经烘烤或以其他方式烹煮的花生，不论是否去壳或破碎,
HS,3,120210,In shell,在壳中,
HS,3,120220,"Shelled, whether or not broken",去壳，无论是否破损,
HS,3,120230,Seed,种子,
HS,3,120241,In shell,在壳中,
HS,3,120242,"Shelled, whether or not broken",去壳，无论是否破损,
HS,2,1203,Copra.,椰干,
HS,3,120300,Copra,椰干,
HS,2,1204,"Linseed, whether or not broken.",亚麻籽，不论是否破碎,
HS,3,120400,"Linseed, whether or not broken",亚麻籽，无论是否破碎,
HS,2,1205,"Rape or colza seeds, whether or not broken.",油菜籽或菜子籽，不论是否破碎,
HS,3,120500,"Rape or colza seeds, whether or not broken",油菜籽或菜子籽，无论是否破碎,
HS,3,120510,Low erucic acid rape or colza seeds,低芥酸油菜籽,
HS,3,120590,Other,其他,
HS,2,1206,"Sunflower seeds, whether or not broken.",葵花籽，无论是否破损,
HS,3,120600,"Sunflower seeds, whether or not broken",葵花籽，无论是否破碎,
HS,2,1207,"Other oil seeds and oleaginous fruits, whether or not broken.",其他油籽及含油果实，不论是否破碎,
HS,3,120710,Palm nuts and kernels,棕榈坚果和棕榈仁,
HS,3,120720,Cotton seeds,棉花种子,
HS,3,120721,Seed,种子,
HS,3,120729,Other,其他,
HS,3,120730,Castor oil seeds,蓖麻籽,
HS,3,120740,Sesamum seeds,芝麻籽,
HS,3,120750,Mustard seeds,芥菜籽,
HS,3,120760,Safflower (Carthamus tinctorius) seeds,红花（Carthamustinctorius）种子,
HS,3,120770,Melon seeds,瓜子,
HS,3,120791,Poppy seeds,罂粟籽,
HS,3,120792,Shea nuts (karite nuts),乳木果（乳木果）,
HS,3,120799,Other,其他,
HS,2,1208,"Flours and meals of oil seeds or oleaginous fruits, other than those of mustard.",除芥末之外的油籽或含油水果的细粉和粗粉,
HS,3,120810,Of soya beans,大豆,
HS,3,120890,Other,其他,
HS,2,1209,"Seeds, fruit and spores, of a kind used for sowing.",用于播种的种子、果实和孢子,
HS,3,120910,Sugar beet seeds,甜菜种子,
HS,3,120911,Sugar beet seed,甜菜种子,
HS,3,120919,Other,其他,
HS,3,120921,Lucerne (alfalfa) seeds,紫花苜蓿种子,
HS,3,120922,Clover (Trifolium spp.) seeds,三叶草（Trifolium spp.）种子,
HS,3,120923,Fescue seeds,羊茅种子,
HS,3,120924,Kentucky blue grass (Poa pratensis L.) seeds,肯塔基蓝草（Poa pratensis L.）种子,
HS,3,120925,"Ryegrass (Lolium multiflorum Lam., Lolium perenne L.) seeds",黑麦草（Lolium multiflorum Lam.、Lolium perenne L.）种子,
HS,3,120926,Timothy grass seed,提摩西草种子,
HS,3,120929,Other,其他,
HS,3,120930,Seeds of herbaceous plants cultivated principally for their flowers,主要用于花的草本植物种子,
HS,3,120991,Vegetable seeds,蔬菜种子,
HS,3,120999,Other,其他,
HS,2,1210,"Hop cones, fresh or dried, whether or not ground, powdered or in the form of pellets; lupulin.",啤酒花球果，新鲜或干燥，不论是否研磨、粉末或颗粒形式；蛇麻素,
HS,3,121010,"Hop cones, neither ground nor powdered nor in the form of pellets",啤酒花球果，非研磨、非粉末或非颗粒状,
HS,3,121020,"Hop cones, ground, powdered or in the form of pellets; lupulin",啤酒花球果，磨碎、粉末状或颗粒状；蛇麻素,
HS,2,1211,"Plants and parts of plants (including seeds and fruits), of a kind used primarily in perfumery, in pharmacy or for insecticidal, fungicidal or similar purposes, fresh or dried, whether or not cut, crushed or powdered.",主要用于香料、制药或杀虫、杀菌或类似用途的植物和植物部分（包括种子和果实），新鲜或干燥，不论是否切割、压碎或磨成粉,
HS,3,121110,Liquorice roots,甘草根,
HS,3,121120,Ginseng roots,人参根,
HS,3,121130,Coca leaf,古柯叶,
HS,3,121140,Poppy straw,罂粟秆,
HS,3,121150,Ephedra,麻黄,
HS,3,121160,"Bark of African cherry (Prunus africana); of a kind used primarily in perfumery, in pharmacy or for insecticidal, fungicidal or similar purposes, fresh, chilled, frozen or dried, whether or not cut, crushed or powdered",非洲樱桃树皮（Prunus africana）；主要用于香料、制药或杀虫、杀菌或类似用途，新鲜、冷藏、冷冻或干燥，不论是否切割、压碎或磨成粉,
HS,3,121190,Other,其他,
HS,2,1212,"Locust beans, seaweeds and other algae, sugar beet and sugar cane, fresh, chilled, frozen or dried, whether or not ground; fruit stones and kernels and other vegetable products (including unroasted chicory roots of the variety Cichorium intybus sativum) o",槐豆、海藻及其他藻类、甜菜和甘蔗，新鲜、冷藏、冷冻或干燥，不论是否磨碎；果核和果仁及其他植物产品（包括未烤制的菊苣根，品种为Cichorium intybus sativum）o,
HS,3,121210,"Locust beans, including locust bean seeds",槐豆，包括槐豆种子,
HS,3,121220,Seaweeds and other algae,海藻和其他藻类,
HS,3,121221,Fit for human consumption,适合人类食用,
HS,3,121229,Other,其他,
HS,3,121230,"Apricot, peach (including nectarine) or plum stones and kernels",杏、桃（包括油桃）或李子的核和仁,
HS,3,121291,Sugar beet,甜菜,
HS,3,121292,"Sugar cane, (2012-) Locust beans (carob)",甘蔗，（2012-）刺槐豆（角豆）,
HS,3,121293,Sugar cane,甘蔗,
HS,3,121294,Chicory roots,菊苣根,
HS,3,121299,Other,其他,
HS,2,1213,"Cereal straw and husks, unprepared, whether or not chopped, ground, pressed or in the form of pellets.",未经加工的谷物秸秆及谷壳，不论是否切碎、研磨、压制或制成颗粒状,
HS,3,121300,"Cereal straw and husks, unprepared, whether or not chopped, ground, pressed or in the form of pellets",未经加工的谷物秸秆和谷壳，不论是否切碎、研磨、压制或制成颗粒状,
HS,2,1214,"Swedes, mangolds, fodder roots, hay, lucerne (alfalfa), clover, sainfoin, forage kale, lupines, vetches and similar forage products, whether or not in the form of pellets.",芜菁、甜菜、饲料根、干草、紫花苜蓿、三叶草、紫花豆、饲料羽衣甘蓝、羽扇豆、野豌豆和类似的饲料产品，不论是否为颗粒形式,
HS,3,121410,Lucerne (alfalfa) meal and pellets,紫花苜蓿粉和颗粒,
HS,3,121490,Other,其他,
HS,1,13,"LAC; GUMS, RESINS AND OTHER VEGETABLE SAPS AND EXTRACTS",紫胶；树胶、树脂及其他植物汁液和提取物,
HS,2,1301,"Lac; natural gums, resins, gum-resins and oleoresins (for example, balsams).",紫胶；天然树胶、树脂、树胶树脂和油树脂（例如香脂）,
HS,3,130110,Lac,紫胶,
HS,3,130120,Gum Arabic,阿拉伯胶,
HS,3,130190,Other,其他,
HS,2,1302,"Vegetable saps and extracts; pectic substances, pectinates and pectates; agar-agar and other mucilages and thickeners, whether or not modified, derived from vegetable products.",植物汁液和提取物；果胶质、果胶酸盐和果胶酸盐；琼脂和其他粘液和增稠剂，不论是否改性，均来自植物产品,
HS,3,130211,Opium,鸦片,
HS,3,130212,Of liquorice,甘草,
HS,3,130213,Of hops,啤酒花,
HS,3,130214,Of ephedra,麻黄,
HS,3,130219,Other,其他,
HS,3,130220,"Pectic substances, pectinates and pectates",果胶类物质、果胶酸盐和果胶酸盐,
HS,3,130231,Agar-agar,琼脂,
HS,3,130232,"Mucilages and thickeners, whether or not modified, derived from locust beans, locust bean seeds or guar seeds",源自槐豆、槐豆籽或瓜尔豆籽的粘液和增稠剂，无论是否改性,
HS,3,130239,Other,其他,
HS,1,14,VEGETABLE PLAITING MATERIALS; VEGETABLE PRODUCTS NOT ELSEWHERE SPECIFIED OR INCLUDED,植物编织材料；未在其他地方指定或包括的植物产品,
HS,2,1401,"Vegetable materials of a kind used primarily for plaiting (for example, bamboos, rattans, reeds, rushes, osier, raffia, cleaned, bleached or dyed cereal straw, and lime bark).",主要用于编织的一类植物材料（例如，竹子、藤条、芦苇、灯心草、柳条、酒椰叶、清洁、漂白或染色的谷物秸秆和椴树皮）,
HS,3,140110,Bamboos,竹子,
HS,3,140120,Rattans,藤条,
HS,3,140190,Other,其他,
HS,2,1402,"Vegetable materials of a kind used primarily as stuffing or as padding, e.g. kapok, vegetable hair and eelgrass, whether or not put up as a layer, with or without supporting material",主要用作填充物或衬垫的植物材料，例如木棉、植物毛和鳗草，无论是否用作层，有无支撑材料,
HS,3,140200,"Vegetable materials of a kind used primarily as stuffing or as padding (for example, kapok, vegetable hair and eel-grass), whether or not put up as a layer with or without supporting material.",主要用作填充物或衬垫的植物材料（例如木棉、植物毛和鳗草），不论是否用支撑材料铺成一层,
HS,3,140210,Kapok,木棉,
HS,3,140290,Other,其他,
HS,3,140291,Vegetable hair,植物头发,
HS,3,140299,Other,其他,
HS,2,1403,"Vegetable materials, such as broom-corn, piassava, couch grass and istle, of a kind used primarily in brooms or in brushes, whether or not in hanks or bundles",主要用于扫帚或刷子的植物材料，例如高粱、马尾草、狗牙根和马尾草，不论是否成束或成捆,
HS,3,140300,"Vegetable materials of a kind used primarily in brooms or in brushes (for example, broom-corn, piassava, couch-grass and istle), whether or not in hanks or bundles.",主要用于扫帚或刷子的一种植物材料（例如，高粱、高粱、狗牙根和小草），不论是否成束或成捆,
HS,3,140310,Broomcorn (Sorghum vulgare var.technicum),高粱（Sorghum vulgare var.technicum）,
HS,3,140390,Other,其他,
HS,2,1404,Vegetable products not elsewhere specified or included.,其他地方未指定或未包括的植物产品,
HS,3,140410,Raw vegetable materials of a kind used primarily in dyeing or tanning,主要用于染色或鞣制的植物原料,
HS,3,140420,Cotton linters,棉短绒,
HS,3,140490,Other,其他,
HS,1,15,ANIMAL OR VEGETABLE FATS AND OILS AND THEIR CLEAVAGE PRODUCTS; PREPARED EDIBLE FATS; ANIMAL OR VEGETABLE WAXES,动物或植物脂肪和油及其分解产品；加工好的食用脂肪；动物或植物蜡,
HS,2,1501,"Pig fat (including lard) and poultry fat, other than that of heading 02.09 or 15.03.",猪脂肪（包括猪油）及家禽脂肪，但税目 02.09 或 15.03 的货品除外,
HS,3,150100,"Pig fat (including lard) and poultry fat, other than that of heading 02.09 or 15.03.",猪脂肪（包括猪油）及家禽脂肪，但税目 02.09 或 15.03 的货品除外,
HS,3,150110,Lard,猪油,
HS,3,150120,Other pig fat,其他猪脂肪,
HS,3,150190,Other,其他,
HS,2,1502,"Fats of bovine animals, sheep or goats, other than those of heading 15.03.",牛、绵羊或山羊的脂肪，但税目 15.03 的货品除外,
HS,3,150200,"Fats of bovine animals, sheep or goats, other than those of heading 15.03.",牛、绵羊或山羊的脂肪，但税目 15.03 的货品除外,
HS,3,150210,Tallow,脂,
HS,3,150290,Other,其他,
HS,2,1503,"Lard stearin, lard oil, oleostearin, oleo-oil and tallow oil, not emulsified or mixed or otherwise prepared.",猪油硬脂、猪油、油硬脂、油及牛脂油，未经乳化、混合或以其他方式制备,
HS,3,150300,"Lard stearin, lard oil, oleostearin, oleo-oil and tallow oil, not emulsified or mixed or otherwise prepared",猪油硬脂、猪油、油硬脂、油和牛脂油，未乳化、未混合或未以其他方式制备,
HS,2,1504,"Fats and oils and their fractions, of fish or marine mammals, whether or not refined, but not chemically modified.",鱼或海洋哺乳动物的脂肪和油及其分离品，不论是否精制，但未经化学改性,
HS,3,150410,Fish-liver oils and their fractions,鱼肝油及其分离品,
HS,3,150420,"Fats and oils and their fractions, of fish, other than liver oils",鱼的脂肪、油及其分离品（肝油除外）,
HS,3,150430,"Fats and oils and their fractions, of marine mammals",海洋哺乳动物的脂肪、油及其馏分,
HS,2,1505,Wool grease and fatty substances derived therefrom (including lanolin).,羊毛脂及由其提取的脂肪物质（包括羊毛脂）,
HS,3,150500,Wool grease and fatty substances derived therefrom (including lanolin),羊毛脂及其衍生的脂肪物质（包括羊毛脂）,
HS,3,150510,"Wool grease, crude",粗羊毛脂,
HS,3,150590,Other,其他,
HS,2,1506,"Other animal fats and oils and their fractions, whether or not refined, but not chemically modified.",其他动物脂肪和油及其分离品，不论是否精制，但未经化学改性,
HS,3,150600,"Other animal fats and oils and their fractions, whether or not refined, but not chemically modified",其他动物脂肪和油及其分离品，不论是否精制，但未经化学改性,
HS,2,1507,"Soya-bean oil and its fractions, whether or not refined, but not chemically modified.",大豆油及其分离品，不论是否精制，但未经化学改性,
HS,3,150710,"Crude oil, whether or not degummed",原油，不论是否脱胶,
HS,3,150790,Other,其他,
HS,2,1508,"Ground-nut oil and its fractions, whether or not refined, but not chemically modified.",花生油及其分离品，不论是否精制，但未经化学改性,
HS,3,150810,Crude oil,原油,
HS,3,150890,Other,其他,
HS,2,1509,"Olive oil and its fractions, whether or not refined, but not chemically modified.",橄榄油及其分离品，不论是否精制，但未经化学改性,
HS,3,150910,Virgin,处女,
HS,3,150920,"Vegetable oils; olive oil and its fractions, extra virgin olive oil, whether or not refined, but not chemically modified",植物油；橄榄油及其分离品、特级初榨橄榄油，不论是否精制，但未经化学改性,
HS,3,150930,"Vegetable oils; olive oil and its fractions, virgin olive oil, whether or not refined, but not chemically modified",植物油；橄榄油及其分离品、初榨橄榄油，不论是否精制，但未经化学改性,
HS,3,150940,"Vegetable oils; olive oil and its fractions, virgin olive oils n.e.c. in heading 1509, whether or not refined, but not chemically modified",植物油；橄榄油及其分离品、税号 1509 中的初榨橄榄油，不论是否精制，但未经化学改性,
HS,3,150990,Other,其他,
HS,2,1510,"Other oils and their fractions, obtained solely from olives, whether or not refined, but not chemically modified, including blends of these oils or fractions with oils or fractions of heading 15.09.",其他仅从橄榄中提取的油及其分离品，不论是否精制，但未经化学改性，包括这些油或分离品与税目 15.09 的油或分离品的混合物,
HS,3,151000,"Other oils and their fractions, obtained solely from olives, whether or not refined, but not chemically modified, including blends of these oils or fractions with oils or fractions of heading 1509",其他仅从橄榄中提取的油及其馏分，不论是否精制，但未经化学改性，包括这些油或馏分与税目 1509 的油或馏分的混合物,
HS,3,151010,"Vegetable oils; crude olive pomace oil and their fractions, obtained solely from olives, whether or not refined, but not chemically modified",植物油；粗橄榄果渣油及其分离品，仅从橄榄中提取，不论是否精制，但未经化学改性,
HS,3,151090,"Vegetable oils; oils and their fractions n.e.c. in heading 1510, obtained solely from olives, whether or not refined, but not chemically modified, including blends of these oils or fractions with oils or fractions of heading no. 1509",植物油；税目 1510 中未列明的油及其分离品，仅从橄榄中提取，不论是否精制，但未经化学改性，包括这些油或分离品与税目 1509 中油或分离品的混合物,
HS,2,1511,"Palm oil and its fractions, whether or not refined, but not chemically modified.",棕榈油及其分离品，不论是否精制，但未经化学改性,
HS,3,151110,Crude oil,原油,
HS,3,151190,Other,其他,
HS,2,1512,"Sunflower-seed, safflower or cotton-seed oil and fractions thereof, whether or not refined, but not chemically modified.",葵花籽油、红花油或棉籽油及其分离品，不论是否精制，但未经化学改性,
HS,3,151211,Crude oil,原油,
HS,3,151219,Other,其他,
HS,3,151221,"Crude oil, whether or not gossypol has been removed",原油，无论是否已除去棉酚,
HS,3,151229,Other,其他,
HS,2,1513,"Coconut (copra), palm kernel or babassu oil and fractions thereof, whether or not refined, but not chemically modified.",椰子油（椰干）、棕榈仁油或巴巴苏油及其分离品，不论是否精制，但未经化学改性,
HS,3,151311,Crude oil,原油,
HS,3,151319,Other,其他,
HS,3,151321,Crude oil,原油,
HS,3,151329,Other,其他,
HS,2,1514,"Rape, colza or mustard oil and fractions thereof, whether or not refined, but not chemically modified.",菜籽油、菜子油或芥子油及其分离品，不论是否精制，但未经化学改性,
HS,3,151410,Crude oil,原油,
HS,3,151411,Crude oil,原油,
HS,3,151419,Other,其他,
HS,3,151490,Other,其他,
HS,3,151491,Crude oil,原油,
HS,3,151499,Other,其他,
HS,2,1515,"Other fixed vegetable fats and oils (including jojoba oil) and their fractions, whether or not refined, but not chemically modified.",其他固定植物脂肪和油（包括霍霍巴油）及其分离品，不论是否精制，但未经化学改性,
HS,3,151511,Crude oil,原油,
HS,3,151519,Other,其他,
HS,3,151521,Crude oil,原油,
HS,3,151529,Other,其他,
HS,3,151530,Castor oil and its fractions,蓖麻油及其分离品,
HS,3,151540,Tung oil and its fractions,桐油及其分离品,
HS,3,151550,Sesame oil and its fractions,芝麻油及其分离品,
HS,3,151560,Jojoba oil and its fractions,荷荷巴油及其分离品,
HS,3,151590,Other,其他,
HS,2,1516,"Animal or vegetable fats and oils and their fractions, partly or wholly hydrogenated, inter-esterified, re-esterified or elaidinised, whether or not refined, but not further prepared.",动物或植物脂肪和油及其分离品，部分或全部氢化、酯化、再酯化或反式脂肪化，不论是否精制，但未经进一步加工,
HS,3,151610,Animal fats and oils and their fractions,动物脂肪和油及其分离品,
HS,3,151620,Vegetable fats and oils and their fractions,植物油脂及其分离品,
HS,3,151630,"Microbial fats and oils and their fractions; partly or wholly hydrogenated, inter-esterified, re-esterified or elaidinised, whether or not refined, but not further prepared",微生物脂肪和油及其分离品；部分或全部氢化、酯化、再酯化或反式脂肪，不论是否精制，但未经进一步制备,
HS,2,1517,"Margarine; edible mixtures or preparations of animal or vegetable fats or oils or of fractions of different fats or oils of this Chapter, other than edible fats or oils or their fractions of heading 15.16.",人造黄油；由动物或植物脂肪或油或本章所列不同脂肪或油的分离物制成的可食用混合物或制品，但税目 15.16 的食用脂肪或油或其分离物除外,
HS,3,151710,"Margarine, excluding liquid margarine",人造黄油，不包括液态人造黄油,
HS,3,151790,Other,其他,
HS,2,1518,"Animal or vegetable fats and oils and their fractions, boiled, oxidised, dehydrated, sulphurised, blown, polymerised by heat in vacuum or in inert gas or otherwise chemically modified, excluding those of heading 15.16; inedible mixtures or preparations of",动植物脂肪和油及其分离品，经煮沸、氧化、脱水、硫化、发泡、真空或惰性气体加热聚合或以其他方式化学改性，但税目15.16的货品除外；不可食用的混合物或制剂,
HS,3,151800,"Animal or vegetable fats and oils and their fractions, boiled, oxidised, dehydrated, sulphurised, blown, polymerised by heat in vacuum or in inert gas or otherwise chemically modified, excluding those of heading 1516; inedible mixtures or preparations of",动物或植物脂肪和油及其馏分，经煮沸、氧化、脱水、硫化、发泡、在真空或惰性气体中加热聚合或以其他方式化学改性，但不包括税目1516的商品；不可食用的混合物或制剂,
HS,2,1519,Industrial monocarboxylic fatty acids; acid oils from refining; industrial fatty alcohols,工业单羧酸脂肪酸；精炼酸性油；工业脂肪醇,
HS,3,151911,Stearic acid,硬脂酸,
HS,3,151912,Oleic acid,油酸,
HS,3,151913,Tall oil fatty acids,妥尔油脂肪酸,
HS,3,151919,Acid oils from refining and other,精炼及其他工艺产生的酸性油,
HS,3,151920,Industrial fatty alcohols,工业脂肪醇,
HS,3,151930,Industrial fatty alcohols,工业脂肪醇,
HS,2,1520,"Glycerol, crude; glycerol waters and glycerol lyes.",粗甘油；甘油水和甘油碱液,
HS,3,152000,"Glycerol, crude; glycerol waters and glycerol lyes",粗甘油；甘油水和甘油碱液,
HS,3,152010,"Glycerol (glycerine), crude; glycerol waters and glycerol lyes",粗甘油；甘油水和甘油碱液,
HS,3,152090,"Other, including synthetic glycerol",其他，包括合成甘油,
HS,2,1521,"Vegetable waxes (other than triglycerides), beeswax, other insect waxes and spermaceti, whether or not refined or coloured.",植物蜡（甘油三酸酯除外）、蜂蜡、其他昆虫蜡及鲸蜡，不论是否精制或着色,
HS,3,152110,Vegetable waxes,植物蜡,
HS,3,152190,Other,其他,
HS,2,1522,Degras; residues resulting from the treatment of fatty substances or animal or vegetable waxes.,脱脂剂；脂肪物质或动物或植物蜡处理后产生的残留物,
HS,3,152200,Degras; residues resulting from the treatment of fatty substances or animal or vegetable waxes,脱脂；脂肪物质或动物或植物蜡处理后产生的残留物,
HS,1,16,"PREPARATIONS OF MEAT, OF FISH OR OF CRUSTACEANS, MOLLUSCS OR OTHER AQUATIC INVERTEBRATES",肉类、鱼类、甲壳类、软体动物或其他水生无脊椎动物的制品,
HS,2,1601,"Sausages and similar products, of meat, meat offal or blood; food preparations based on these products.",用肉、肉内脏或血液制成的香肠及类似产品；以这些产品为基础的食品制剂,
HS,3,160100,"Sausages and similar products, of meat, meat offal or blood; food preparations based on these products",肉、肉内脏或血液制成的香肠及类似产品；以这些产品为基础的食品制剂,
HS,2,1602,"Other prepared or preserved meat, meat offal or blood.",其他已调制或保藏的肉、杂碎或血,
HS,3,160210,Homogenised preparations,均质制剂,
HS,3,160220,Of liver of any animal,任何动物的肝脏,
HS,3,160231,Of turkeys,火鸡,
HS,3,160232,Of fowls of the species Gallus domesticus,家鸡,
HS,3,160239,Other,其他,
HS,3,160241,Hams and cuts thereof,火腿及其切块,
HS,3,160242,Shoulders and cuts thereof,肩部及其切口,
HS,3,160249,"Other, including mixtures",其他，包括混合物,
HS,3,160250,Of bovine animals,牛类动物,
HS,3,160290,"Other, including preparations of blood of any animal",其他，包括任何动物血液制剂,
HS,2,1603,"Extracts and juices of meat, fish or crustaceans, molluscs or other aquatic invertebrates.",肉、鱼、甲壳类动物、软体动物或其他水生无脊椎动物的提取物和汁液,
HS,3,160300,"Extracts and juices of meat, fish or crustaceans, molluscs or other aquatic invertebrates",肉、鱼、甲壳类动物、软体动物或其他水生无脊椎动物的提取物和汁液,
HS,2,1604,Prepared or preserved fish; caviar and caviar substitutes prepared from fish eggs.,制作或保藏的鱼；用鱼子制成的鱼子酱和鱼子酱替代品,
HS,3,160411,Salmon,三文鱼,
HS,3,160412,Herring,鲱鱼,
HS,3,160413,"Sardines, sardinella and brisling or sprats",沙丁鱼、小沙丁鱼和鲂鱼或鲱鱼,
HS,3,160414,"Tuna, skipjack and bonito (Sarda spp.)",金枪鱼、鲣鱼和鲣鱼（萨尔达鱼属）,
HS,3,160415,Mackerel,鲭鱼,
HS,3,160416,Anchovies,凤尾鱼,
HS,3,160417,Eels,鳗鱼,
HS,3,160418,Shark fins,鲨鱼鳍,
HS,3,160419,Other,其他,
HS,3,160420,Other prepared or preserved fish,其他制作或保藏的鱼,
HS,3,160430,Caviar and caviar substitutes,鱼子酱和鱼子酱替代品,
HS,3,160431,Caviar,鱼子酱,
HS,3,160432,Caviar substitutes,鱼子酱替代品,
HS,2,1605,"Crustaceans, molluscs and other aquatic invertebrates, prepared or preserved.",已制备或保藏的甲壳类动物、软体动物和其他水生无脊椎动物,
HS,3,160510,Crab,螃蟹,
HS,3,160520,Shrimps and prawns,虾和对虾,
HS,3,160521,Not in airtight containers,不在密封容器中,
HS,3,160529,Other,其他,
HS,3,160530,Lobster,龙虾,
HS,3,160540,Other crustaceans,其他甲壳类动物,
HS,3,160551,Oysters,牡蛎,
HS,3,160552,"Scallops, including queen scallops",扇贝，包括女王扇贝,
HS,3,160553,Mussels,贻贝,
HS,3,160554,Cuttlefish and squid,乌贼和鱿鱼,
HS,3,160555,Octopus,章鱼,
HS,3,160556,"Clams, cockles and arkshells",蛤蜊、鸟蛤和赤贝,
HS,3,160557,Abalone,鲍鱼,
HS,3,160558,"Snails, other than sea snails",除海螺以外的蜗牛,
HS,3,160559,Other,其他,
HS,3,160561,Sea cucumbers,海参,
HS,3,160562,Sea urchins,海胆,
HS,3,160563,Jellyfish,海蜇,
HS,3,160569,Other,其他,
HS,3,160590,Other,其他,
HS,1,17,SUGARS AND SUGAR CONFECTIONERY,糖和糖果,
HS,2,1701,"Cane or beet sugar and chemically pure sucrose, in solid form.",固体形式的甘蔗糖或甜菜糖以及化学纯蔗糖,
HS,3,170111,Cane sugar,蔗糖,
HS,3,170112,Beet sugar,甜菜糖,
HS,3,170113,Cane sugar specified in subheading note 2 to this chapter,本章子目注释2规定的蔗糖,
HS,3,170114,Other cane sugar,其他蔗糖,
HS,3,170191,Containing added flavouring or colouring matter,含有添加的调味剂或色素,
HS,3,170199,Other,其他,
HS,2,1702,"Other sugars, including chemically pure lactose, maltose, glucose and fructose, in solid form; sugar syrups not containing added flavouring or colouring matter; artificial honey, whether or not mixed with natural honey; caramel.",其他糖，包括化学纯的乳糖、麦芽糖、葡萄糖和果糖，固体；未添加调味剂或着色剂的糖浆；人造蜂蜜，不论是否与天然蜂蜜混合；焦糖,
HS,3,170210,Lactose and lactose syrup,乳糖和乳糖浆,
HS,3,170211,"Containing by weight 99 % or more lactose, expressed as anhydrous lactose, calculated on the dry matter",按重量计含99％或以上的乳糖，以无水乳糖表示，以干物质计算,
HS,3,170219,Other,其他,
HS,3,170220,Maple sugar and maple syrup,枫糖和枫糖浆,
HS,3,170230,"Glucose and glucose syrup, not containing fructose or containing in the dry state less than 20 % by weight of fructose",葡萄糖和葡萄糖浆，不含果糖或干燥状态下果糖含量低于20%（重量）,
HS,3,170240,"Glucose and glucose syrup, containing in the dry state at least 20 % but less than 50 % by weight of fructose, excluding invert sugar",葡萄糖和葡萄糖浆，干燥状态下含有至少20%但少于50%重量的果糖，不包括转化糖,
HS,3,170250,Chemically pure fructose,化学纯果糖,
HS,3,170260,"Other fructose and fructose syrup, containing in the dry state more than 50 % by weight of fructose, excluding invert sugar",其他果糖及果糖浆，干燥状态下果糖含量超过50%（转化糖除外）,
HS,3,170290,"Other, including invert sugar and other sugar and sugar syrup blends containing in the dry state 50 % by weight of fructose",其他，包括转化糖和其他糖和糖浆混合物，在干燥状态下含有 50% 重量的果糖,
HS,2,1703,Molasses resulting from the extraction or refining of sugar.,糖蜜是由糖提取或精炼而产生的,
HS,3,170310,Cane molasses,甘蔗糖蜜,
HS,3,170390,Other,其他,
HS,2,1704,"Sugar confectionery (including white chocolate), not containing cocoa.",不含可可的糖果（包括白巧克力）,
HS,3,170410,"Chewing gum, whether or not sugar-coated",口香糖，无论是否裹糖,
HS,3,170490,Other,其他,
HS,1,18,COCOA AND COCOA PREPARATIONS,可可和可可制品,
HS,2,1801,"Cocoa beans, whole or broken, raw or roasted.",可可豆，整颗或碎颗，生的或烤的,
HS,3,180100,"Cocoa beans, whole or broken, raw or roasted",可可豆，整粒或碎粒，生的或烤的,
HS,2,1802,"Cocoa shells, husks, skins and other cocoa waste.",可可壳、可可皮、可可皮和其他可可废料,
HS,3,180200,"Cocoa shells, husks, skins and other cocoa waste",可可壳、可可皮、可可渣及其他可可废料,
HS,2,1803,"Cocoa paste, whether or not defatted.",可可糊，不论是否脱脂,
HS,3,180310,Not defatted,未脱脂,
HS,3,180320,Wholly or partly defatted,全部或部分脱脂,
HS,2,1804,"Cocoa butter, fat and oil.",可可脂、脂肪和油,
HS,3,180400,"Cocoa butter, fat and oil",可可脂、脂肪和油,
HS,2,1805,"Cocoa powder, not containing added sugar or other sweetening matter.",可可粉，不含有添加糖或其他甜味物质,
HS,3,180500,"Cocoa powder, not containing added sugar or other sweetening matter",可可粉，不添加糖或其他甜味物质,
HS,2,1806,Chocolate and other food preparations containing cocoa.,巧克力和其他含有可可的食品制品,
HS,3,180610,"Cocoa powder, containing added sugar or other sweetening matter",可可粉，含添加糖或其他甜味物质,
HS,3,180620,"Other preparations in blocks, slabs or bars weighing more than 2 kg or in liquid, paste, powder, granular or other bulk form in containers or immediate packings, of a content exceeding 2 kg",块状、板状或条状制剂，重量超过 2 公斤，或液体、糊状、粉末、颗粒状或其他散装形式，容器或直接包装，含量超过 2 公斤,
HS,3,180631,Filled,已填充,
HS,3,180632,Not filled,未填写,
HS,3,180690,Other,其他,
HS,1,19,"PREPARATIONS OF CEREALS, FLOUR, STARCH OR MILK; PASTRYCOOKS' PRODUCTS",谷物、面粉、淀粉或牛奶制品；糕点产品,
HS,2,1901,"Malt extract; food preparations of flour, groats, meal, starch or malt extract, not containing cocoa or containing less than 40 % by weight of cocoa calculated on a totally defatted basis, not elsewhere specified or included; food preparations of goods of",麦芽提取物；面粉、碎麦粒、粗粉、淀粉或麦芽提取物制成的食品制剂，不含可可或按完全脱脂计算可可含量低于40%的食品制剂，未在其他地方列明或列入；,
HS,3,190110,"Preparations suitable for infants or young children, put up for retail sale",供婴儿或幼儿使用的零售制品,
HS,3,190120,Mixes and doughs for the preparation of bakers' wares of heading 1905,用于制作1905类烘焙食品的混合物和面团,
HS,3,190190,Other,其他,
HS,2,1902,"Pasta, whether or not cooked or stuffed (with meat or other substances) or otherwise prepared, such as spaghetti, macaroni, noodles, lasagne, gnocchi, ravioli, cannelloni; couscous, whether or not prepared.",意大利面食，无论是否煮熟或填馅（含肉或其他物质）或以其他方式制备，例如意大利面条、通心粉、面条、千层面、土豆丸子、馄饨、烤宽面条；蒸粗麦粉，无论是否制备,
HS,3,190211,Containing eggs,含有鸡蛋,
HS,3,190219,Other,其他,
HS,3,190220,"Stuffed pasta, whether or not cooked or otherwise prepared",填馅意大利面，无论是否煮熟或以其他方式制备,
HS,3,190230,Other pasta,其他面食,
HS,3,190240,Couscous,库斯库斯,
HS,2,1903,"Tapioca and substitutes therefor prepared from starch, in the form of flakes, grains, pearls, siftings or in similar forms.",由淀粉制成的木薯及其替代品，呈薄片、颗粒、珍珠、筛子或类似形状,
HS,3,190300,"Tapioca and substitutes therefor prepared from starch, in the form of flakes, grains, pearls, siftings or similar forms",由淀粉制成的木薯及其替代品，呈片状、粒状、珠状、筛状或类似形状,
HS,2,1904,"Prepared foods obtained by the swelling or roasting of cereals or cereal products (for example, corn flakes); cereals (other than maize (corn)) in grain form or in the form of flakes or other worked grains (except flour, groats and meal), pre-cooked, or o",通过膨化或烘烤谷物或谷物产品（例如玉米片）获得的预制食品；谷物（玉米除外）的颗粒状或片状或其他加工谷物（面粉、去壳燕麦和粗粉除外），预煮或,
HS,3,190410,Prepared foods obtained by the swelling or roasting of cereals or cereal products,通过谷物或谷物制品的膨胀或烘烤而获得的预制食品,
HS,3,190420,Prepared foods obtained from unroasted cereal flakes or from mixtures of unroasted cereal flakes and roasted cereal flakes or swelled cereals,用未经烘烤的谷物片或未经烘烤的谷物片与烘烤的谷物片或膨化谷物的混合物制成的预制食品,
HS,3,190430,Bulgur wheat,碎小麦,
HS,3,190490,Other,其他,
HS,2,1905,"Bread, pastry, cakes, biscuits and other bakers' wares, whether or not containing cocoa; communion wafers, empty cachets of a kind suitable for pharmaceutical use, sealing wafers, rice paper and similar products.",面包、糕点、蛋糕、饼干及其他烘焙制品，不论是否含有可可；圣餐薄饼、适用于药物的空囊、密封薄饼、宣纸及类似产品,
HS,3,190510,Crispbread,薄脆,
HS,3,190520,Gingerbread and the like,姜饼之类的,
HS,3,190530,Sweet biscuits; waffles and wafers,甜饼干；华夫饼和威化饼,
HS,3,190531,Sweet biscuits,甜饼干,
HS,3,190532,Waffles and wafers,华夫饼和威化饼,
HS,3,190540,"Rusks, toasted bread and similar toasted products",面包干、烤面包和类似的烤制品,
HS,3,190590,Other,其他,
HS,1,20,"PREPARATIONS OF VEGETABLES, FRUIT, NUTS OR OTHER PARTS OF PLANTS",蔬菜、水果、坚果或植物其他部分的制品,
HS,2,2001,"Vegetables, fruit, nuts and other edible parts of plants, prepared or preserved by vinegar or acetic acid.",用醋或乙酸制备或保藏的蔬菜、水果、坚果和植物的其他可食用部分,
HS,3,200110,Cucumbers and gherkins,黄瓜和小黄瓜,
HS,3,200120,Onions,洋葱,
HS,3,200190,Other,其他,
HS,2,2002,Tomatoes prepared or preserved otherwise than by vinegar or acetic acid.,除用醋或乙酸以外其他方法制备或保存的西红柿,
HS,3,200210,"Tomatoes, whole or in pieces",西红柿，整个或切块,
HS,3,200290,Other,其他,
HS,2,2003,"Mushrooms and truffles, prepared or preserved otherwise than by vinegar or acetic acid.",蘑菇和松露，以醋或乙酸以外的方式制备或保存,
HS,3,200310,Mushrooms of the genus Agaricus,姬松茸属蘑菇,
HS,3,200320,Truffles,松露,
HS,3,200390,Other,其他,
HS,2,2004,"Other vegetables prepared or preserved otherwise than by vinegar or acetic acid, frozen, other than products of heading 20.06.",除税目 20.06 的产品外，以醋或乙酸以外的其他方式制作或保藏的其他冷冻蔬菜,
HS,3,200410,Potatoes,土豆,
HS,3,200490,Other vegetables and mixtures of vegetables,其他蔬菜及混合蔬菜,
HS,2,2005,"Other vegetables prepared or preserved otherwise than by vinegar or acetic acid, not frozen, other than products of heading 20.06.",除税目 20.06 的产品外，未经冷冻的其他以醋或乙酸以外的方式制备或保藏的蔬菜,
HS,3,200510,Homogenised vegetables,均质蔬菜,
HS,3,200520,Potatoes,土豆,
HS,3,200530,Sauerkraut,酸菜,
HS,3,200540,Peas (Pisum sativum),豌豆（Pisum sativum）,
HS,3,200551,"Beans, shelled",去壳豆子,
HS,3,200559,Other,其他,
HS,3,200560,Asparagus,芦笋,
HS,3,200570,Olives,橄榄,
HS,3,200580,Sweetcorn (Zea mays var.saccharata),甜玉米（Zea mays var.saccharata）,
HS,3,200590,Other vegetables and mixtures of vegetables,其他蔬菜及混合蔬菜,
HS,3,200591,Bamboo shoots,竹笋,
HS,3,200599,Other,其他,
HS,2,2006,"Vegetables, fruit, nuts, fruit-peel and other parts of plants, preserved by sugar (drained, glacé or crystallised).",蔬菜、水果、坚果、果皮和植物的其他部分，用糖保存（沥干、糖渍或结晶）,
HS,3,200600,"Vegetables, fruit, nuts, fruit-peel and other parts of plants, preserved by sugar (drained, glacé or crystallised)",蔬菜、水果、坚果、果皮及植物的其他部分，用糖保存（沥干、糖渍或结晶）,
HS,2,2007,"Jams, fruit jellies, marmalades, fruit or nut purée and fruit or nut pastes, obtained by cooking, whether or not containing added sugar or other sweetening matter.",通过烹饪获得的果酱、果冻、柑橘酱、水果或坚果泥以及水果或坚果酱，不论是否含有添加的糖或其他甜味物质,
HS,3,200710,Homogenised preparations,均质制剂,
HS,3,200791,Citrus fruit,柑橘类水果,
HS,3,200799,Other,其他,
HS,2,2008,"Fruit, nuts and other edible parts of plants, otherwise prepared or preserved, whether or not containing added sugar or other sweetening matter or spirit, not elsewhere specified or included.",水果、坚果和植物的其他可食用部分，以其他方式制备或保藏，不论是否含有未在其他地方列明或包括的添加糖或其他甜物质或酒精,
HS,3,200811,Groundnuts,花生,
HS,3,200819,"Other, including mixtures",其他，包括混合物,
HS,3,200820,Pineapples,菠萝,
HS,3,200830,Citrus fruit,柑橘类水果,
HS,3,200840,Pears,梨,
HS,3,200850,Apricots,杏子,
HS,3,200860,Cherries,樱桃,
HS,3,200870,"Peaches, including nectarines",桃子，包括油桃,
HS,3,200880,Strawberries,草莓,
HS,3,200891,Palm hearts,棕榈心,
HS,3,200892,Mixtures,混合物,
HS,3,200893,"Cranberries (Vaccinium macrocarpon, Vaccinium oxycoccos, Vaccinium vitis-idaea)",蔓越莓（Vaccinium macrocarpon、Vaccinium oxycoccos、Vaccinium vitis-idaea）,
HS,3,200897,Mixtures,混合物,
HS,3,200899,Other,其他,
HS,2,2009,"Fruit juices (including grape must) and vegetable juices, unfermented and not containing added spirit, whether or not containing added sugar or other sweetening matter.",果汁（包括葡萄汁）和蔬菜汁，未发酵且未添加酒精，不论是否添加糖或其他甜物质,
HS,3,200911,Frozen,《冰雪奇缘》,
HS,3,200912,"Not frozen, of a Brix value not exceeding 20",未冷冻，白利糖度值不超过20,
HS,3,200919,Other,其他,
HS,3,200920,Grapefruit juice,西柚汁,
HS,3,200921,Of a Brix value not exceeding 20,白利糖度值不超过 20,
HS,3,200929,Other,其他,
HS,3,200930,Juice of any other single citrus fruit,任何其他单一柑橘类水果的汁,
HS,3,200931,Of a Brix value not exceeding 20,白利糖度值不超过 20,
HS,3,200939,Other,其他,
HS,3,200940,Pineapple juice,菠萝汁,
HS,3,200941,Of a Brix value not exceeding 20,白利糖度值不超过 20,
HS,3,200949,Other,其他,
HS,3,200950,Tomato juice,番茄汁,
HS,3,200960,Grape juice (including grape must),葡萄汁（包括葡萄汁）,
HS,3,200961,Of a Brix value not exceeding 30,白利糖度值不超过 30,
HS,3,200969,Other,其他,
HS,3,200970,Apple juice,苹果汁,
HS,3,200971,Of a Brix value not exceeding 20,白利糖度值不超过 20,
HS,3,200979,Other,其他,
HS,3,200980,Juice of any other single fruit or vegetable,任何其他单一水果或蔬菜的汁液,
HS,3,200981,"Cranberry (Vaccinium macrocarpon, Vaccinium oxycoccos, Vaccinium vitis-idaea) juice",蔓越莓（Vaccinium macrocarpon、Vaccinium oxycoccos、Vaccinium vitis-idaea）果汁,
HS,3,200989,Other,其他,
HS,3,200990,Mixtures of juices,果汁混合物,
HS,1,21,MISCELLANEOUS EDIBLE PREPARATIONS,杂项食用制剂,
HS,2,2101,"Extracts, essences and concentrates, of coffee, tea or maté and preparations with a basis of these products or with a basis of coffee, tea or maté; roasted chicory and other roasted coffee substitutes, and extracts, essences and concentrates thereof.",咖啡、茶或马黛茶的提取物、香精和浓缩物，以及以这些产品或咖啡、茶或马黛茶为基础的制品；烤菊苣和其他烤咖啡代用品，以及它们的提取物、香精和浓缩物,
HS,3,210110,"Extracts, essences and concentrates, of coffee, and preparations with a basis of these extracts, essences or concentrates or with a basis of coffee",咖啡提取物、香精和浓缩物，以及以这些提取物、香精或浓缩物或以咖啡为基础的制剂,
HS,3,210111,"Extracts, essences and concentrates",提取物、香精和浓缩物,
HS,3,210112,"Preparations with a basis of these extracts, essences or concentrates or with a basis of coffee",以这些提取物、香精或浓缩物为基础或以咖啡为基础的制剂,
HS,3,210120,"Extracts, essences and concentrates, of tea or maté, and preparations with a basis of these extracts, essences or concentrates, or with a basis of tea or maté",茶或马黛茶的提取物、香精和浓缩物，以及以这些提取物、香精或浓缩物或以茶或马黛茶为基础的制剂,
HS,3,210130,"Roasted chicory and other roasted coffee substitutes, and extracts, essences and concentrates thereof",烤菊苣和其他烤咖啡替代品，以及其提取物、香精和浓缩物,
HS,2,2102,"Yeasts (active or inactive); other single-cell micro-organisms, dead (but not including vaccines of heading 30.02); prepared baking powders.",酵母（活性或非活性）；其他死的单细胞微生物（但不包括税目 30.02 的疫苗）；制备的发酵粉,
HS,3,210210,Active yeasts,活性酵母,
HS,3,210220,"Inactive yeasts; other single-cell micro-organisms, dead",不活跃的酵母；其他单细胞微生物，死亡,
HS,3,210230,Prepared baking powders,准备好的泡打粉,
HS,2,2103,Sauces and preparations therefor; mixed condiments and mixed seasonings; mustard flour and meal and prepared mustard.,酱汁及其制品；混合调味品和混合调味料；芥末粉和芥末粉以及芥末酱,
HS,3,210310,Soya sauce,酱油,
HS,3,210320,Tomato ketchup and other tomato sauces,番茄酱和其他番茄酱,
HS,3,210330,Mustard flour and meal and prepared mustard,芥末粉和芥末粉以及熟芥末,
HS,3,210390,Other,其他,
HS,2,2104,Soups and broths and preparations therefor; homogenised composite food preparations.,汤和肉汤及其制品；均质复合食品制品,
HS,3,210410,Soups and broths and preparations therefor,汤和肉汤及其制品,
HS,3,210420,Homogenised composite food preparations,均质复合食品制剂,
HS,2,2105,"Ice cream and other edible ice, whether or not containing cocoa.",冰淇淋和其他可食用冰，无论是否含有可可,
HS,3,210500,"Ice cream and other edible ice, whether or not containing cocoa",冰淇淋和其他食用冰，无论是否含有可可,
HS,2,2106,Food preparations not elsewhere specified or included.,其他地方未指定或未包括的食品制剂,
HS,3,210610,Protein concentrates and textured protein substances,蛋白质浓缩物和组织蛋白质物质,
HS,3,210690,Other,其他,
HS,1,22,"BEVERAGES, SPIRITS AND VINEGAR",饮料、烈酒和醋,
HS,2,2201,"Waters, including natural or artificial mineral waters and aerated waters, not containing added sugar or other sweetening matter nor flavoured; ice and snow.",水，包括天然或人工矿泉水和充气水，不添加糖或其他甜物质，也不添加调味剂；冰和雪,
HS,3,220110,Mineral waters and aerated waters,矿泉水和汽水,
HS,3,220190,Other,其他,
HS,2,2202,"Waters, including mineral waters and aerated waters, containing added sugar or other sweetening matter or flavoured, and other non-alcoholic beverages, not including fruit or vegetable juices of heading 20.09.",水，包括矿泉水和充气水，添加糖或其他甜物质或调味剂，以及其他非酒精饮料，不包括税目 20.09 的果汁或蔬菜汁,
HS,3,220210,"Waters, including mineral waters and aerated waters, containing added sugar or other sweetening matter or flavoured",含有添加糖或其他甜味物质或调味剂的水，包括矿泉水和汽水,
HS,3,220290,Other,其他,
HS,3,220291,Non-alcoholic beer,无酒精啤酒,
HS,3,220299,Other,其他,
HS,2,2203,Beer made from malt.,用麦芽酿造的啤酒,
HS,3,220300,Beer made from malt,麦芽酿造的啤酒,
HS,2,2204,"Wine of fresh grapes, including fortified wines; grape must other than that of heading 20.09.",用新鲜葡萄酿制的葡萄酒，包括加强葡萄酒；除税目 20.09 以外的葡萄汁,
HS,3,220410,Sparkling wine,起泡酒,
HS,3,220421,In containers holding 2 litres or less,容量不超过 2 升的容器,
HS,3,220422,In containers holding more than 2 litres but not more than 10 litres,容量超过 2 升但不超过 10 升的容器,
HS,3,220429,Other,其他,
HS,3,220430,Other grape must,其他葡萄汁,
HS,2,2205,Vermouth and other wine of fresh grapes flavoured with plants or aromatic substances.,苦艾酒和其他用植物或芳香物质调味的新鲜葡萄酒,
HS,3,220510,In containers holding 2 litres or less,容量不超过 2 升的容器,
HS,3,220590,Other,其他,
HS,2,2206,"Other fermented beverages (for example, cider, perry, mead); mixtures of fermented beverages and mixtures of fermented beverages and non-alcoholic beverages, not elsewhere specified or included.",其他发酵饮料（例如，苹果酒、梨酒、蜂蜜酒）；未在其他地方列明或包括的发酵饮料混合物以及发酵饮料和非酒精饮料的混合物,
HS,3,220600,"Other fermented beverages (for example, cider, perry, mead, saké); mixtures of fermented beverages and mixtures of fermented beverages and non-alcoholic beverages, not elsewhere specified or included",其他发酵饮料（例如，苹果酒、梨酒、蜂蜜酒、清酒）；未在其他地方列明或包括的发酵饮料混合物以及发酵饮料与非酒精饮料的混合物,
HS,2,2207,"Undenatured ethyl alcohol of an alcoholic strength by volume of 80 % vol. or higher; ethyl alcohol and other spirits, denatured, of any strength.",酒精浓度为 80% vol. 或更高的未变性乙醇；任何浓度的变性乙醇和其他烈性酒,
HS,3,220710,Undenatured ethyl alcohol of an alcoholic strength by volume of 80 % vol or higher,酒精浓度为 80% 或更高的未变性乙醇,
HS,3,220720,"Ethyl alcohol and other spirits, denatured, of any strength",任何浓度的变性乙醇及其他烈性酒,
HS,2,2208,"Undenatured ethyl alcohol of an alcoholic strength by volume of less than 80 % vol.; spirits, liqueurs and other spirituous beverages.",酒精浓度低于 80% vol. 的未变性乙醇；烈酒、利口酒和其他酒精饮料,
HS,3,220810,Compound alcoholic preparations of a kind used for the manufacture of beverages,用于制造饮料的复合酒精制剂,
HS,3,220820,Spirits obtained by distilling grape wine or grape marc,通过蒸馏葡萄酒或葡萄渣获得的烈酒,
HS,3,220830,Whiskies,威士忌,
HS,3,220840,Rum and other spirits obtained by distilling fermented sugar-cane products,朗姆酒和其他通过蒸馏发酵甘蔗产品获得的烈酒,
HS,3,220850,Gin and Geneva,杜松子酒和日内瓦,
HS,3,220860,Vodka,伏特加酒,
HS,3,220870,Liqueurs and cordials,利口酒和甜酒,
HS,3,220890,Other,其他,
HS,2,2209,Vinegar and substitutes for vinegar obtained from acetic acid.,由乙酸获得的醋和醋的替代品,
HS,3,220900,Vinegar and substitutes for vinegar obtained from acetic acid,醋和由醋酸获得的醋替代品,
HS,1,23,RESIDUES AND WASTE FROM THE FOOD INDUSTRIES; PREPARED ANIMAL FODDER,食品工业产生的残渣和废料；加工好的动物饲料,
HS,2,2301,"Flours, meals and pellets, of meat or meat offal, of fish or of crustaceans, molluscs or other aquatic invertebrates, unfit for human consumption; greaves.",不适合人类食用的肉或肉内脏、鱼类或甲壳类动物、软体动物或其他水生无脊椎动物的面粉、粗粉和颗粒；油渣,
HS,3,230110,"Flours, meals and pellets, of meat or meat offal; greaves",肉或肉内脏的面粉、粗粉和颗粒；肉油渣,
HS,3,230120,"Flours, meals and pellets, of fish or of crustaceans, molluscs or other aquatic invertebrates",鱼、甲壳类动物、软体动物或其他水生无脊椎动物的粉、粗粉和颗粒,
HS,2,2302,"Bran, sharps and other residues, whether or not in the form of pellets, derived from the sifting, milling or other working of cereals or of leguminous plants.",谷物或豆科植物在筛选、碾磨或其他加工过程中产生的麸皮、碎屑及其他残留物，不论是否制成颗粒状,
HS,3,230210,Of maize (corn),玉米,
HS,3,230220,Of rice,米饭,
HS,3,230230,Of wheat,小麦,
HS,3,230240,Of other cereals,其他谷物,
HS,3,230250,Of leguminous plants,豆科植物,
HS,2,2303,"Residues of starch manufacture and similar residues, beet-pulp, bagasse and other waste of sugar manufacture, brewing or distilling dregs and waste, whether or not in the form of pellets.",淀粉制造的残渣及类似的残渣、甜菜渣、甘蔗渣及制糖的其他废料、酿造或蒸馏的渣滓及废料，不论是否为颗粒状,
HS,3,230310,Residues of starch manufacture and similar residues,淀粉制造残留物及类似残留物,
HS,3,230320,"Beet-pulp, bagasse and other waste of sugar manufacture",甜菜渣、甘蔗渣和其他制糖废料,
HS,3,230330,Brewing or distilling dregs and waste,酿造或蒸馏的残渣和废料,
HS,2,2304,"Oil-cake and other solid residues, whether or not ground or in the form of pellets, resulting from the extraction of soyabean oil.",大豆油提取过程中产生的油饼和其他固体残留物，不论是否磨碎或制成颗粒状,
HS,3,230400,"Oilcake and other solid residues, whether or not ground or in the form of pellets, resulting from the extraction of soya-bean oil",大豆油提取产生的油饼和其他固体残渣，无论是否磨碎或制成颗粒状,
HS,2,2305,"Oil-cake and other solid residues, whether or not ground or in the form of pellets, resulting from the extraction of ground-nut oil.",花生油提取过程中产生的油饼和其他固体残留物，不论是否磨碎或制成颗粒状,
HS,3,230500,"Oilcake and other solid residues, whether or not ground or in the form of pellets, resulting from the extraction of groundnut oil",花生油提取产生的油饼和其他固体残留物，无论是否磨碎或制成颗粒状,
HS,2,2306,"Oil-cake and other solid residues, whether or not ground or in the form of pellets, resulting from the extraction of vegetable fats or oils, other than those of heading 23.04 or 23.05.",油饼及其他固体残渣，不论是否磨碎或制成颗粒状，由植物脂肪或油类提取而产生，但税目 23.04 或 23.05 的货品除外,
HS,3,230610,Of cotton seeds,棉花种子,
HS,3,230620,Of linseed,亚麻籽,
HS,3,230630,Of sunflower seeds,葵花籽,
HS,3,230640,Of rape or colza seeds,油菜籽或菜籽,
HS,3,230641,Of low erucic acid rape or colza seeds,低芥酸油菜籽或菜籽,
HS,3,230649,Other,其他,
HS,3,230650,Of coconut or copra,椰子或椰干,
HS,3,230660,Of palm nuts or kernels,棕榈坚果或棕榈仁,
HS,3,230670,Of maize (corn) germ,玉米胚芽,
HS,3,230690,Other,其他,
HS,2,2307,Wine lees; argol.,酒糟；酒泥,
HS,3,230700,Wine lees; argol,酒糟；酒泥,
HS,2,2308,"Vegetable materials and vegetable waste, vegetable residues and by-products, whether or not in the form of pellets, of a kind used in animal feeding, not elsewhere specified or included.",未在其他地方列明或包括的植物材料和植物废弃物、植物残渣和副产品，不论是否为颗粒状，用于动物饲养,
HS,3,230800,"Vegetable materials and vegetable waste, vegetable residues and by-products, whether or not in the form of pellets, of a kind used in animal feeding, not elsewhere specified or included",植物材料和植物废料、植物残渣和副产品，无论是否为颗粒状，用于动物饲养，未在其他地方指定或包括,
HS,3,230810,Acorns and horse-chestnuts,橡子和七叶树,
HS,3,230890,Other,其他,
HS,2,2309,Preparations of a kind used in animal feeding.,用于动物饲养的一种制剂,
HS,3,230910,"Dog or cat food, put up for retail sale",零售狗粮或猫粮,
HS,3,230990,Other,其他,
HS,1,24,TOBACCO AND MANUFACTURED TOBACCO SUBSTITUTES,烟草和烟草制品,
HS,2,2401,Unmanufactured tobacco; tobacco refuse.,未加工的烟草；烟草废料,
HS,3,240110,"Tobacco, not stemmed/stripped",未去梗/去皮的烟草,
HS,3,240120,"Tobacco, partly or wholly stemmed/stripped",部分或全部去梗/去皮的烟草,
HS,3,240130,Tobacco refuse,烟草垃圾,
HS,2,2402,"Cigars, cheroots, cigarillos and cigarettes, of tobacco or of tobacco substitutes.",雪茄、方头雪茄、小雪茄和香烟，由烟草或烟草代用品制成,
HS,3,240210,"Cigars, cheroots and cigarillos, containing tobacco",含有烟草的雪茄、方头雪茄和小雪茄,
HS,3,240220,Cigarettes containing tobacco,含烟草的香烟,
HS,3,240290,Other,其他,
HS,2,2403,Other manufactured tobacco and manufactured tobacco substitutes; “homogenised” or “reconstituted” tobacco; tobacco extracts and essences.,其他制成的烟草和制成的烟草替代品；“均质”或“再造”烟草；烟草提取物和香精,
HS,3,240310,"Smoking tobacco, whether or not containing tobacco substitutes in any proportion",吸烟烟草，无论是否含有任何比例的烟草替代品,
HS,3,240311,Water-pipe tobacco specified in subheading note 1 to this chapter,本章子目注释1规定的水烟烟草,
HS,3,240319,Other,其他,
HS,3,240391,‘Homogenised’ or ‘reconstituted’ tobacco,“均质”或“再造”烟草,
HS,3,240399,Other,其他,
HS,2,2404,"Products containing tobacco, reconstituted tobacco, nicotine, or tobacco or nicotine substitutes, intended for inhalation without combustion; other nicotine containing products intended for the intake of nicotine into the human body",含有烟草、再造烟草、尼古丁或烟草或尼古丁替代品的产品，用于吸入而不燃烧；其他含尼古丁的产品，用于将尼古丁摄入人体,
HS,3,240411,"Products containing tobacco or reconstituted tobacco, intended for inhalation without combustion",含有烟草或再造烟草的产品，用于吸入而不燃烧,
HS,3,240412,"Products containing nicotine, other than tobacco or reconstituted tobacco, intended for inhalation without combustion",除烟草或再造烟草外，含有尼古丁的产品，用于吸入而不燃烧,
HS,3,240419,"Products containing tobacco or nicotine substitutes, intended for inhalation without combustion",含有烟草或尼古丁替代品的产品，用于吸入而不燃烧,
HS,3,240491,"Products n.e.c. in heading 2404, intended for the intake of nicotine into the human body, for oral application",2404 类产品，用于将尼古丁吸入人体，用于口服,
HS,3,240492,"Products n.e.c. in heading 2404, intended for the intake of nicotine into the human body, for transdermal application",2404 类产品，用于将尼古丁吸入人体，用于透皮应用,
HS,3,240499,"Products n.e.c. in heading 2404, intended for the intake of nicotine into the human body, by ways other than inhalation, and other than oral or transdermal application",2404 类产品，用于通过吸入以外的方式以及口服或透皮应用以外的方式将尼古丁摄入人体,
HS,1,25,"SALT; SULPHUR; EARTHS AND STONE; PLASTERING MATERIALS, LIME AND CEMENT",盐；硫；土和石；抹灰材料、石灰和水泥,
HS,2,2501,"Salt (including table salt and denatured salt) and pure sodium chloride, whether or not in aqueous solution or containing added anti-caking or free-flowing agents; sea water.",盐（包括食盐和变性盐）及纯氯化钠，不论是否为水溶液或含有添加的抗结块剂或助流动剂；海水,
HS,3,250100,"Salt (including table salt and denatured salt) and pure sodium chloride, whether or not in aqueous solution or containing added anti-caking or free-flowing agents; sea water",盐（包括食盐和变性盐）及纯氯化钠，不论是否为水溶液或含有添加的抗结块剂或助流剂；海水,
HS,2,2502,Unroasted iron pyrites.,未焙烧的黄铁矿,
HS,3,250200,Unroasted iron pyrites,未焙烧的黄铁矿,
HS,2,2503,"Sulphur of all kinds, other than sublimed sulphur, precipitated sulphur and colloidal sulphur.",除升华硫、沉淀硫和胶体硫之外的所有种类的硫,
HS,3,250300,"Sulphur of all kinds, other than sublimed sulphur, precipitated sulphur and colloidal sulphur",除升华硫、沉淀硫和胶体硫之外的所有种类的硫,
HS,3,250310,Crude or unrefined sulphur,粗制或未精制硫磺,
HS,3,250390,Other,其他,
HS,2,2504,Natural graphite.,天然石墨,
HS,3,250410,In powder or in flakes,粉末或薄片,
HS,3,250490,Other,其他,
HS,2,2505,"Natural sands of all kinds, whether or not coloured, other than metalbearing sands of Chapter 26.",各种天然砂，不论是否着色，但第 26 章的含金属砂除外,
HS,3,250510,Silica sands and quartz sands,硅砂和石英砂,
HS,3,250590,Other,其他,
HS,2,2506,"Quartz (other than natural sands); quartzite, whether or not roughly trimmed or merely cut, by sawing or otherwise, into blocks or slabs of a rectangular (including square) shape.",石英（天然砂除外）；石英岩，不论是否经过粗略修整或仅仅通过锯切或其他方式切割成矩形（包括正方形）的块或板,
HS,3,250610,Quartz,石英,
HS,3,250620,Quartzite,石英岩,
HS,3,250621,Crude or roughly trimmed,粗糙或粗略修剪,
HS,3,250629,Other,其他,
HS,2,2507,"Kaolin and other kaolinic clays, whether or not calcined.",高岭土及其他高岭土，不论是否煅烧,
HS,3,250700,"Kaolin and other kaolinic clays, whether or not calcined",高岭土及其他高岭土，不论是否煅烧,
HS,2,2508,"Other clays (not including expanded clays of heading 68.06), andalusite, kyanite and sillimanite, whether or not calcined; mullite; chamotte or dinas earths.",其他粘土（不包括税目68.06的膨胀粘土）、红柱石、蓝晶石及硅线石，不论是否煅烧；莫来石；耐火粘土或砂石土,
HS,3,250810,Bentonite,膨润土,
HS,3,250820,Decolourising earths and fuller's earth,脱色土和漂白土,
HS,3,250830,Fireclay,耐火粘土,
HS,3,250840,Other clays,其他粘土,
HS,3,250850,"Andalusite, kyanite and sillimanite",红柱石、蓝晶石和硅线石,
HS,3,250860,Mullite,莫来石,
HS,3,250870,Chamotte or dinas earths,耐火粘土或砂土,
HS,2,2509,Chalk.,粉笔,
HS,3,250900,Chalk,粉笔,
HS,2,2510,"Natural calcium phosphates, natural aluminium calcium phosphates and phosphatic chalk.",天然磷酸钙、天然磷酸铝钙和磷酸盐白垩,
HS,3,251010,Unground,未磨碎,
HS,3,251020,Ground,地面,
HS,2,2511,"Natural barium sulphate (barytes); natural barium carbonate (witherite), whether or not calcined, other than barium oxide of heading 28.16.",天然硫酸钡（重晶石）；天然碳酸钡（毒重石），不论是否煅烧，但税目 28.16 的氧化钡除外,
HS,3,251110,Natural barium sulphate (barytes),天然硫酸钡（重晶石）,
HS,3,251120,Natural barium carbonate (witherite),天然碳酸钡（毒重石）,
HS,2,2512,"Siliceous fossil meals (for example, kieselguhr, tripolite and diatomite) and similar siliceous earths, whether or not calcined, of an apparent specific gravity of 1 or less.",硅质化石粉（例如，硅藻土、硅藻土和硅藻土）及类似的硅质土，不论是否煅烧，表观比重不超过 1,
HS,3,251200,"Siliceous fossil meals (for example, kieselguhr, tripolite and diatomite) and similar siliceous earths, whether or not calcined, of an apparent specific gravity of 1 or less",硅质化石粉（例如，硅藻土、硅藻土和硅藻土）和类似的硅质土，无论是否煅烧，表观比重为 1 或更小,
HS,2,2513,"Pumice stone; emery; natural corundum, natural garnet and other natural abrasives, whether or not heat-treated.",浮石；金刚砂；天然刚玉、天然石榴石及其他天然磨料，不论是否经过热处理,
HS,3,251310,Pumice stone,浮石,
HS,3,251311,"Crude or in irregular pieces, including crushed pumice (bimskies'')",未加工的或不规则碎片，包括碎浮石（bimskies''）,
HS,3,251319,Other,其他,
HS,3,251320,"Emery, natural corundum, natural garnet and other natural abrasives",金刚砂、天然刚玉、天然石榴石等天然磨料,
HS,3,251321,Crude or in irregular pieces,粗糙或不规则碎片,
HS,3,251329,Other,其他,
HS,2,2514,"Slate, whether or not roughly trimmed or merely cut, by sawing or otherwise, into blocks or slabs of a rectangular (including square) shape.",板岩，无论是否经过粗略修整或仅仅通过锯切或其他方式切割成矩形（包括正方形）的块或板,
HS,3,251400,"Slate, whether or not roughly trimmed or merely cut, by sawing or otherwise, into blocks or slabs of a rectangular (including square) shape",板岩，无论是否经过粗略修整或仅仅通过锯切或其他方式切割成矩形（包括正方形）的块或板,
HS,2,2515,"Marble, travertine, ecaussine and other calcareous monumental or building stone of an apparent specific gravity of 2.5 or more, and alabaster, whether or not roughly trimmed or merely cut, by sawing or otherwise, into blocks or slabs of a rectangular (inc",大理石、石灰华、石灰华和其他表观比重为 2.5 或以上的石灰质纪念碑或建筑石材，以及雪花石膏，无论是否粗略修整或仅仅通过锯切或其他方式切割成矩形的块或板（包括,
HS,3,251511,Crude or roughly trimmed,粗糙或粗略修剪,
HS,3,251512,"Merely cut, by sawing or otherwise, into blocks or slabs of a rectangular (including square) shape",仅通过锯切或其他方式切割成矩形（包括正方形）的块或板,
HS,3,251520,Ecaussine and other calcareous monumental or building stone; alabaster,石灰石和其他石灰质纪念碑或建筑石材；雪花石膏,
HS,2,2516,"Granite, porphyry, basalt, sandstone and other monumental or building stone, whether or not roughly trimmed or merely cut, by sawing or otherwise, into blocks or slabs of a rectangular (including square) shape.",花岗岩、斑岩、玄武岩、砂岩和其他纪念碑或建筑用石料，不论是否经过粗略修整或仅仅通过锯切或其他方式切割成长方形（包括正方形）的块或板,
HS,3,251611,Crude or roughly trimmed,粗糙或粗略修剪,
HS,3,251612,"Merely cut, by sawing or otherwise, into blocks or slabs of a rectangular (including square) shape",仅通过锯切或其他方式切割成矩形（包括正方形）的块或板,
HS,3,251620,Sandstone,砂岩,
HS,3,251621,Crude or roughly trimmed,粗糙或粗略修剪,
HS,3,251622,"Merely cut, by sawing or otherwise, into blocks or slabs of a rectangular (including square) shape",仅通过锯切或其他方式切割成矩形（包括正方形）的块或板,
HS,3,251690,Other monumental or building stone,其他纪念碑或建筑石材,
HS,2,2517,"Pebbles, gravel, broken or crushed stone, of a kind commonly used for concrete aggregates, for road metalling or for railway or other ballast, shingle and flint, whether or not heat-treated; macadam of slag, dross or similar industrial waste, whether or n",鹅卵石、砾石、碎石或压碎石，通常用于混凝土骨料、道路铺路或铁路或其他压载物、木瓦和燧石，不论是否经过热处理；矿渣、浮渣或类似工业废料的碎石，不论是否,
HS,3,251710,"Pebbles, gravel, broken or crushed stone, of a kind commonly used for concrete aggregates, for road metalling or for railway or other ballast, shingle and flint, whether or not heat-treated",鹅卵石、砾石、碎石或压碎石，通常用于混凝土骨料、道路铺路或铁路或其他压载物、木瓦和燧石，不论是否经过热处理,
HS,3,251720,"Macadam of slag, dross or similar industrial waste, whether or not incorporating the materials cited in subheading 251710",矿渣、浮渣或类似工业废料的碎石，不论是否含有子目 251710 中所述的物质,
HS,3,251730,Tarred macadam,柏油碎石,
HS,3,251741,Of marble,大理石的,
HS,3,251749,Other,其他,
HS,2,2518,"Dolomite, whether or not calcined or sintered, including dolomite roughly trimmed or merely cut, by sawing or otherwise, into blocks or slabs of a rectangular (including square) shape; dolomite ramming mix.",白云石，不论是否煅烧或烧结，包括经过粗略修整或仅仅通过锯切或其他方式切割成长方形（包括正方形）的块或板的白云石；白云石捣打混合物,
HS,3,251810,"Dolomite, not calcined or sintered",未煅烧或烧结的白云石,
HS,3,251820,Calcined or sintered dolomite,煅烧或烧结白云石,
HS,3,251830,Dolomite ramming mix,白云石捣打混合料,
HS,2,2519,"Natural magnesium carbonate (magnesite); fused magnesia; dead-burned (sintered) magnesia, whether or not containing small quantities of other oxides added before sintering; other magnesium oxide, whether or not pure.",天然碳酸镁（菱镁矿）；电熔镁砂；重烧（烧结）镁砂，不论烧结前是否添加少量其他氧化物；其他氧化镁，不论是否纯净,
HS,3,251910,Natural magnesium carbonate (magnesite),天然碳酸镁（菱镁矿）,
HS,3,251990,Other,其他,
HS,2,2520,"Gypsum; anhydrite; plasters (consisting of calcined gypsum or calcium sulphate) whether or not coloured, with or without small quantities of accelerators or retarders.",石膏；硬石膏；灰泥（由烧石膏或硫酸钙组成），不论是否着色，不论是否含有少量促进剂或缓凝剂,
HS,3,252010,Gypsum; anhydrite,石膏；硬石膏,
HS,3,252020,Plasters,创可贴,
HS,2,2521,"Limestone flux; limestone and other calcareous stone, of a kind used for the manufacture of lime or cement.",石灰石熔剂；石灰石和其他钙质石，用于制造石灰或水泥,
HS,3,252100,"Limestone flux; limestone and other calcareous stone, of a kind used for the manufacture of lime or cement",石灰石熔剂；石灰石和其他钙质石，用于制造石灰或水泥,
HS,2,2522,"Quicklime, slaked lime and hydraulic lime, other than calcium oxide and hydroxide of heading 28.25.",生石灰、熟石灰及水硬性石灰，但税目 28.25 的氧化钙及氢氧化钙除外,
HS,3,252210,Quicklime,生石灰,
HS,3,252220,Slaked lime,熟石灰,
HS,3,252230,Hydraulic lime,水硬石灰,
HS,2,2523,"Portland cement, aluminous cement, slag cement, supersulphate cement and similar hydraulic cements, whether or not coloured or in the form of clinkers.",波特兰水泥、矾土水泥、矿渣水泥、过硫酸盐水泥及类似的水硬性水泥，不论是否着色或为熟料形式,
HS,3,252310,Cement clinkers,水泥熟料,
HS,3,252321,"White cement, whether or not artificially coloured",白水泥，无论是否人工着色,
HS,3,252329,Other,其他,
HS,3,252330,Aluminous cement,铝酸盐水泥,
HS,3,252390,Other hydraulic cements,其他水硬性水泥,
HS,2,2524,Asbestos.,石棉,
HS,3,252400,Asbestos.,石棉,
HS,3,252410,Crocidolite,青石棉,
HS,3,252490,Other,其他,
HS,2,2525,"Mica, including spliiting; mica waste.",云母，包括分裂云母；云母废料,
HS,3,252510,Crude mica and mica rifted into sheets or splittings,天然云母和裂成片状或碎片的云母,
HS,3,252520,Mica powder,云母粉,
HS,3,252530,Mica waste,云母废料,
HS,2,2526,"Natural steatite, whether or not roughly trimmed or merely cut, by sawing or otherwise, into blocks or slabs of a rectangular (including square) shape; talc.",天然滑石，不论是否经过粗略修整或仅仅通过锯切或其他方式切割成矩形（包括正方形）的块或板；滑石,
HS,3,252610,"Not crushed, not powdered",不压碎，不磨成粉,
HS,3,252620,Crushed or powdered,压碎或磨成粉,
HS,2,2527,Natural cryolite and natural chiolite,天然冰晶石和天然冰晶石,
HS,3,252700,Natural cryolite; natural chiolite,天然冰晶石；天然冰晶石,
HS,2,2528,"Natural borates and concentrates thereof (whether or not calcined), but not including borates separated from natural brine; natural boric acid containing not more than 85 % of H3BO3 calculated on the dry weight.",天然硼酸盐及其精矿（不论是否煅烧），但不包括从天然盐水中分离的硼酸盐；按干重计算，H3BO3 含量不超过 85% 的天然硼酸,
HS,3,252800,"Natural borates and concentrates thereof (whether or not calcined), but not including borates separated from natural brine; natural boric acid containing not more than 85 % of H3BO3 calculated on the dry weight",天然硼酸盐及其精矿（不论是否煅烧），但不包括从天然盐水中分离的硼酸盐；按干重计算，H3BO3 含量不超过 85% 的天然硼酸,
HS,3,252810,Natural sodium borates and concentrates thereof (whether or not calcined),天然硼酸钠及其精矿（不论是否煅烧）,
HS,3,252890,Other,其他,
HS,2,2529,"Feldspar; leucite, nepheline and nepheline syenite; fluorspar.",长石；白榴石、霞石和霞石正长岩；萤石,
HS,3,252910,Feldspar,长石,
HS,3,252921,Containing by weight 97 % or less of calcium fluoride,按重量计含97％或以下的氟化钙,
HS,3,252922,Containing by weight more than 97 % of calcium fluoride,按重量计含氟化钙97%以上,
HS,3,252930,Leucite; nepheline and nepheline syenite,白榴石；霞石和霞石正长岩,
HS,2,2530,Mineral substances not elsewhere specified or included.,其他地方未指定或未包括的矿物质,
HS,3,253010,"Vermiculite, perlite and chlorites, unexpanded",未膨胀的蛭石、珍珠岩和绿泥石,
HS,3,253020,"Kieserite, epsomite (natural magnesium sulphates)",硫镁石、泻盐（天然硫酸镁）,
HS,3,253030,Earth colours,大地色,
HS,3,253040,Natural micaceous iron oxides,天然云母氧化铁,
HS,3,253090,Other,其他,
HS,1,26,"ORES, SLAG AND ASH",矿石、矿渣和灰烬,
HS,2,2601,"Iron ores and concentrates, including roasted iron pyrites.",铁矿石和精矿，包括焙烧黄铁矿,
HS,3,260111,Non-agglomerated,非团聚,
HS,3,260112,Agglomerated,聚集的,
HS,3,260120,Roasted iron pyrites,焙烧黄铁矿,
HS,2,2602,"Manganese ores and concentrates, including ferruginous manganese ores and concentrates with a manganese content of 20 % or more, calculated on the dry weight.",锰矿石及其精矿，包括按干重计算锰含量为20％及以上的铁质锰矿石及其精矿,
HS,3,260200,"Manganese ores and concentrates, including ferruginous manganese ores and concentrates with a manganese content of 20 % or more, calculated on the dry weight",锰矿石和精矿，包括按干重计算锰含量为20％及以上的铁锰矿石和精矿,
HS,2,2603,Copper ores and concentrates.,铜矿石和精矿,
HS,3,260300,Copper ores and concentrates,铜矿石和精矿,
HS,2,2604,Nickel ores and concentrates.,镍矿石和精矿,
HS,3,260400,Nickel ores and concentrates,镍矿石和精矿,
HS,2,2605,Cobalt ores and concentrates.,钴矿石和精矿,
HS,3,260500,Cobalt ores and concentrates,钴矿石和精矿,
HS,2,2606,Aluminium ores and concentrates.,铝矿石和精矿,
HS,3,260600,Aluminium ores and concentrates,铝矿石和精矿,
HS,2,2607,Lead ores and concentrates.,铅矿石和精矿,
HS,3,260700,Lead ores and concentrates,铅矿石和精矿,
HS,2,2608,Zinc ores and concentrates.,锌矿石和精矿,
HS,3,260800,Zinc ores and concentrates,锌矿石和精矿,
HS,2,2609,Tin ores and concentrates.,锡矿石和精矿,
HS,3,260900,Tin ores and concentrates,锡矿石和精矿,
HS,2,2610,Chromium ores and concentrates.,铬矿石和精矿,
HS,3,261000,Chromium ores and concentrates,铬矿石和精矿,
HS,2,2611,Tungsten ores and concentrates.,钨矿石和精矿,
HS,3,261100,Tungsten ores and concentrates,钨矿石和精矿,
HS,2,2612,Uranium or thorium ores and concentrates.,铀或钍矿石和精矿,
HS,3,261210,Uranium ores and concentrates,铀矿石和铀精矿,
HS,3,261220,Thorium ores and concentrates,钍矿石和精矿,
HS,2,2613,Molybdenum ores and concentrates.,钼矿石和精矿,
HS,3,261310,Roasted,烤,
HS,3,261390,Other,其他,
HS,2,2614,Titanium ores and concentrates.,钛矿石和精矿,
HS,3,261400,Titanium ores and concentrates,钛矿石和精矿,
HS,2,2615,"Niobium, tantalum, vanadium or zirconium ores and concentrates.",铌、钽、钒或锆矿石及其精矿,
HS,3,261510,Zirconium ores and concentrates,锆矿石和精矿,
HS,3,261590,Other,其他,
HS,2,2616,Precious metal ores and concentrates.,贵金属矿石及精矿,
HS,3,261610,Silver ores and concentrates,银矿石和精矿,
HS,3,261690,Other,其他,
HS,2,2617,Other ores and concentrates.,其他矿石及精矿,
HS,3,261710,Antimony ores and concentrates,锑矿石和精矿,
HS,3,261790,Other,其他,
HS,2,2618,Granulated slag (slag sand) from the manufacture of iron or steel.,生产铁或钢时产生的粒状矿渣（矿渣砂）,
HS,3,261800,Granulated slag (slag sand) from the manufacture of iron or steel,炼铁或炼钢过程中产生的粒状矿渣（矿渣砂）,
HS,2,2619,"Slag, dross (other than granulated slag), scalings and other waste from the manufacture of iron or steel.",炼铁或炼钢过程中产生的矿渣、浮渣（除粒状矿渣外）、氧化皮和其他废料,
HS,3,261900,"Slag, dross (other than granulated slag), scalings and other waste from the manufacture of iron or steel",炼铁或炼钢过程中产生的矿渣、浮渣（粒状矿渣除外）、氧化皮和其他废料,
HS,2,2620,"Slag, ash and residues (other than from the manufacture of iron or steel) containing metals, arsenic or their compounds.",含有金属、砷或其化合物的矿渣、灰烬和残留物（除来自炼铁或炼钢的残留物外）,
HS,3,262011,Hard zinc spelter,硬锌锌矿,
HS,3,262019,Other,其他,
HS,3,262020,Containing mainly lead,主要含铅,
HS,3,262021,Leaded gasoline sludges and leaded anti-knock compound sludges,含铅汽油污泥和含铅抗爆化合物污泥,
HS,3,262029,Other,其他,
HS,3,262030,Containing mainly copper,主要含铜,
HS,3,262040,Containing mainly aluminium,主要含铝,
HS,3,262050,Containing mainly vanadium,主要含钒,
HS,3,262060,"Containing arsenic, mercury, thallium or their mixtures, of a kind used for the extraction of arsenic or those metals or for the manufacture of their chemical compounds",含有砷、汞、铊或其混合物，用于提取砷或这些金属或用于制造其化合物,
HS,3,262090,Other,其他,
HS,3,262091,"Containing antimony, beryllium, cadmium, chromium or their mixtures",含锑、铍、镉、铬或其混合物,
HS,3,262099,Other,其他,
HS,2,2621,"Other slag and ash, including seaweed ash (kelp); ash and residues from the incineration of municipal waste.",其他矿渣和灰烬，包括海藻灰（海带）；城市垃圾焚烧产生的灰烬和残留物,
HS,3,262100,"Other slag and ash, including seaweed ash (kelp)",其他矿渣和灰烬，包括海藻灰（海带）,
HS,3,262110,Ash and residues from the incineration of municipal waste,城市垃圾焚烧产生的灰烬和残留物,
HS,3,262190,Other,其他,
HS,1,27,"MINERAL FUELS, MINERAL OILS AND PRODUCTS OF THEIR DISTILLATION; BITUMINOUS SUBSTANCES; MINERAL WAXES",矿物燃料、矿物油及其蒸馏产品；沥青物质；矿物蜡,
HS,2,2701,"Coal; briquettes, ovoids and similar solid fuels manufactured from coal.",煤；由煤制成的煤球、煤球和类似的固体燃料,
HS,3,270111,Anthracite,无烟煤,
HS,3,270112,Bituminous coal,烟煤,
HS,3,270119,Other coal,其他煤炭,
HS,3,270120,"Briquettes, ovoids and similar solid fuels manufactured from coal",煤球、煤球及类似的固体燃料,
HS,2,2702,"Lignite, whether or not agglomerated, excluding jet.",褐煤，不论是否结块，不包括黑煤,
HS,3,270210,"Lignite, whether or not pulverised, but not agglomerated",褐煤，不论是否粉碎，但未经烧结,
HS,3,270220,Agglomerated lignite,团聚褐煤,
HS,2,2703,"Peat (including peat litter), whether or not agglomerated.",泥炭（包括泥炭垫料），不论是否结块,
HS,3,270300,"Peat (including peat litter), whether or not agglomerated",泥炭（包括泥炭垫料），无论是否结块,
HS,2,2704,"Coke and semi-coke of coal, of lignite or of peat, whether or not agglomerated; retort carbon.",煤、褐煤或泥炭制成的焦炭和半焦，不论是否烧结；蒸馏碳,
HS,3,270400,"Coke and semi-coke of coal, of lignite or of peat, whether or not agglomerated; retort carbon",煤、褐煤或泥炭制成的焦炭和半焦，不论是否烧结；蒸馏碳,
HS,2,2705,"Coal gas, water gas, producer gas and similar gases, other than petroleum gases and other gaseous hydrocarbons.",煤气、水煤气、发生炉煤气及类似气体，但石油气和其他气态碳氢化合物除外,
HS,3,270500,"Coal gas, water gas, producer gas and similar gases, other than petroleum gases and other gaseous hydrocarbons",煤气、水煤气、发生炉煤气及类似气体，但石油气和其他气态碳氢化合物除外,
HS,2,2706,"Tar distilled from coal, from lignite or from peat, and other mineral tars, whether or not dehydrated or partially distilled, including reconstituted tars.",从煤、褐煤或泥炭蒸馏出的焦油，以及其他矿物焦油，不论是否脱水或部分蒸馏，包括再生焦油,
HS,3,270600,"Tar distilled from coal, from lignite or from peat, and other mineral tars, whether or not dehydrated or partially distilled, including reconstituted tars",从煤、褐煤或泥炭蒸馏的焦油，以及其他矿物焦油，不论是否脱水或部分蒸馏，包括再生焦油,
HS,2,2707,Oils and other products of the distillation of high temperature coal tar; similar products in which the weight of the aromatic constituents exceeds that of the non-aromatic constituents.,高温煤焦油蒸馏得到的油类和其他产品；芳香族成分的重量超过非芳香族成分的重量的类似产品,
HS,3,270710,Benzol (benzene),苯,
HS,3,270720,Toluol (toluene),甲苯,
HS,3,270730,Xylol (xylenes),二甲苯,
HS,3,270740,Naphthalene,萘,
HS,3,270750,Other aromatic hydrocarbon mixtures of which 65 % or more by volume (including losses) distils at 250 °C by the ISO 3405 method (equivalent to the ASTM D 86 method),根据 ISO 3405 方法（相当于 ASTM D 86 方法），在 250°C 时馏出量为 65% 或以上的其他芳烃混合物（包括损失）,
HS,3,270760,Phenols,酚类,
HS,3,270791,Creosote oils,杂酚油,
HS,3,270799,Other,其他,
HS,2,2708,"Pitch and pitch coke, obtained from coal tar or from other mineral tars.",从煤焦油或其他矿物焦油中获得的沥青和沥青焦炭,
HS,3,270810,Pitch,沥青,
HS,3,270820,Pitch coke,沥青焦炭,
HS,2,2709,"Petroleum oils and oils obtained from bituminous minerals, crude.",石油和从沥青矿物中提取的原油,
HS,3,270900,"Petroleum oils and oils obtained from bituminous minerals, crude",石油和从沥青矿物中提取的油，原油,
HS,2,2710,"Petroleum oils and oils obtained from bituminous minerals, other than crude; preparations not elsewhere specified or included, containing by weight 70 % or more of petroleum oils or of oils obtained from bituminous minerals, these oils being the basic con",石油和从沥青矿物中提取的油类，原油除外；未在其他地方指定或包括的制剂，按重量计含有70％或更多的石油或从沥青矿物中提取的油类，这些油类是基本成分,
HS,3,271000,"Petroleum oils and oils obtained from bituminous minerals, other than crude; preparations not elsewhere specified or included, containing by weight 70 % or more of petroleum oils or of oils obtained from bituminous minerals, these oils being the basic constituent of the preparations",石油和从沥青矿物中提取的油类（原油除外）；未在其他地方列明或包括的制剂，按重量计含有70％或更多的石油或从沥青矿物中提取的油类，这些油类是制剂的基本成分,
HS,3,271011,Light oils and preparations,轻质油及制剂,
HS,3,271012,Light oils and preparations,轻质油及制剂,
HS,3,271019,Other,其他,
HS,3,271020,"Petroleum oils and oils obtained from bituminous minerals (other than crude) and preparations not elsewhere specified or included, containing by weight 70 % or more of petroleum oils or of oils obtained from bituminous minerals, these oils being the bas",石油和从沥青矿物中提取的油类（原油除外）以及未在其他地方指定或包括的制剂，按重量计含有70％或更多的石油或从沥青矿物中提取的油类，这些油类是基础,
HS,3,271091,"Containing polychlorinated biphenyls (PCBs), polychlorinated terphenyls (PCTs) or polybrominated biphenyls (PBBs)",含有多氯联苯 (PCB)、多氯三联苯 (PCT) 或多溴联苯 (PBB),
HS,3,271099,Other,其他,
HS,2,2711,Petroleum gases and other gaseous hydrocarbons.,石油气和其他气态碳氢化合物,
HS,3,271111,Natural gas,天然气,
HS,3,271112,Propane,丙烷,
HS,3,271113,Butanes,丁烷,
HS,3,271114,"Ethylene, propylene, butylene and butadiene",乙烯、丙烯、丁烯和丁二烯,
HS,3,271119,Other,其他,
HS,3,271121,Natural gas,天然气,
HS,3,271129,Other,其他,
HS,2,2712,"Petroleum jelly; paraffin wax, micro-crystalline petroleum wax, slack wax, ozokerite, lignite wax, peat wax, other mineral waxes, and similar products obtained by synthesis or by other processes, whether or not coloured.",凡士林；石蜡、微晶石油蜡、疏松蜡、地蜡、褐煤蜡、泥炭蜡、其他矿物蜡以及通过合成或其他方法获得的类似产品，不论是否着色,
HS,3,271210,Petroleum jelly,凡士林,
HS,3,271220,"Paraffin wax containing by weight less than 0,75 % of oil",按重量计含油量低于0.75%的石蜡,
HS,3,271290,Other,其他,
HS,2,2713,"Petroleum coke, petroleum bitumen and other residues of petroleum oils or of oils obtained from bituminous minerals.",石油焦、石油沥青以及石油或从沥青矿物中提取的油类的其他残渣,
HS,3,271311,Not calcined,未煅烧,
HS,3,271312,Calcined,煅烧,
HS,3,271320,Petroleum bitumen,石油沥青,
HS,3,271390,Other residues of petroleum oils or of oils obtained from bituminous minerals,石油或从沥青矿物中提取的油类的其他残渣,
HS,2,2714,"Bitumen and asphalt, natural; bituminous or oil shale and tar sands; asphaltites and asphaltic rocks.",天然沥青和柏油；沥青或油页岩和焦油砂；沥青岩和沥青岩,
HS,3,271410,Bituminous or oil-shale and tar sands,沥青或油页岩和焦油砂,
HS,3,271490,Other,其他,
HS,2,2715,"Bituminous mixtures based on natural asphalt, on natural bitumen, on petroleum bitumen, on mineral tar or on mineral tar pitch (for example, bituminous mastics, cut-backs).",以天然沥青、天然沥青、石油沥青、矿物焦油或矿物焦油沥青为基础的沥青混合物（例如，沥青胶泥、稀释料）,
HS,3,271500,"Bituminous mixtures based on natural asphalt, on natural bitumen, on petroleum bitumen, on mineral tar or on mineral tar pitch (for example, bituminous mastics, cut-backs)",以天然沥青、天然沥青、石油沥青、矿物焦油或矿物焦油沥青为基础的沥青混合物（例如沥青胶泥、稀释沥青）,
HS,2,2716,Electrical energy. (optional heading),电能（可选标题）,
HS,3,271600,Electrical energy,电能,
HS,1,28,"INORGANIC CHEMICALS; ORGANIC OR INORGANIC COMPOUNDS OF PRECIOUS METALS, OF RARE-EARTH METALS, OF RADIOACTIVE ELEMENTS OR OF ISOTOPES",无机化学品；贵金属、稀土金属、放射性元素或同位素的有机或无机化合物,
HS,2,2801,"Fluorine, chlorine, bromine and iodine.",氟、氯、溴和碘,
HS,3,280110,Chlorine,氯,
HS,3,280120,Iodine,碘,
HS,3,280130,Fluorine; bromine,氟；溴,
HS,2,2802,"Sulphur, sublimed or precipitated; colloidal sulphur.",升华或沉淀的硫；胶体硫,
HS,3,280200,"Sulphur, sublimed or precipitated; colloidal sulphur",升华硫或沉淀硫；胶体硫,
HS,2,2803,Carbon (carbon blacks and other forms of carbon not elsewhere specified or included).,碳（炭黑和其他地方未指定或包括的其他形式的碳）,
HS,3,280300,Carbon (carbon blacks and other forms of carbon not elsewhere specified or included),碳（炭黑和其他地方未指定或包括的其他形式的碳）,
HS,2,2804,"Hydrogen, rare gases and other non-metals.",氢、稀有气体和其他非金属,
HS,3,280410,Hydrogen,氢,
HS,3,280421,Argon,氩气,
HS,3,280429,Other,其他,
HS,3,280430,Nitrogen,氮,
HS,3,280440,Oxygen,氧,
HS,3,280450,Boron; tellurium,硼；碲,
HS,3,280461,"Containing by weight not less than 99,99 % of silicon",按重量计含硅量不少于99.99%,
HS,3,280469,Other,其他,
HS,3,280470,Phosphorus,磷,
HS,3,280480,Arsenic,砷,
HS,3,280490,Selenium,硒,
HS,2,2805,"Alkali or alkaline-earth metals; rare-earth metals, scandium and yttrium, whether or not intermixed or interalloyed; mercury.",碱金属或碱土金属；稀土金属、钪和钇，不论是否混合或合金化；汞,
HS,3,280511,Sodium,钠,
HS,3,280512,Calcium,钙,
HS,3,280519,Other,其他,
HS,3,280521,Calcium,钙,
HS,3,280522,Strontium and barium,锶和钡,
HS,3,280530,"Rare-earth metals, scandium and yttrium, whether or not intermixed or interalloyed",稀土金属、钪和钇，不论是否混合或合金化,
HS,3,280540,Mercury,汞,
HS,2,2806,Hydrogen chloride (hydrochloric acid); chlorosulphuric acid.,氯化氢（盐酸）；氯硫酸,
HS,3,280610,Hydrogen chloride (hydrochloric acid),氯化氢（盐酸）,
HS,3,280620,Chlorosulphuric acid,氯硫酸,
HS,2,2807,Sulphuric acid; oleum.,硫酸；发烟硫酸,
HS,3,280700,Sulphuric acid; oleum,硫酸；发烟硫酸,
HS,2,2808,Nitric acid; sulphonitric acids.,硝酸；磺酸,
HS,3,280800,Nitric acid; sulphonitric acids,硝酸；磺硝酸,
HS,2,2809,"Diphosphorus pentaoxide; phosphoric acid; polyphosphoric acids, whether or not chemically defined.",五氧化二磷；磷酸；多磷酸，不论是否已有化学定义,
HS,3,280910,Diphosphorus pentaoxide,五氧化二磷,
HS,3,280920,Phosphoric acid and polyphosphoric acids,磷酸和多聚磷酸,
HS,2,2810,Oxides of boron; boric acids.,硼的氧化物；硼酸,
HS,3,281000,Oxides of boron; boric acids,硼的氧化物；硼酸,
HS,2,2811,Other inorganic acids and other inorganic oxygen compounds of non-metals.,其他无机酸及其他非金属无机氧化合物,
HS,3,281111,Hydrogen fluoride (hydrofluoric acid),氟化氢（氢氟酸）,
HS,3,281112,Hydrogen cyanide (hydrocyanic acid),氰化氢（氢氰酸）,
HS,3,281119,Other,其他,
HS,3,281121,Carbon dioxide,二氧化碳,
HS,3,281122,Silicon dioxide,二氧化硅,
HS,3,281123,Sulphur dioxide,二氧化硫,
HS,3,281129,Other,其他,
HS,2,2812,Halides and halide oxides of non-metals.,非金属卤化物及卤氧化物,
HS,3,281210,Chlorides and chloride oxides,氯化物和氯氧化物,
HS,3,281211,Carbonyl dichloride (phosgene),碳酰氯（光气）,
HS,3,281212,Phosphorus oxychloride,三氯氧磷,
HS,3,281213,Phosphorus trichloride,三氯化磷,
HS,3,281214,Phosphorus pentachloride,五氯化磷,
HS,3,281215,Sulphur monochloride,一氯化硫,
HS,3,281216,Sulphur dichloride,二氯化硫,
HS,3,281217,Thionyl chloride,亚硫酰氯,
HS,3,281219,Other,其他,
HS,3,281290,Other,其他,
HS,2,2813,Sulphides of non-metals; commercial phosphorus trisulphide.,非金属硫化物；工业三硫化二磷,
HS,3,281310,Carbon disulphide,二硫化碳,
HS,3,281390,Other,其他,
HS,2,2814,"Ammonia, anhydrous or in aqueous solution.",氨，无水或水溶液,
HS,3,281410,Anhydrous ammonia,无水氨,
HS,3,281420,Ammonia in aqueous solution,氨水溶液,
HS,2,2815,Sodium hydroxide (caustic soda); potassium hydroxide (caustic potash); peroxides of sodium or potassium.,氢氧化钠（苛性钠）；氢氧化钾（苛性钾）；钠或钾的过氧化物,
HS,3,281511,Solid,坚硬的,
HS,3,281512,In aqueous solution (soda lye or liquid soda),在水溶液中（碱液或液体苏打）,
HS,3,281520,Potassium hydroxide (caustic potash),氢氧化钾（苛性钾）,
HS,3,281530,Peroxides of sodium or potassium,钠或钾的过氧化物,
HS,2,2816,"Hydroxide and peroxide of magnesium; oxides, hydroxides and peroxides, of strontium or barium.",镁的氢氧化物和过氧化物；锶或钡的氧化物、氢氧化物和过氧化物,
HS,3,281610,Hydroxide and peroxide of magnesium,镁的氢氧化物和过氧化物,
HS,3,281620,"Oxide, hydroxide and peroxide of strontium",锶的氧化物、氢氧化物和过氧化物,
HS,3,281630,"Oxide, hydroxide and peroxide of barium",钡的氧化物、氢氧化物和过氧化物,
HS,3,281640,"Oxides, hydroxides and peroxides, of strontium or barium",锶或钡的氧化物、氢氧化物及过氧化物,
HS,2,2817,Zinc oxide; zinc peroxide.,氧化锌；过氧化锌,
HS,3,281700,Zinc oxide; zinc peroxide,氧化锌；过氧化锌,
HS,2,2818,"Artificial corundum, whether or not chemically defined; aluminium oxide; aluminium hydroxide.",人造刚玉，不论是否已有化学定义；氧化铝；氢氧化铝,
HS,3,281810,"Artificial corundum, whether or not chemically defined",人造刚玉，无论是否经过化学定义,
HS,3,281820,"Aluminium oxide, other than artificial corundum",氧化铝，人造刚玉除外,
HS,3,281830,Aluminium hydroxide,氢氧化铝,
HS,2,2819,Chromium oxides and hydroxides.,铬的氧化物和氢氧化物,
HS,3,281910,Chromium trioxide,三氧化铬,
HS,3,281990,Other,其他,
HS,2,2820,Manganese oxides.,锰氧化物,
HS,3,282010,Manganese dioxide,二氧化锰,
HS,3,282090,Other,其他,
HS,2,2821,Iron oxides and hydroxides; earth colours containing 70 % or more by weight of combined iron evaluated as Fe2O3.,铁的氧化物和氢氧化物；以 Fe2O3 计算，含铁总量 70% 或以上的土质颜料,
HS,3,282110,Iron oxides and hydroxides,铁的氧化物和氢氧化物,
HS,3,282120,Earth colours,大地色,
HS,2,2822,Cobalt oxides and hydroxides; commercial cobalt oxides.,钴的氧化物和氢氧化物；商业钴的氧化物,
HS,3,282200,Cobalt oxides and hydroxides; commercial cobalt oxides,钴的氧化物和氢氧化物；商用钴的氧化物,
HS,2,2823,Titanium oxides.,氧化钛,
HS,3,282300,Titanium oxides,氧化钛,
HS,2,2824,Lead oxides; red lead and orange lead.,氧化铅；红铅和橙铅,
HS,3,282410,"Lead monoxide (litharge, massicot)",一氧化铅（铅黄、黄丹）,
HS,3,282420,Red lead and orange lead,红丹和橙丹,
HS,3,282490,Other,其他,
HS,2,2825,"Hydrazine and hydroxylamine and their inorganic salts; other inorganic bases; other metal oxides, hydroxides and peroxides.",肼和羟胺及其无机盐；其他无机碱；其他金属氧化物、氢氧化物和过氧化物,
HS,3,282510,Hydrazine and hydroxylamine and their inorganic salts,肼和羟胺及其无机盐,
HS,3,282520,Lithium oxide and hydroxide,氧化锂和氢氧化锂,
HS,3,282530,Vanadium oxides and hydroxides,钒的氧化物和氢氧化物,
HS,3,282540,Nickel oxides and hydroxides,镍氧化物和氢氧化物,
HS,3,282550,Copper oxides and hydroxides,铜的氧化物和氢氧化物,
HS,3,282560,Germanium oxides and zirconium dioxide,氧化锗和二氧化锆,
HS,3,282570,Molybdenum oxides and hydroxides,钼氧化物和钼氢氧化物,
HS,3,282580,Antimony oxides,氧化锑,
HS,3,282590,Other,其他,
HS,2,2826,"Fluorides; fluorosilicates, fluoroaluminates and other complex fluorine salts.",氟化物；氟硅酸盐、氟铝酸盐和其他复合氟盐,
HS,3,282611,Of ammonium or of sodium,铵或钠,
HS,3,282612,Of aluminium,铝,
HS,3,282619,Other,其他,
HS,3,282620,Fluorosilicates of sodium or of potassium,氟硅酸钠或氟硅酸钾,
HS,3,282630,Sodium hexafluoroaluminate (synthetic cryolite),六氟铝酸钠（合成冰晶石）,
HS,3,282690,Other,其他,
HS,2,2827,"Chlorides, chloride oxides and chloride hydroxides; bromides and bromide oxides; iodides and iodide oxides.",氯化物、氯化物氧化物和氯化物氢氧化物；溴化物和溴化物氧化物；碘化物和碘化物氧化物,
HS,3,282710,Ammonium chloride,氯化铵,
HS,3,282720,Calcium chloride,氯化钙,
HS,3,282731,Of magnesium,镁,
HS,3,282732,Of aluminium,铝,
HS,3,282733,Of iron,铁质,
HS,3,282734,Of cobalt,钴,
HS,3,282735,Of nickel,镍,
HS,3,282736,Of zinc,锌,
HS,3,282737,Of tin,锡,
HS,3,282738,Of barium,钡,
HS,3,282739,Other,其他,
HS,3,282741,Of copper,铜,
HS,3,282749,Other,其他,
HS,3,282751,Bromides of sodium or of potassium,钠或钾的溴化物,
HS,3,282759,Other,其他,
HS,3,282760,Iodides and iodide oxides,碘化物和碘氧化物,
HS,2,2828,Hypochlorites; commercial calcium hypochlorite; chlorites; hypobromites.,次氯酸盐；商用次氯酸钙；亚氯酸盐；次溴酸盐,
HS,3,282810,Commercial calcium hypochlorite and other calcium hypochlorites,商用次氯酸钙和其他次氯酸钙,
HS,3,282890,Other,其他,
HS,2,2829,Chlorates and perchlorates; bromates and perbromates; iodates and periodates.,氯酸盐和高氯酸盐；溴酸盐和过溴酸盐；碘酸盐和高碘酸盐,
HS,3,282911,Of sodium,钠,
HS,3,282919,Other,其他,
HS,3,282990,Other,其他,
HS,2,2830,"Sulphides; polysulphides, whether or not chemically defined.",硫化物；多硫化物，不论是否已有化学定义,
HS,3,283010,Sodium sulphides,硫化钠,
HS,3,283020,Zinc sulphide,硫化锌,
HS,3,283030,Cadmium sulphide,硫化镉,
HS,3,283090,Other,其他,
HS,2,2831,Dithionites and sulphoxylates.,连二亚硫酸盐和次硫酸盐,
HS,3,283110,Of sodium,钠,
HS,3,283190,Other,其他,
HS,2,2832,Sulphites; thiosulphates.,亚硫酸盐；硫代硫酸盐,
HS,3,283210,Sodium sulphites,亚硫酸钠,
HS,3,283220,Other sulphites,其他亚硫酸盐,
HS,3,283230,Thiosulphates,硫代硫酸盐,
HS,2,2833,Sulphates; alums; peroxosulphates (persulphates).,硫酸盐；明矾；过硫酸盐（过硫酸盐）,
HS,3,283311,Disodium sulphate,硫酸二钠,
HS,3,283319,Other,其他,
HS,3,283321,Of magnesium,镁,
HS,3,283322,Of aluminium,铝,
HS,3,283323,Of chromium,铬,
HS,3,283324,Of nickel,镍,
HS,3,283325,Of copper,铜,
HS,3,283326,Of zinc,锌,
HS,3,283327,Of barium,钡,
HS,3,283329,Other,其他,
HS,3,283330,Alums,校友,
HS,3,283340,Peroxosulphates (persulphates),过硫酸盐（过硫酸盐）,
HS,2,2834,Nitrites; nitrates.,亚硝酸盐；硝酸盐,
HS,3,283410,Nitrites,亚硝酸盐,
HS,3,283421,Of potassium,钾,
HS,3,283422,Of bismuth,铋,
HS,3,283429,Other,其他,
HS,2,2835,"Phosphinates (hypophosphites), phosphonates (phosphites) and phosphates; polyphosphates, whether or not chemically defined.",次磷酸盐、膦酸盐（亚磷酸盐）和磷酸盐；多磷酸盐，不论是否已有化学定义,
HS,3,283510,Phosphinates (hypophosphites) and phosphonates (phosphites),次磷酸盐（次磷酸盐）和膦酸盐（亚磷酸盐）,
HS,3,283521,Of triammonium,三铵,
HS,3,283522,or disodium,或二钠,
HS,3,283523,Of trisodium,三钠,
HS,3,283524,Of potassium,钾,
HS,3,283525,Calcium hydrogenorthophosphate (‘dicalcium phosphate’),磷酸氢钙（磷酸二钙）,
HS,3,283526,Other phosphates of calcium,其他磷酸钙,
HS,3,283529,Other,其他,
HS,3,283531,Sodium triphosphate (sodium tripolyphosphate),三磷酸钠（三聚磷酸钠）,
HS,3,283539,Other,其他,
HS,2,2836,Carbonates; peroxocarbonates (percarbonates); commercial ammonium carbonate containing ammonium carbamate.,碳酸盐；过碳酸盐（过碳酸盐）；含氨基甲酸铵的商用碳酸铵,
HS,3,283610,Commercial ammonium carbonate and other ammonium carbonates,商用碳酸铵和其他碳酸铵,
HS,3,283620,Disodium carbonate,碳酸钠,
HS,3,283630,Sodium hydrogencarbonate (sodium bicarbonate),碳酸氢钠（碳酸氢钠）,
HS,3,283640,Potassium carbonates,碳酸钾,
HS,3,283650,Calcium carbonate,碳酸钙,
HS,3,283660,Barium carbonate,碳酸钡,
HS,3,283670,Lead carbonates,碳酸铅,
HS,3,283691,Lithium carbonates,碳酸锂,
HS,3,283692,Strontium carbonate,碳酸锶,
HS,3,283693,Bismuth carbonate,碳酸铋,
HS,3,283699,Other,其他,
HS,2,2837,"Cyanides, cyanide oxides and complex cyanides.",氰化物、氰氧化物和复合氰化物,
HS,3,283711,Of sodium,钠,
HS,3,283719,Other,其他,
HS,3,283720,Complex cyanides,复合氰化物,
HS,2,2838,"Fulminates, cyanates and thiocyanates",雷酸盐、氰酸盐和硫氰酸盐,
HS,3,283800,"Fulminates, cyanates and thiocyanates.",雷酸盐、氰酸盐和硫氰酸盐,
HS,2,2839,Silicates; commercial alkali metal silicates.,硅酸盐；商业碱金属硅酸盐,
HS,3,283911,Sodium metasilicates,偏硅酸钠,
HS,3,283919,Other,其他,
HS,3,283920,Of potassium,钾,
HS,3,283990,Other,其他,
HS,2,2840,Borates; peroxoborates (perborates).,硼酸盐；过硼酸盐（过硼酸盐）,
HS,3,284011,Anhydrous,无水,
HS,3,284019,Other,其他,
HS,3,284020,Other borates,其他硼酸盐,
HS,3,284030,Peroxoborates (perborates),过硼酸盐（过硼酸盐）,
HS,2,2841,Salts of oxometallic or peroxometallic acids.,氧金属酸或过氧金属酸的盐,
HS,3,284110,Aluminates,铝酸盐,
HS,3,284120,Chromates of zinc or of lead,锌或铅的铬酸盐,
HS,3,284130,Sodium dichromate,重铬酸钠,
HS,3,284140,Potassium dichromate,重铬酸钾,
HS,3,284150,Other chromates and dichromates; peroxochromates,其他铬酸盐及重铬酸盐；过铬酸盐,
HS,3,284160,"Manganites, manganates and permanganates",锰酸盐、锰酸盐和高锰酸盐,
HS,3,284161,Potassium permanganate,高锰酸钾,
HS,3,284169,Other,其他,
HS,3,284170,Molybdates,钼酸盐,
HS,3,284180,Tungstates (wolframates),钨酸盐,
HS,3,284190,Other,其他,
HS,2,2842,"Other salts of inorganic acids or peroxoacids (including aluminosilicates whether or not chemically defined), other than azides.",除叠氮化物外的其他无机酸或过氧酸盐（包括铝硅酸盐，不论是否已有化学定义）,
HS,3,284210,"Double or complex silicates, including aluminosilicates whether or not chemically defined",双硅酸盐或复合硅酸盐，包括铝硅酸盐，无论是否有化学定义,
HS,3,284290,Other,其他,
HS,2,2843,"Colloidal precious metals; inorganic or organic compounds of precious metals, whether or not chemically defined; amalgams of precious metals.",胶体贵金属；贵金属的无机或有机化合物，不论是否已有化学定义；贵金属汞合金,
HS,3,284310,Colloidal precious metals,胶体贵金属,
HS,3,284321,Silver nitrate,硝酸银,
HS,3,284329,Other,其他,
HS,3,284330,Gold compounds,金化合物,
HS,3,284390,Other compounds; amalgams,其他化合物；汞合金,
HS,2,2844,Radioactive chemical elements and radioactive isotopes (including the fissile or fertile chemical elements and isotopes) and their compounds; mixtures and residues containing these products.,放射性化学元素和放射性同位素（包括可裂变或可转换的化学元素和同位素）及其化合物；含有这些产品的混合物和残留物,
HS,3,284410,"Natural uranium and its compounds; alloys, dispersions (including cermets), ceramic products and mixtures containing natural uranium or natural uranium compounds",天然铀及其化合物；含天然铀或天然铀化合物的合金、弥散体（包括金属陶瓷）、陶瓷制品和混合物,
HS,3,284420,"Uranium enriched in U 235 and its compounds; plutonium and its compounds; alloys, dispersions (including cermets), ceramic products and mixtures containing uranium enriched in U 235, plutonium or compounds of these products",U235浓缩铀及其化合物；钚及其化合物；含U235浓缩铀、钚或这些产品的化合物的合金、弥散体（包括金属陶瓷）、陶瓷产品和混合物,
HS,3,284430,"Uranium depleted in U 235 and its compounds; thorium and its compounds; alloys, dispersions (including cermets), ceramic products and mixtures containing uranium depleted in U 235, thorium or compounds of these products",贫铀235及其化合物；钍及其化合物；含贫铀235、钍或这些产品的化合物的合金、分散体（包括金属陶瓷）、陶瓷产品和混合物,
HS,3,284440,"Radioactive elements and isotopes and compounds other than those of subheading 284410, 284420 or 284430; alloys, dispersions (including cermets), ceramic products and mixtures containing these elements, isotopes or compounds; radioactive residues",除子目284410、284420或284430以外的放射性元素、同位素和化合物；含有这些元素、同位素或化合物的合金、弥散体（包括金属陶瓷）、陶瓷产品和混合物；放射性残留物,
HS,3,284441,"Radioactive elements; tritium and its compounds; alloys, dispersions (including cermets), ceramic products and mixtures containing tritium or its compounds",放射性元素；氚及其化合物；含氚或其化合物的合金、分散体（包括金属陶瓷）、陶瓷制品和混合物,
HS,3,284442,"Radioactive elements; actinium-225, 227, californium-253, curium-240, 241, 242, 243, 244, einsteinium-253, 254, gadolinium-148, polonium-208, 209, 210, radium-223, uranium-230 or 232, compounds; alloys, dispersions, ceramic products and mixtures",放射性元素；锕-225、227，锎-253，锔-240、241、242、243、244，锿-253、254，钆-148，钋-208、209、210，镭-223，铀-230或232，化合物；合金、分散体、陶瓷产品及混合物,
HS,3,284443,"Radioactive elements, isotopes and compounds; other alloys, dispersions (including cermets), ceramic products and mixtures containing these elements, isotopes or compounds",放射性元素、同位素及其化合物；其他含有这些元素、同位素或化合物的合金、弥散体（包括金属陶瓷）、陶瓷制品和混合物,
HS,3,284444,"Radioactive elements, isotopes, compounds n.e.c. in heading no. 2844, alloys, dispersions (including cermets), ceramic products, mixtures containing the elements, isotopes, compounds; radioactive residues",放射性元素、同位素、2844 号税则所列的化合物、合金、弥散体（包括金属陶瓷）、陶瓷制品、含上述元素、同位素、化合物的混合物；放射性残留物,
HS,3,284450,Spent (irradiated) fuel elements (cartridges) of nuclear reactors (Euratom),核反应堆的乏（辐照）燃料元件（盒）（欧洲原子能共同体）,
HS,2,2845,"Isotopes other than those of heading 28.44; compounds, inorganic or organic, of such isotopes, whether or not chemically defined.",除税目28.44以外的其他同位素；此类同位素的无机或有机化合物，不论是否已有化学定义,
HS,3,284510,Heavy water (deuterium oxide) (Euratom),重水（氧化氘）（欧洲原子能共同体）,
HS,3,284520,Boron enriched in boron-10 and its compounds,富含硼-10的硼及其化合物,
HS,3,284530,Lithium enriched in lithium-6 and its compounds,富含锂-6及其化合物的锂,
HS,3,284540,Helium-3,氦-3,
HS,3,284590,Other,其他,
HS,2,2846,"Compounds, inorganic or organic, of rare-earth metals, of yttrium or of scandium or of mixtures of these metals.",稀土金属、钇、钪或这些金属的混合物的无机或有机化合物,
HS,3,284610,Cerium compounds,铈化合物,
HS,3,284690,Other,其他,
HS,2,2847,"Hydrogen peroxide, whether or not solidified with urea.",过氧化氢，不论是否用尿素固化,
HS,3,284700,"Hydrogen peroxide, whether or not solidified with urea",过氧化氢，不论是否用尿素固化,
HS,2,2848,"Phosphides, whether or not chemically defined, excluding ferrophosphorus.",磷化物，无论是否经过化学定义，但不包括磷铁,
HS,3,284800,"Phosphides, whether or not chemically defined, excluding ferrophosphorus.",磷化物，无论是否经过化学定义，但不包括磷铁,
HS,3,284810,"Of copper (phosphor copper), containing more than 15 % by weight of phosphorus",由铜（磷铜）制成，含磷量超过 15%（重量）,
HS,3,284890,Of other metals or of non-metals,其他金属或非金属,
HS,2,2849,"Carbides, whether or not chemically defined.",碳化物，无论是否经过化学定义,
HS,3,284910,Of calcium,钙,
HS,3,284920,Of silicon,硅,
HS,3,284990,Other,其他,
HS,2,2850,"Hydrides, nitrides, azides, silicides and borides, whether or not chemically defined, other than compounds which are also carbides of heading 28.49.",氢化物、氮化物、叠氮化物、硅化物及硼化物，不论是否已有化学定义，但税目 28.49 的碳化物化合物除外,
HS,3,285000,"Hydrides, nitrides, azides, silicides and borides, whether or not chemically defined, other than compounds which are also carbides of heading 2849",氢化物、氮化物、叠氮化物、硅化物及硼化物，不论是否已有化学定义，但不包括税目2849所列的碳化物,
HS,2,2851,"Inorganic compounds, incl. distilled or conductivity water and water of similar purity, n.e.s.; liquid air, whether or not rare gases have been removed; compressed air; amalgams (other than amalgams of precious metals)",无机化合物，包括蒸馏水或导电水及类似纯度的水，未列明的；液态空气，不论是否除去稀有气体；压缩空气；汞合金（贵金属汞合金除外）,
HS,3,285100,"Other inorganic compounds (including distilled or conductivity water and water of similar purity); liquid air (whether or not rare gases have been removed); compressed air; amalgams, other than amalgams of precious metals.",其他无机化合物（包括蒸馏水或导电水及类似纯度的水）；液态空气（不论是否除去稀有气体）；压缩空气；汞合金，但贵金属汞合金除外,
HS,2,2852,"Inorganic or organic compounds of mercury, whether or not chemically defined, excluding amalgams.",汞的无机或有机化合物，不论是否已有化学定义，但不包括汞合金,
HS,3,285200,"Compounds, inorganic or organic, of mercury, excluding amalgams.",汞的无机或有机化合物，不包括汞合金,
HS,3,285210,Chemically defined,化学定义,
HS,3,285290,Other,其他,
HS,2,2853,"Other inorganic compounds (including distilled or conductivity water and water of similar purity); liquid air (whether or not rare gases have been removed); compressed air; amalgams, other than amalgams of precious metals.",其他无机化合物（包括蒸馏水或导电水及类似纯度的水）；液态空气（不论是否除去稀有气体）；压缩空气；汞合金，但贵金属汞合金除外,
HS,3,285300,"Other inorganic compounds (including distilled or conductivity water and water of similar purity); liquid air (whether or not rare gases have been removed); compressed air; amalgams, other than amalgams of precious metals.",其他无机化合物（包括蒸馏水或导电水及类似纯度的水）；液态空气（不论是否除去稀有气体）；压缩空气；汞合金，但贵金属汞合金除外,
HS,3,285310,Cyanogen chloride (chlorcyan),氯化氰（氯氰）,
HS,3,285390,Other,其他,
HS,1,29,ORGANIC CHEMICALS,有机化学品,
HS,2,2901,Acyclic hydrocarbons.,无环烃,
HS,3,290110,Saturated,饱和,
HS,3,290121,Ethylene,乙烯,
HS,3,290122,Propene (propylene),丙烯（丙稀）,
HS,3,290123,Butene (butylene) and isomers thereof,丁烯（丁烯）及其异构体,
HS,3,290124,"Buta-1,3-diene and isoprene","丁-1,3-二烯和异戊二烯",
HS,3,290129,Other,其他,
HS,2,2902,Cyclic hydrocarbons.,环状碳氢化合物,
HS,3,290211,Cyclohexane,环己烷,
HS,3,290219,Other,其他,
HS,3,290220,Benzene,苯,
HS,3,290230,Toluene,甲苯,
HS,3,290241,o-Xylene,邻二甲苯,
HS,3,290242,m-Xylene,间二甲苯,
HS,3,290243,p-Xylene,对二甲苯,
HS,3,290244,Mixed xylene isomers,混合二甲苯异构体,
HS,3,290250,Styrene,苯乙烯,
HS,3,290260,Ethylbenzene,乙苯,
HS,3,290270,Cumene,异丙苯,
HS,3,290290,Other,其他,
HS,2,2903,Halogenated derivatives of hydrocarbons.,碳氢化合物的卤化衍生物,
HS,3,290311,Chloromethane (methyl chloride) and chloroethane (ethyl chloride),氯甲烷（氯甲烷）和氯乙烷（氯乙基）,
HS,3,290312,Dichloromethane (methylene chloride),二氯甲烷（二氯甲烷）,
HS,3,290313,Chloroform (trichloromethane),氯仿（三氯甲烷）,
HS,3,290314,Carbon tetrachloride,四氯化碳,
HS,3,290315,"Ethylene dichloride (ISO) (1,2-dichloroethane)","二氯乙烷（ISO）（1,2-二氯乙烷）",
HS,3,290316,"1,2-Dichloropropane (propylene dichloride) and dichlorobutanes","1,2-二氯丙烷（二氯丙烯）和二氯丁烷",
HS,3,290319,Other,其他,
HS,3,290321,Vinyl chloride (chloroethylene),氯乙烯（氯乙烯）,
HS,3,290322,Trichloroethylene,三氯乙烯,
HS,3,290323,Tetrachloroethylene (perchloroethylene),四氯乙烯（全氯乙烯）,
HS,3,290329,Other,其他,
HS,3,290330,"Fluorinated, brominated or iodinated derivatives of acyclic hydrocarbons",无环烃的氟化、溴化或碘化衍生物,
HS,3,290331,"Ethylene dibromide (ISO) (1,2-dibromoethane)","二溴乙烷（ISO）（1,2-二溴乙烷）",
HS,3,290339,Other,其他,
HS,3,290340,Halogenated derivatives of acyclic hydrocarbons containing two or more different halogens,含有两个或多个不同卤素的无环烃卤化衍生物,
HS,3,290341,Trichlorofluoromethane,三氯氟甲烷,
HS,3,290342,Dichlorodifluoromethane,二氯二氟甲烷,
HS,3,290343,Trichlorotrifluoroethanes,三氯三氟乙烷,
HS,3,290344,Dichlorotetrafluoroethanes and chloropentafluoroethane,二氯四氟乙烷和一氯五氟乙烷,
HS,3,290345,Other derivatives perhalogenated only with fluorine and chlorine,仅用氟和氯全卤化的其他衍生物,
HS,3,290346,"Bromochlorodifluoromethane, bromotrifluoromethane and dibromotetrafluoroethanes",溴氯二氟甲烷、溴三氟甲烷和二溴四氟乙烷,
HS,3,290347,Other perhalogenated derivatives,其他全卤衍生物,
HS,3,290348,"Saturated fluorinated derivatives of acyclic hydrocarbons; 1,1,1,3,3-pentafluorobutane (HFC-365mfc) and 1,1,1,2,2,3,4,5,5,5-decafluoropentane (HFC-43-10mee)","无环烃的饱和氟化衍生物；1,1,1,3,3-五氟丁烷（HFC-365mfc）和1,1,1,2,2,3,4,5,5,5-十氟戊烷（HFC-43-10mee）",
HS,3,290349,Other,其他,
HS,3,290351,"1,2,3,4,5,6-Hexachlorocyclohexane (HCH (ISO)), including lindane (ISO, INN)","1,2,3,4,5,6-六氯环己烷（HCH（ISO）），包括林丹（ISO，INN）",
HS,3,290352,"Aldrin (ISO), chlordane (ISO) and heptachlor (ISO)",艾氏剂 (ISO)、氯丹 (ISO) 和七氯 (ISO),
HS,3,290359,Other,其他,
HS,3,290361,"Chlorobenzene, o-dichlorobenzene and p-dichlorobenzene",氯苯、邻二氯苯和对二氯苯,
HS,3,290362,"Hexachlorobenzene (ISO) and DDT (ISO) (clofenotane (INN), 1,1,1-trichloro-2,2-bis(p-chlorophenyl)ethane)","六氯苯（ISO）和滴滴涕（ISO）（氯苯乙烷（INN）、1,1,1-三氯-2,2-双（对氯苯基）乙烷）",
HS,3,290369,Other,其他,
HS,3,290371,Chlorodifluoromethane,氯二氟甲烷,
HS,3,290372,Dichlorotrifluoroethanes,二氯三氟乙烷,
HS,3,290373,Dichlorofluoroethanes,二氯氟乙烷,
HS,3,290374,Chlorodifluoroethanes,氯二氟乙烷,
HS,3,290375,Dichloropentafluoropropanes,二氯五氟丙烷,
HS,3,290376,"Bromochlorodifluoromethane, bromotrifluoromethane and dibromotetrafluoroethanes",溴氯二氟甲烷、溴三氟甲烷和二溴四氟乙烷,
HS,3,290377,"Other, perhalogenated only with fluorine and chlorine",其他，仅用氟和氯进行全卤化,
HS,3,290378,Other perhalogenated derivatives,其他全卤衍生物,
HS,3,290379,Other,其他,
HS,3,290381,"1,2,3,4,5,6-Hexachlorocyclohexane (HCH (ISO)), including lindane (ISO, INN)","1,2,3,4,5,6-六氯环己烷（HCH（ISO）），包括林丹（ISO，INN）",
HS,3,290382,"Aldrin (ISO), chlordane (ISO) and heptachlor (ISO)",艾氏剂 (ISO)、氯丹 (ISO) 和七氯 (ISO),
HS,3,290383,Mirex (ISO),灭蚁灵 (ISO),
HS,3,290389,Other,其他,
HS,3,290391,"Chlorobenzene, o-dichlorobenzene and p-dichlorobenzene",氯苯、邻二氯苯和对二氯苯,
HS,3,290392,"Hexachlorobenzene (ISO) and DDT (ISO) (clofenotane (INN), 1,1,1-trichloro-2,2-bis(p-chlorophenyl)ethane)","六氯苯（ISO）和滴滴涕（ISO）（氯苯乙烷（INN）、1,1,1-三氯-2,2-双（对氯苯基）乙烷）",
HS,3,290393,Pentachlorobenzene (ISO),五氯苯（ISO）,
HS,3,290394,Hexabromobiphenyls,六溴联苯,
HS,3,290399,Other,其他,
HS,2,2904,"Sulphonated, nitrated or nitrosated derivatives of hydrocarbons, whether or not halogenated.",烃类的磺化、硝化或亚硝化衍生物，不论是否卤化,
HS,3,290410,"Derivatives containing only sulpho groups, their salts and ethyl esters",仅含磺基的衍生物、其盐和乙酯,
HS,3,290420,Derivatives containing only nitro or only nitroso groups,仅含硝基或亚硝基的衍生物,
HS,3,290431,Perfluorooctane sulphonic acid,全氟辛烷磺酸,
HS,3,290432,Ammonium perfluorooctane sulphonate,全氟辛烷磺酸铵,
HS,3,290433,Lithium perfluorooctane sulphonate,全氟辛烷磺酸锂,
HS,3,290434,Potassium perfluorooctane sulphonate,全氟辛烷磺酸钾,
HS,3,290435,Other salts of perfluorooctane sulphonic acid,全氟辛烷磺酸的其他盐,
HS,3,290436,Perfluorooctane sulphonyl fluoride,全氟辛基磺酰氟,
HS,3,290490,Other,其他,
HS,3,290491,Trichloronitromethane (chloropicrin),三氯硝基甲烷（氯化苦）,
HS,3,290499,Other,其他,
HS,2,2905,"Acyclic alcohols and their halogenated, sulphonated, nitrated or nitrosated derivatives.",无环醇及其卤化、磺化、硝化或亚硝化衍生物,
HS,3,290511,Methanol (methyl alcohol),甲醇,
HS,3,290512,Propan-1-ol (propyl alcohol) and propan-2-ol (isopropyl alcohol),丙醇（丙醇）和异丙醇（异丙醇）,
HS,3,290513,Butan-1-ol (n-butyl alcohol),丁-1-醇（正丁醇）,
HS,3,290514,Other butanols,其他丁醇,
HS,3,290515,Pentanol (amyl alcohol) and isomers thereof,戊醇（戊醇）及其异构体,
HS,3,290516,Octanol (octyl alcohol) and isomers thereof,辛醇（辛醇）及其异构体,
HS,3,290517,"Dodecan-1-ol (lauryl alcohol), hexadecan-1-ol (cetyl alcohol) and octadecan-1-ol (stearyl alcohol)",十二烷-1-醇（月桂醇）、十六烷-1-醇（鲸蜡醇）和十八烷-1-醇（硬脂醇）,
HS,3,290519,Other,其他,
HS,3,290521,Allyl alcohol,烯丙醇,
HS,3,290522,Acyclic terpene alcohols,无环萜烯醇,
HS,3,290529,Other,其他,
HS,3,290531,Ethylene glycol (ethanediol),乙二醇,
HS,3,290532,"Propylene glycol (propane-1,2-diol)","丙二醇（丙烷-1,2-二醇）",
HS,3,290539,Other,其他,
HS,3,290541,"2-Ethyl-2-(hydroxymethyl)propane-1,3-diol (trimethylolpropane)","2-乙基-2-(羟甲基)丙烷-1,3-二醇（三羟甲基丙烷）",
HS,3,290542,Pentaerythritol,季戊四醇,
HS,3,290543,Mannitol,甘露醇,
HS,3,290544,D-glucitol (sorbitol),D-葡萄糖醇（山梨糖醇）,
HS,3,290545,Glycerol,甘油,
HS,3,290549,Other,其他,
HS,3,290550,"Halogenated, sulphonated, nitrated or nitrosated derivatives of acyclic alcohols",无环醇的卤化、磺化、硝化或亚硝化衍生物,
HS,3,290551,Ethchlorvynol (INN),乙氯维诺（INN）,
HS,3,290559,Other,其他,
HS,2,2906,"Cyclic alcohols and their halogenated, sulphonated, nitrated or nitrosated derivatives.",环状醇及其卤化、磺化、硝化或亚硝化衍生物,
HS,3,290611,Menthol,薄荷醇,
HS,3,290612,"Cyclohexanol, methylcyclohexanols and dimethylcyclohexanols",环己醇、甲基环己醇和二甲基环己醇,
HS,3,290613,Sterols and inositols,甾醇和肌醇,
HS,3,290614,Terpineols,松油醇,
HS,3,290619,Other,其他,
HS,3,290621,Benzyl alcohol,苯甲醇,
HS,3,290629,Other,其他,
HS,2,2907,Phenols; phenol-alcohols.,酚类；酚醇类,
HS,3,290711,Phenol (hydroxybenzene) and its salts,苯酚（羟基苯）及其盐,
HS,3,290712,Cresols and their salts,甲酚及其盐,
HS,3,290713,"Octylphenol, nonylphenol and their isomers; salts thereof",辛基苯酚、壬基苯酚及其异构体；其盐,
HS,3,290714,Xylenols and their salts,二甲苯酚及其盐,
HS,3,290715,Naphthols and their salts,萘酚及其盐,
HS,3,290719,Other,其他,
HS,3,290721,Resorcinol and its salts,间苯二酚及其盐,
HS,3,290722,Hydroquinone (quinol) and its salts,对苯二酚（对苯二酚）及其盐,
HS,3,290723,"4,4'-Isopropylidenediphenol (bisphenol A, diphenylolpropane) and its salts","4,4'-异丙基亚苯基二酚（双酚A，二苯酚丙烷）及其盐",
HS,3,290729,Other,其他,
HS,3,290730,Phenol-alcohols,苯酚醇,
HS,2,2908,"Halogenated, sulphonated, nitrated or nitrosated derivatives of phenols or phenol-alcohols.",酚或酚醇的卤化、磺化、硝化或亚硝化衍生物,
HS,3,290810,Derivatives containing only halogen substituents and their salts,仅含卤素取代基的衍生物及其盐,
HS,3,290811,Pentachlorophenol (ISO),五氯苯酚（ISO）,
HS,3,290819,Other,其他,
HS,3,290820,"Derivatives containing only sulpho groups, their salts and esters",仅含磺基的衍生物、其盐和酯,
HS,3,290890,Other,其他,
HS,3,290891,Dinoseb (ISO) and its salts,地乐酚（ISO）及其盐类,
HS,3,290892,"4,6-Dinitro-o-cresol (DNOC (ISO)) and its salts","4,6-二硝基邻甲酚（DNOC（ISO））及其盐",
HS,3,290899,Other,其他,
HS,2,2909,"Ethers, ether-alcohols, ether-phenols, ether-alcohol-phenols, alcohol peroxides, ether peroxides, ketone peroxides (whether or not chemically defined), and their halogenated, sulphonated, nitrated or nitrosated derivatives.",醚、醚醇、醚酚、醚醇酚、醇过氧化物、醚过氧化物、酮过氧化物（不论是否已有化学定义）及其卤化、磺化、硝化或亚硝化衍生物,
HS,3,290911,Diethyl ether,乙醚,
HS,3,290919,Other,其他,
HS,3,290920,"Cyclanic, cyclenic or cycloterpenic ethers and their halogenated, sulphonated, nitrated or nitrosated derivatives",环烷醚、环烯醚或环萜醚及其卤化、磺化、硝化或亚硝化衍生物,
HS,3,290930,"Aromatic ethers and their halogenated, sulphonated, nitrated or nitrosated derivatives",芳香醚及其卤化、磺化、硝化或亚硝化衍生物,
HS,3,290941,"2,2'-Oxydiethanol (diethylene glycol, digol)","2,2'-氧二乙醇（二甘醇，二甘醇）",
HS,3,290942,Monomethyl ethers of ethylene glycol or of diethylene glycol,乙二醇或二乙二醇的单甲醚,
HS,3,290943,Monobutyl ethers of ethylene glycol or of diethylene glycol,乙二醇或二乙二醇的单丁醚,
HS,3,290944,Other monoalkylethers of ethylene glycol or of diethylene glycol,乙二醇或二乙二醇的其他单烷基醚,
HS,3,290949,Other,其他,
HS,3,290950,"Ether-phenols, ether-alcohol-phenols and their halogenated, sulphonated, nitrated or nitrosated derivatives",醚酚、醚醇酚及其卤化、磺化、硝化或亚硝化衍生物,
HS,3,290960,"Alcohol peroxides, ether peroxides, ketone peroxides and their halogenated, sulphonated, nitrated or nitrosated derivatives",醇过氧化物、醚过氧化物、酮过氧化物及其卤化、磺化、硝化或亚硝化衍生物,
HS,2,2910,"Epoxides, epoxyalcohols, epoxyphenols and epoxyethers, with a three-membered ring, and their halogenated, sulphonated, nitrated or nitrosated derivatives.",具有三元环的环氧物、环氧醇、环氧酚和环氧醚，以及它们的卤化、磺化、硝化或亚硝化衍生物,
HS,3,291010,Oxirane (ethylene oxide),环氧乙烷（环氧乙烷）,
HS,3,291020,Methyloxirane (propylene oxide),甲基环氧乙烷（环氧丙烷）,
HS,3,291030,"1-Chloro-2,3-epoxypropane (epichlorohydrin)","1-氯-2,3-环氧丙烷（环氧氯丙烷）",
HS,3,291040,"Dieldrin (ISO, INN)",狄氏剂（ISO、INN）,
HS,3,291050,Endrin (ISO),异狄氏剂（ISO）,
HS,3,291090,Other,其他,
HS,2,2911,"Acetals and hemiacetals, whether or not with other oxygen function, and their halogenated, sulphonated, nitrated or nitrosated derivatives.",缩醛和半缩醛，不论是否带有其他氧基，以及它们的卤化、磺化、硝化或亚硝化衍生物,
HS,3,291100,"Acetals and hemiacetals, whether or not with other oxygen function, and their halogenated, sulphonated, nitrated or nitrosated derivatives",缩醛和半缩醛，不论是否带有其他氧基，以及它们的卤化、磺化、硝化或亚硝化衍生物,
HS,2,2912,"Aldehydes, whether or not with other oxygen function; cyclic polymers of aldehydes; paraformaldehyde.",醛，不论是否带有其他氧基；醛的环状聚合物；多聚甲醛,
HS,3,291211,Methanal (formaldehyde),甲醛,
HS,3,291212,Ethanal (acetaldehyde),乙醛,
HS,3,291213,"Butanal (butyraldehyde, normal isomer)",丁醛（丁醛，正构体）,
HS,3,291219,Other,其他,
HS,3,291221,Benzaldehyde,苯甲醛,
HS,3,291229,Other,其他,
HS,3,291230,Aldehyde-alcohols,醛醇,
HS,3,291241,Vanillin (4-hydroxy-3-methoxybenzaldehyde),香兰素（4-羟基-3-甲氧基苯甲醛）,
HS,3,291242,Ethylvanillin (3-ethoxy-4-hydroxybenzaldehyde),乙基香兰素（3-乙氧基-4-羟基苯甲醛）,
HS,3,291249,Other,其他,
HS,3,291250,Cyclic polymers of aldehydes,醛的环状聚合物,
HS,3,291260,Paraformaldehyde,多聚甲醛,
HS,2,2913,"Halogenated, sulphonated, nitrated or nitrosated derivatives of products of heading 29.12.",税号 29.12 所列产品的卤化、磺化、硝化或亚硝化衍生物,
HS,3,291300,"Halogenated, sulphonated, nitrated or nitrosated derivatives of products of heading 2912",税目 2912 所列产品的卤化、磺化、硝化或亚硝化衍生物,
HS,2,2914,"Ketones and quinones, whether or not with other oxygen function, and their halogenated, sulphonated, nitrated or nitrosated derivatives.",酮和醌，不论是否带有其他氧基，以及它们的卤化、磺化、硝化或亚硝化衍生物,
HS,3,291411,Acetone,丙酮,
HS,3,291412,Butanone (methyl ethyl ketone),丁酮（甲基乙基酮）,
HS,3,291413,4-Methylpentan-2-one (methyl isobutyl ketone),4-甲基戊-2-酮（甲基异丁基酮）,
HS,3,291419,Other,其他,
HS,3,291421,Camphor,樟,
HS,3,291422,Cyclohexanone and methylcyclohexanones,环己酮和甲基环己酮,
HS,3,291423,Ionones and methylionones,紫罗兰酮和甲基紫罗兰酮,
HS,3,291429,Other,其他,
HS,3,291430,Aromatic ketones without other oxygen function,不含其他氧基的芳香酮,
HS,3,291431,Phenylacetone (phenylpropan-2-one),苯丙酮（苯丙-2-酮）,
HS,3,291439,Other,其他,
HS,3,291440,Ketone-alcohols and ketone-aldehydes,酮醇和酮醛,
HS,3,291441,4-Hydroxy-4-methylpentan-2-one (diacetone alcohol),4-羟基-4-甲基戊-2-酮（双丙酮醇）,
HS,3,291449,Other,其他,
HS,3,291450,Ketone-phenols and ketones with other oxygen function,酮酚及含其他氧基的酮,
HS,3,291461,Anthraquinone,蒽醌,
HS,3,291462,Coenzyme Q10 (ubidecarenone (INN)),辅酶 Q10（泛癸利酮（INN））,
HS,3,291469,Other,其他,
HS,3,291470,"Halogenated, sulphonated, nitrated or nitrosated derivatives",卤化、磺化、硝化或亚硝化衍生物,
HS,3,291471,Chlordecone (ISO),十氯酮（ISO）,
HS,3,291479,Other,其他,
HS,2,2915,"Saturated acyclic monocarboxylic acids and their anhydrides, halides, peroxides and peroxyacids; their halogenated, sulphonated, nitrated or nitrosated derivatives.",饱和非环状一元羧酸及其酸酐、卤化物、过氧化物和过氧酸；它们的卤化、磺化、硝化或亚硝化衍生物,
HS,3,291511,Formic acid,甲酸,
HS,3,291512,Salts of formic acid,甲酸的盐,
HS,3,291513,Esters of formic acid,甲酸酯,
HS,3,291521,Acetic acid,醋酸,
HS,3,291522,Sodium acetate,乙酸钠,
HS,3,291523,Cobalt acetates,醋酸钴,
HS,3,291524,Acetic anhydride,乙酸酐,
HS,3,291529,Other,其他,
HS,3,291531,Ethyl acetate,乙酸乙酯,
HS,3,291532,Vinyl acetate,醋酸乙烯酯,
HS,3,291533,n-Butyl acetate,乙酸正丁酯,
HS,3,291534,Isobutyl acetate,乙酸异丁酯,
HS,3,291535,Ethoxyethyl acetate,乙氧基乙基乙酸酯,
HS,3,291536,Dinoseb (ISO) acetate,地乐酚（ISO）乙酸酯,
HS,3,291539,Other,其他,
HS,3,291540,"or trichloroacetic acids, their salts and esters",或三氯乙酸及其盐和酯,
HS,3,291550,"Propionic acid, its salts and esters",丙酸及其盐和酯,
HS,3,291560,"Butanoic acids, pentanoic acids, their salts and esters",丁酸、戊酸及其盐和酯,
HS,3,291570,"Palmitic acid, stearic acid, their salts and esters",棕榈酸、硬脂酸及其盐和酯,
HS,3,291590,Other,其他,
HS,2,2916,"Unsaturated acyclic monocarboxylic acids, cyclic monocarboxylic acids, their anhydrides, halides, peroxides and peroxyacids; their halogenated, sulphonated, nitrated or nitrosated derivatives.",不饱和无环单羧酸、环状单羧酸、它们的酸酐、卤化物、过氧化物和过氧酸；它们的卤化、磺化、硝化或亚硝化衍生物,
HS,3,291611,Acrylic acid and its salts,丙烯酸及其盐,
HS,3,291612,Esters of acrylic acid,丙烯酸酯,
HS,3,291613,Methacrylic acid and its salts,甲基丙烯酸及其盐,
HS,3,291614,Esters of methacrylic acid,甲基丙烯酸酯,
HS,3,291615,"Oleic, linoleic or linolenic acids, their salts and esters",油酸、亚油酸或亚麻酸及其盐和酯,
HS,3,291616,Binapacryl (ISO),乐杀螨 (ISO),
HS,3,291619,Other,其他,
HS,3,291620,"Cyclanic, cyclenic or cycloterpenic monocarboxylic acids, their anhydrides, halides, peroxides, peroxyacids and their derivatives",环烷酸、环烯酸或环萜烯酸单羧酸、其酸酐、卤化物、过氧化物、过氧酸及其衍生物,
HS,3,291631,"Benzoic acid, its salts and esters",苯甲酸及其盐和酯,
HS,3,291632,Benzoyl peroxide and benzoyl chloride,过氧化苯甲酰和苯甲酰氯,
HS,3,291633,"Phenylacetic acid, its salts and esters",苯乙酸及其盐和酯,
HS,3,291634,Phenylacetic acid and its salts,苯乙酸及其盐,
HS,3,291635,Esters of phenylacetic acid,苯乙酸酯,
HS,3,291636,Binapacryl (ISO),乐杀螨 (ISO),
HS,3,291639,Other,其他,
HS,2,2917,"Polycarboxylic acids, their anhydrides, halides, peroxides and peroxyacids; their halogenated, sulphonated, nitrated or nitrosated derivatives.",聚羧酸、其酸酐、卤化物、过氧化物和过氧酸；其卤化、磺化、硝化或亚硝化衍生物,
HS,3,291711,"Oxalic acid, its salts and esters",草酸及其盐和酯,
HS,3,291712,"Adipic acid, its salts and esters",己二酸及其盐和酯,
HS,3,291713,"Azelaic acid, sebacic acid, their salts and esters",壬二酸、癸二酸及其盐和酯,
HS,3,291714,Maleic anhydride,马来酸酐,
HS,3,291719,Other,其他,
HS,3,291720,"Cyclanic, cyclenic or cycloterpenic polycarboxylic acids, their anhydrides, halides, peroxides, peroxyacids and their derivatives",环烷酸、环烯酸或环萜烯酸及其酸酐、卤化物、过氧化物、过氧酸及其衍生物,
HS,3,291731,Dibutyl orthophthalates,邻苯二甲酸二丁酯,
HS,3,291732,Dioctyl orthophthalates,邻苯二甲酸二辛酯,
HS,3,291733,Dinonyl or didecyl orthophthalates,邻苯二甲酸二壬酯或邻苯二甲酸二癸酯,
HS,3,291734,Other esters of orthophthalic acid,其他邻苯二甲酸酯,
HS,3,291735,Phthalic anhydride,邻苯二甲酸酐,
HS,3,291736,Terephthalic acid and its salts,对苯二甲酸及其盐,
HS,3,291737,Dimethyl terephthalate,对苯二甲酸二甲酯,
HS,3,291739,Other,其他,
HS,2,2918,"Carboxylic acids with additional oxygen function and their anhydrides, halides, peroxides and peroxyacids; their halogenated, sulphonated, nitrated or nitrosated derivatives.",含有附加氧官能团的羧酸及其酸酐、卤化物、过氧化物和过氧酸；它们的卤化、磺化、硝化或亚硝化衍生物,
HS,3,291811,"Lactic acid, its salts and esters",乳酸及其盐和酯,
HS,3,291812,Tartaric acid,酒石酸,
HS,3,291813,Salts and esters of tartaric acid,酒石酸盐和酯,
HS,3,291814,Citric acid,柠檬酸,
HS,3,291815,Salts and esters of citric acid,柠檬酸盐和柠檬酸酯,
HS,3,291816,"Gluconic acid, its salts and esters",葡萄糖酸及其盐和酯,
HS,3,291817,"2,2-Diphenyl-2-hydroxyacetic acid (benzilic acid)","2,2-二苯基-2-羟基乙酸（二苯乙醇酸）",
HS,3,291818,Chlorobenzilate (ISO),乙酯酰氯 (ISO),
HS,3,291819,Other,其他,
HS,3,291821,Salicylic acid and its salts,水杨酸及其盐,
HS,3,291822,"o-Acetylsalicylic acid, its salts and esters",邻乙酰水杨酸及其盐和酯,
HS,3,291823,Other esters of salicylic acid and their salts,其他水杨酸酯及其盐,
HS,3,291829,Other,其他,
HS,3,291830,"Carboxylic acids with aldehyde or ketone function but without other oxygen function, their anhydrides, halides, peroxides, peroxyacids and their derivatives",含有醛或酮官能团但不含有其他氧基的羧酸、其酸酐、卤化物、过氧化物、过氧酸及其衍生物,
HS,3,291890,Other,其他,
HS,3,291891,"2,4,5-T (ISO) (2,4,5-trichlorophenoxyacetic acid), its salts and esters","2,4,5-T（ISO）（2,4,5-三氯苯氧乙酸）及其盐和酯",
HS,3,291899,Other,其他,
HS,2,2919,"Phosphoric esters and their salts, including lactophosphates; their halogenated, sulphonated, nitrated or nitrosated derivatives.",磷酸酯及其盐，包括乳磷酸酯；其卤化、磺化、硝化或亚硝化衍生物,
HS,3,291900,"Phosphoric esters and their salts, including lactophosphates; their halogenated, sulphonated, nitrated or nitrosated derivatives.",磷酸酯及其盐，包括乳磷酸酯；其卤化、磺化、硝化或亚硝化衍生物,
HS,3,291910,"Tris(2,3-dibromopropyl) phosphate","磷酸三(2,3-二溴丙基)酯",
HS,3,291990,Other,其他,
HS,2,2920,"Esters of other inorganic acids of non-metals (excluding esters of hydrogen halides) and their salts; their halogenated, sulphonated, nitrated or nitrosated derivatives.",其他非金属无机酸酯（不包括氢卤酸酯）及其盐；它们的卤化、磺化、硝化或亚硝化衍生物,
HS,3,292010,"Thiophosphoric esters (phosphorothioates) and their salts; their halogenated, sulphonated, nitrated or nitrosated derivatives",硫代磷酸酯（硫代磷酸酯）及其盐；其卤化、磺化、硝化或亚硝化衍生物,
HS,3,292011,Parathion (ISO) and parathion-methyl (ISO) (methyl-parathion),对硫磷（ISO）和甲基对硫磷（ISO）（甲基对硫磷）,
HS,3,292019,Other,其他,
HS,3,292021,Dimethyl phosphite,亚磷酸二甲酯,
HS,3,292022,Diethyl phosphite,亚磷酸二乙酯,
HS,3,292023,Trimethyl phosphite,亚磷酸三甲酯,
HS,3,292024,Triethyl phosphite,亚磷酸三乙酯,
HS,3,292029,Other,其他,
HS,3,292030,Endosulfan (ISO),硫丹（ISO）,
HS,3,292090,Other,其他,
HS,2,2921,Amine-function compounds.,胺基官能化合物,
HS,3,292111,or trimethylamine and their salts,或三甲胺及其盐,
HS,3,292112,"2-(N,N-Dimethylamino)ethylchloride hydrochloride","2-(N,N-二甲基氨基)乙基氯盐酸盐",
HS,3,292113,"2-(N,N-Diethylamino)ethylchloride hydrochloride","2-(N,N-二乙氨基)乙基氯盐酸盐",
HS,3,292114,"2-(N,N-Diisopropylamino)ethylchloride hydrochloride","2-(N,N-二异丙基氨基)乙基氯盐酸盐",
HS,3,292119,Other,其他,
HS,3,292121,Ethylenediamine and its salts,乙二胺及其盐,
HS,3,292122,Hexamethylenediamine and its salts,己二胺及其盐,
HS,3,292129,Other,其他,
HS,3,292130,"or polyamines, and their derivatives; salts thereof",或多胺及其衍生物；其盐,
HS,3,292141,Aniline and its salts,苯胺及其盐,
HS,3,292142,Aniline derivatives and their salts,苯胺衍生物及其盐,
HS,3,292143,Toluidines and their derivatives; salts thereof,甲苯胺及其衍生物；其盐,
HS,3,292144,Diphenylamine and its derivatives; salts thereof,二苯胺及其衍生物及其盐,
HS,3,292145,"1-Naphthylamine (a-naphthylamine), 2-naphthylamine (ß-naphthylamine) and their derivatives; salts thereof",1-萘胺（α-萘胺）、2-萘胺（β-萘胺）及其衍生物；其盐,
HS,3,292146,"Amfetamine (INN), benzfetamine (INN), dexamfetamine (INN), etilamfetamine (INN), fencamfamin (INN), lefetamine (INN), levamfetamine (INN), mefenorex (INN) and phentermine (INN); salts thereof",苯丙胺(INN)、苯苯丙胺(INN)、右苯丙胺(INN)、依替安非他明(INN)、芬卡姆法明(INN)、左非他明(INN)、左苯非他明(INN)、美非诺司(INN)和芬特明(INN)；其盐,
HS,3,292149,Other,其他,
HS,3,292151,"o-, m-, p-Phenylenediamine, diaminotoluenes, and their derivatives; salts thereof",邻、间、对苯二胺、二氨基甲苯及其衍生物；其盐,
HS,3,292159,Other,其他,
HS,2,2922,Oxygen-function amino-compounds.,氧功能氨基化合物,
HS,3,292211,Monoethanolamine and its salts,单乙醇胺及其盐,
HS,3,292212,Diethanolamine and its salts,二乙醇胺及其盐,
HS,3,292213,Triethanolamine and its salts,三乙醇胺及其盐,
HS,3,292214,Dextropropoxyphene (INN) and its salts,右丙氧芬（INN）及其盐类,
HS,3,292215,Triethanolamine,三乙醇胺,
HS,3,292216,Diethanolammonium perfluorooctane sulphonate,全氟辛烷磺酸二乙醇铵,
HS,3,292217,Methyldiethanolamine and ethyldiethanolamine,甲基二乙醇胺和乙基二乙醇胺,
HS,3,292218,"2-(N,N-Diisopropylamino)ethanol","2-(N,N-二异丙氨基)乙醇",
HS,3,292219,Other,其他,
HS,3,292221,Aminohydroxynaphthalenesulphonic acids and their salts,氨基羟基萘磺酸及其盐,
HS,3,292222,"Anisidines, dianisidines, phenetidines, and their salts",茴香胺、二茴香胺、苯乙胺及其盐,
HS,3,292229,Other,其他,
HS,3,292230,"Amino-aldehydes, amino-ketones and amino-quinones, other than those containing more than one kind of oxygen function; salts thereof",氨基醛、氨基酮和氨基醌，但含有一种以上氧基团的除外；其盐,
HS,3,292231,"Amfepramone (INN), methadone (INN) and normethadone (INN); salts thereof",安非拉酮 (INN)、美沙酮 (INN) 和去甲美沙酮 (INN)；其盐,
HS,3,292239,Other,其他,
HS,3,292241,Lysine and its esters; salts thereof,赖氨酸及其酯类；其盐类,
HS,3,292242,Glutamic acid and its salts,谷氨酸及其盐,
HS,3,292243,Anthranilic acid and its salts,邻氨基苯甲酸及其盐,
HS,3,292244,Tilidine (INN) and its salts,替利定（INN）及其盐类,
HS,3,292249,Other,其他,
HS,3,292250,"Amino-alcohol-phenols, amino-acid-phenols and other amino-compounds with oxygen function",氨基醇酚、氨基酸酚及其他含氧氨基化合物,
HS,2,2923,"Quaternary ammonium salts and hydroxides; lecithins and other phosphoaminolipids, whether or not chemically defined.",季铵盐及氢氧化物；卵磷脂及其他磷氨基脂质，不论是否已有化学定义,
HS,3,292310,Choline and its salts,胆碱及其盐,
HS,3,292320,Lecithins and other phosphoaminolipids,卵磷脂和其他磷氨基脂质,
HS,3,292330,Tetraethylammonium perfluorooctane sulphonate,全氟辛烷磺酸四乙铵,
HS,3,292340,Didecyldimethylammonium perfluorooctane sulphonate,双癸基二甲基铵全氟辛烷磺酸盐,
HS,3,292390,Other,其他,
HS,2,2924,Carboxyamide-function compounds; amide-function compounds of carbonic acid.,羧酰胺官能化合物；碳酸的酰胺官能化合物,
HS,3,292410,Acyclic amides (including acyclic carbamates) and their derivatives; salts thereof,无环酰胺（包括无环氨基甲酸酯）及其衍生物；其盐,
HS,3,292411,Meprobamate (INN),甲丙氨酯（INN）,
HS,3,292412,"Fluoroacetamide (ISO), monocrotophos (ISO) and phosphamidon (ISO)",氟乙酰胺（ISO）、久效磷（ISO）和磷胺（ISO）,
HS,3,292419,Other,其他,
HS,3,292421,Ureines and their derivatives; salts thereof,尿素及其衍生物及其盐,
HS,3,292422,2-Acetamidobenzoic acid,2-乙酰氨基苯甲酸,
HS,3,292423,2-Acetamidobenzoic acid (N-acetylanthranilic acid) and its salts,2-乙酰氨基苯甲酸（N-乙酰邻氨基苯甲酸）及其盐,
HS,3,292424,Ethinamate (INN),乙胺酸盐（INN）,
HS,3,292425,Alachlor (ISO),甲草胺（ISO）,
HS,3,292429,Other,其他,
HS,2,2925,Carboxyimide-function compounds (including saccharin and its salts) and imine-function compounds.,羧酰亚胺化合物（包括糖精及其盐）和亚胺化合物,
HS,3,292511,Saccharin and its salts,糖精及其盐,
HS,3,292512,Glutethimide (INN),格鲁米特（INN）,
HS,3,292519,Other,其他,
HS,3,292520,Imines and their derivatives; salts thereof,亚胺及其衍生物；其盐,
HS,3,292521,Chlordimeform (ISO),杀虫脒（ISO）,
HS,3,292529,Other,其他,
HS,2,2926,Nitrile-function compounds.,腈基官能化合物,
HS,3,292610,Acrylonitrile,丙烯腈,
HS,3,292620,1-Cyanoguanidine (dicyandiamide),1-氰基胍（双氰胺）,
HS,3,292630,"Fenproporex (INN) and its salts; methadone (INN) intermediate (4-cyano-2-dimethylamino-4,4-diphenylbutane)","芬普雷司（INN）及其盐类；美沙酮（INN）中间体（4-氰基-2-二甲氨基-4,4-二苯基丁烷）",
HS,3,292640,alpha-Phenylacetoacetonitrile,α-苯乙酰乙腈,
HS,3,292690,Other,其他,
HS,2,2927,or azoxy-compounds.,或氧化氮化合物,
HS,3,292700,or azoxy-compounds,或氧化偶氮化合物,
HS,2,2928,Organic derivatives of hydrazine or of hydroxylamine.,肼或羟胺的有机衍生物,
HS,3,292800,Organic derivatives of hydrazine or of hydroxylamine,肼或羟胺的有机衍生物,
HS,2,2929,Compounds with other nitrogen function.,具有其他氮功能的化合物,
HS,3,292910,Isocyanates,异氰酸酯,
HS,3,292990,Other,其他,
HS,2,2930,Organo-sulphur compounds.,有机硫化合物,
HS,3,293010,Dithiocarbonates (xanthates),二硫代碳酸盐（黄原酸盐）,
HS,3,293020,Thiocarbamates and dithiocarbamates,硫代氨基甲酸盐和二硫代氨基甲酸盐,
HS,3,293030,or tetrasulphides,或四硫化物,
HS,3,293040,Methionine,蛋氨酸,
HS,3,293050,Captafol (ISO) and methamidophos (ISO),敌菌丹（ISO）和甲胺磷（ISO）,
HS,3,293060,"2-(N,N-Diethylamino)ethanethiol","2-(N,N-二乙氨基)乙硫醇",
HS,3,293070,Bis(2-hydroxyethyl)sulfide (thiodiglycol (INN)),双(2-羟乙基)硫醚（硫代二甘醇 (INN)）,
HS,3,293080,"Aldicarb (ISO), Captafol (ISO) and methamidophos (ISO)",涕灭威 (ISO)、敌菌丹 (ISO) 和甲胺磷 (ISO),
HS,3,293090,Other,其他,
HS,2,2931,Other organo-inorganic compounds.,其他有机无机化合物,
HS,3,293100,Other organo-inorganic compounds.,其他有机无机化合物,
HS,3,293110,Tetramethyl lead and tetraethyl lead,四甲基铅和四乙基铅,
HS,3,293120,Tributyltin compounds,三丁基锡化合物,
HS,3,293131,Dimethyl methylphosphonate,甲基膦酸二甲酯,
HS,3,293132,Dimethyl propylphosphonate,二甲基丙基膦酸酯,
HS,3,293133,Diethyl ethylphosphonate,乙基膦酸二乙酯,
HS,3,293134,Sodium 3-(trihydroxysilyl)propyl methylphosphonate,3-(三羟基硅基)丙基甲基膦酸钠,
HS,3,293135,"2,4,6-Tripropyl-1,3,5,2,4,6-trioxatriphosphinane 2,4,6-trioxide","2,4,6-三丙基-1,3,5,2,4,6-三氧杂三膦 2,4,6-三氧化物",
HS,3,293136,"(5-Ethyl-2-methyl-2-oxido-1,3,2-dioxaphosphinan-5-yl)methyl methyl methylphosphonate","(5-乙基-2-甲基-2-氧代-1,3,2-二氧磷杂环己烷-5-基)甲基甲基膦酸酯",
HS,3,293137,"Bis[(5-ethyl-2-methyl-2-oxido-1,3,2-dioxaphosphinan-5-yl)methyl] methylphosphonate","双[(5-乙基-2-甲基-2-氧化-1,3,2-二氧磷杂环己烷-5-基)甲基]膦酸酯",
HS,3,293138,Salt of methylphosphonic acid and (aminoiminomethyl)urea (1 : 1),甲基膦酸与（氨基亚氨基甲基）脲的盐（1：1）,
HS,3,293139,Other,其他,
HS,3,293141,Non-halogenated organo-phosphorous derivatives; dimethyl methylphosphonate,非卤化有机磷衍生物；甲基膦酸二甲酯,
HS,3,293142,Non-halogenated organo-phosphorous derivatives; dimethyl propylphosphonate,非卤化有机磷衍生物；二甲基丙基膦酸酯,
HS,3,293143,Non-halogenated organo-phosphorous derivatives; diethyl ethylphosphonate,非卤化有机磷衍生物；乙基膦酸二乙酯,
HS,3,293144,Non-halogenated organo-phosphorous derivatives; methylphosphonic acid,非卤化有机磷衍生物；甲基膦酸,
HS,3,293145,Non-halogenated organo-phosphorous derivatives; salt of methylphosphonic acid and (aminominomethyl) urea (1:1),非卤化有机磷衍生物；甲基膦酸与（氨基甲基）脲的盐（1:1）,
HS,3,293146,"Non-halogenated organo-phosphorous derivatives; 2,4,6-tripropyl-1,3,5,2,4,6-trioxatriphosphinane 2,4,6-trioxide","非卤化有机磷衍生物；2,4,6-三丙基-1,3,5,2,4,6-三氧杂三膦烷 2,4,6-三氧化物",
HS,3,293147,"Non-halogenated organo-phosphorous derivatives; (5-ethyl-2-methyl-2-oxido-1,3,2-dioxaphosphinan-5-yl) methyl methyl methylphosphonate","非卤化有机磷衍生物；(5-乙基-2-甲基-2-氧化-1,3,2-二氧磷杂环己烷-5-基)甲基甲基膦酸酯",
HS,3,293148,"Non-halogenated organo-phosphorous derivatives; 3,9-dimethyl-2,4,8,10-tetraoxa-3,9-diphosphaspiro[5.5] undecane 3,9-dioxide","非卤化有机磷衍生物；3,9-二甲基-2,4,8,10-四氧杂-3,9-二磷杂螺[5.5]十一烷-3,9-二氧化物",
HS,3,293149,"Non-halogenated organo-phosphorous derivatives; other non-halogenated organo-phosphorous derivatives, n.e.c. in item no. 2931.4",非卤化有机磷衍生物；其他非卤化有机磷衍生物，不属于第 2931.4 项,
HS,3,293151,Halogenated organo-phosphorous derivatives; methylphosphonic dichloride,卤化有机磷衍生物；甲基膦酸二氯,
HS,3,293152,Halogenated organo-phosphorous derivatives; propylphosphonic dichloride,卤化有机磷衍生物；丙基膦酸二氯,
HS,3,293153,Halogenated organo-phosphorous derivatives; O-(3-chloropropyl) O-[4-nitro-3-(trifluoromethyl)phenyl] methylphosphonothionate,卤代有机磷衍生物；O-(3-氯丙基)O-[4-硝基-3-(三氟甲基)苯基]甲基硫代膦酸酯,
HS,3,293154,Halogenated organo-phosphorous derivatives; trichlorfon (ISO),卤化有机磷衍生物；敌百虫（ISO）,
HS,3,293159,"Halogenated organo-phosphorous derivatives; other halogenated organo-phosphorous derivatives, n.e.c. in item no. 2931.5",卤化有机磷衍生物；其他卤化有机磷衍生物，不属于第 2931.5 项,
HS,3,293190,Other,其他,
HS,2,2932,Heterocyclic compounds with oxygen hetero-atom(s) only.,仅含有氧杂原子的杂环化合物,
HS,3,293211,Tetrahydrofuran,四氢呋喃,
HS,3,293212,2-Furaldehyde (furfuraldehyde),2-糠醛（糠醛）,
HS,3,293213,Furfuryl alcohol and tetrahydrofurfuryl alcohol,糠醇和四氢糠醇,
HS,3,293214,Sucralose,三氯蔗糖,
HS,3,293219,Other,其他,
HS,3,293220,Lactones,内酯,
HS,3,293221,"Coumarin, methylcoumarins and ethylcoumarins",香豆素、甲基香豆素和乙基香豆素,
HS,3,293229,Other lactones,其他内酯,
HS,3,293290,Other,其他,
HS,3,293291,Isosafrole,异黄樟素,
HS,3,293292,"1-(1,3-Benzodioxol-5-yl)propan-2-one","1-(1,3-苯并二氧杂环戊烯-5-基)丙-2-酮",
HS,3,293293,Piperonal,胡椒醛,
HS,3,293294,Safrole,黄樟素,
HS,3,293295,Tetrahydrocannabinols (all isomers),四氢大麻酚（所有异构体）,
HS,3,293296,"Heterocyclic compounds; with oxygen hetero-atom(s) only, (other than lactones or compounds containing an unfused furan ring (whether or not hydrogenated) in the structure), carbofuran (ISO)",杂环化合物；仅含有氧杂原子，（除内酯或结构中含有未稠合呋喃环（无论是否氢化）的化合物），呋喃丹（ISO）,
HS,3,293299,Other,其他,
HS,2,2933,Heterocyclic compounds with nitrogen hetero-atom(s) only.,仅含有氮杂原子的杂环化合物,
HS,3,293311,Phenazone (antipyrin) and its derivatives,非那酮（安替比林）及其衍生物,
HS,3,293319,Other,其他,
HS,3,293321,Hydantoin and its derivatives,乙内酰脲及其衍生物,
HS,3,293329,Other,其他,
HS,3,293331,Pyridine and its salts,吡啶及其盐,
HS,3,293332,Piperidine and its salts,哌啶及其盐,
HS,3,293333,"Alfentanil (INN), anileridine (INN), bezitramide (INN), bromazepam (INN), difenoxin (INN), diphenoxylate (INN), dipipanone (INN), fentanyl (INN), ketobemidone (INN), methylphenidate (INN), pentazocine (INN), pethidine (INN), pethidine (INN) intermediat",阿芬太尼 (INN)、阿尼乐定 (INN)、贝西米特 (INN)、溴西泮 (INN)、地芬诺辛 (INN)、地芬诺酯 (INN)、地哌酮 (INN)、芬太尼 (INN)、酮贝米酮 (INN)、哌醋甲酯 (INN)、喷他佐辛 (INN)、哌替啶 (INN)、哌替啶 (INN)中间体,
HS,3,293334,"Heterocyclic compounds; containing an unfused pyridine ring (whether or not hydrogenated) in the structure, other fentanyls and their derivatives",杂环化合物；结构中含有未稠合吡啶环（无论是否氢化）、其他芬太尼及其衍生物,
HS,3,293335,"Heterocyclic compounds; containing an unfused pyridine ring (whether or not hydrogenated) in the structure, 3-quinuclidinol",杂环化合物；结构中含有未稠合的吡啶环（无论是否氢化），3-奎宁环醇,
HS,3,293336,"Heterocyclic compounds; containing an unfused pyridine ring (whether or not hydrogenated) in the structure, 4-anilino-N-phenethylpiperidine (ANPP)",杂环化合物；结构中含有未稠合的吡啶环（无论是否氢化），4-苯胺基-N-苯乙基哌啶（ANPP）,
HS,3,293337,"Heterocyclic compounds; containing an unfused pyridine ring (whether or not hydrogenated) in the structure, N-phenethyl-4-piperdone (NPP)",杂环化合物；结构中含有未稠合的吡啶环（无论是否氢化），N-苯乙基-4-哌啶酮（NPP）,
HS,3,293339,Other,其他,
HS,3,293340,"Compounds containing a quinoline or isoquinoline ring-system (whether or not hydrogenated), not further fused",含有喹啉或异喹啉环系的化合物（无论是否氢化），未进一步稠合,
HS,3,293341,Levorphanol (INN) and its salts,左吗啡醇（INN）及其盐类,
HS,3,293349,Other,其他,
HS,3,293351,Malonylurea (barbituric acid) and its derivatives; salts thereof,丙二酰脲（巴比妥酸）及其衍生物；其盐,
HS,3,293352,Malonylurea (barbituric acid) and its salts,丙二酰脲（巴比妥酸）及其盐,
HS,3,293353,"Allobarbital (INN), amobarbital (INN), barbital (INN), butalbital (INN), butobarbital, cyclobarbital (INN), methylphenobarbital (INN), pentobarbital (INN), phenobarbital (INN), secbutabarbital (INN), secobarbital (INN) and vinylbital (INN); salts there",[0100] 阿洛巴比妥（INN)、异戊巴比妥（INN)、巴比妥（INN)、布他比妥（INN)、布托巴比妥、环巴比妥（INN)、甲基苯巴比妥（INN)、戊巴比妥（INN)、苯巴比妥（INN)、仲丁巴比妥（INN)、司可巴比妥（INN)和乙烯比妥（INN)；那里有盐,
HS,3,293354,Other derivatives of malonylurea (barbituric acid); salts thereof,丙二酰脲（巴比妥酸）的其他衍生物及其盐,
HS,3,293355,"Loprazolam (INN), mecloqualone (INN), methaqualone (INN) and zipeprol (INN); salts thereof",氯普唑仑（INN）、甲氯喹酮（INN）、甲喹酮（INN）和齐培丙醇（INN）；它们的盐,
HS,3,293359,Other,其他,
HS,3,293361,Melamine,三聚氰胺,
HS,3,293369,Other,其他,
HS,3,293371,6-Hexanelactam (epsilon-caprolactam),6-己内酰胺（ε-己内酰胺）,
HS,3,293372,Clobazam (INN) and methyprylon (INN),氯巴占（INN）和甲乙酮（INN）,
HS,3,293379,Other lactams,其他内酰胺类,
HS,3,293390,Other,其他,
HS,3,293391,"Alprazolam (INN), camazepam (INN), chlordiazepoxide (INN), clonazepam (INN), clorazepate, delorazepam (INN), diazepam (INN), estazolam (INN), ethyl loflazepate (INN), fludiazepam (INN), flunitrazepam (INN), flurazepam (INN), halazepam (INN), lorazepam",阿普唑仑（INN）、卡马西泮（INN）、氯氮卓（INN）、氯硝西泮（INN）、氯拉卓酸、地洛拉西泮（INN）、地西泮（INN）、艾司唑仑（INN）、氯氟西泮乙酯（INN）、氟地西泮（INN）、氟硝西泮（INN）、氟西泮（INN）、哈拉西泮（INN）、劳拉西泮,
HS,3,293392,Azinphos-methyl (ISO),谷硫磷（ISO）,
HS,3,293399,Other,其他,
HS,2,2934,"Nucleic acids and their salts, whether or not chemically defined; other heterocyclic compounds.",核酸及其盐，不论是否已有化学定义；其他杂环化合物,
HS,3,293410,Compounds containing an unfused thiazole ring (whether or not hydrogenated) in the structure,结构中含有未稠合噻唑环（无论是否氢化）的化合物,
HS,3,293420,"Compounds containing in the structure a benzothiazole ring-system (whether or not hydrogenated), not further fused",结构中含有苯并噻唑环系的化合物（无论是否氢化），未进一步稠合,
HS,3,293430,"Compounds containing in the structure a phenothiazine ring-system (whether or not hydrogenated), not further fused",结构中含有吩噻嗪环系的化合物（无论是否氢化），未进一步稠合,
HS,3,293490,Other,其他,
HS,3,293491,"Aminorex (INN), brotizolam (INN), clotiazepam (INN), cloxazolam (INN), dextromoramide (INN), haloxazolam (INN), ketazolam (INN), mesocarb (INN), oxazolam (INN), pemoline (INN), phendimetrazine (INN), phenmetrazine (INN) and sufentanil (INN); salts ther",阿米诺雷司（INN）、溴替唑仑（INN）、氯噻西泮（INN）、氯噁唑仑（INN）、右吗拉胺（INN）、卤噁唑仑（INN）、凯他唑仑（INN）、美索卡（INN）、恶唑仑（INN）、匹莫林（INN）、苯甲曲秦（INN）、苯甲曲秦（INN）和舒芬太尼（INN）；以及它们的盐类,
HS,3,293492,"Heterocyclic compounds; other fentanyls n.e.c. in 2934, and their derivatives",杂环化合物；2934 项下的其他芬太尼及其衍生物,
HS,3,293499,Other,其他,
HS,2,2935,Sulphonamides.,磺胺类药物,
HS,3,293500,Sulphonamides.,磺胺类药物,
HS,3,293510,N-Methylperfluorooctane sulphonamide,N-甲基全氟辛烷磺酰胺,
HS,3,293520,N-Ethylperfluorooctane sulphonamide,N-乙基全氟辛烷磺酰胺,
HS,3,293530,N-Ethyl-N-(2-hydroxyethyl) perfluorooctane sulphonamide,N-乙基-N-(2-羟乙基)全氟辛烷磺酰胺,
HS,3,293540,N-(2-Hydroxyethyl)-N-methylperfluorooctane sulphonamide,N-(2-羟乙基)-N-甲基全氟辛烷磺酰胺,
HS,3,293550,Other perfluorooctane sulphonamides,其他全氟辛烷磺酰胺,
HS,3,293590,Other,其他,
HS,2,2936,"Provitamins and vitamins, natural or reproduced by synthesis (including natural concentrates), derivatives thereof used primarily as vitamins, and intermixtures of the foregoing, whether or not in any solvent.",天然或合成再造的维生素原和维生素（包括天然浓缩物）、主要用作维生素的衍生物以及前述物质的混合物，不论是否在任何溶剂中,
HS,3,293610,"Provitamins, unmixed",未混合的维生素原,
HS,3,293621,Vitamins A and their derivatives,维生素A及其衍生物,
HS,3,293622,Vitamin B1 and its derivatives,维生素B1及其衍生物,
HS,3,293623,Vitamin B2 and its derivatives,维生素B2及其衍生物,
HS,3,293624,or DL-Pantothenic acid (vitamin B3 or vitamin B5) and its derivatives,或DL-泛酸（维生素B3或维生素B5）及其衍生物,
HS,3,293625,Vitamin B6 and its derivatives,维生素B6及其衍生物,
HS,3,293626,Vitamin B12 and its derivatives,维生素B12及其衍生物,
HS,3,293627,Vitamin C and its derivatives,维生素C及其衍生物,
HS,3,293628,Vitamin E and its derivatives,维生素E及其衍生物,
HS,3,293629,Other vitamins and their derivatives,其他维生素及其衍生物,
HS,3,293690,"Other, including natural concentrates",其他，包括天然浓缩物,
HS,2,2937,"Hormones, prostaglandins, thromboxanes and leukotrienes, natural or reproduced by synthesis; derivatives and structural analogues thereof, including chain modified polypeptides, used primarily as hormones.",天然或合成的激素、前列腺素、血栓素和白三烯；其衍生物和结构类似物，包括链修饰的多肽，主要用作激素,
HS,3,293710,"Pituitary (anterior) or similar hormones, and their derivatives",垂体（前叶）激素或类似激素及其衍生物,
HS,3,293711,"Somatotropin, its derivatives and structural analogues",生长激素、其衍生物和结构类似物,
HS,3,293712,Insulin and its salts,胰岛素及其盐,
HS,3,293719,Other,其他,
HS,3,293721,"Cortisone, hydrocortisone, prednisone (dehydrocortisone) and prednisolone (dehydrohydrocortisone)",可的松、氢化可的松、泼尼松（脱氢可的松）和泼尼松龙（脱氢氢化可的松）,
HS,3,293722,Halogenated derivatives of corticosteroidal hormones,皮质类固醇激素的卤化衍生物,
HS,3,293723,Oestrogens and progestogens,雌激素和孕激素,
HS,3,293729,Other,其他,
HS,3,293731,Epinephrine,肾上腺素,
HS,3,293739,Other,其他,
HS,3,293740,Amino-acid derivatives,氨基酸衍生物,
HS,3,293750,"Prostaglandins, thromboxanes and leukotrienes, their derivatives and structural analogues",前列腺素、血栓素和白三烯及其衍生物和结构类似物,
HS,3,293790,Other,其他,
HS,3,293791,Insulin and its salts,胰岛素及其盐,
HS,3,293792,Oestrogens and progestogens,雌激素和孕激素,
HS,3,293799,Other,其他,
HS,2,2938,"Glycosides, natural or reproduced by synthesis, and their salts, ethers, esters and other derivatives.",天然或合成再生的糖苷及其盐、醚、酯和其他衍生物,
HS,3,293810,Rutoside (rutin) and its derivatives,芸香苷（芦丁）及其衍生物,
HS,3,293890,Other,其他,
HS,2,2939,"Vegetable alkaloids, natural or reproduced by synthesis, and their salts, ethers, esters and other derivatives.",天然或合成的植物生物碱及其盐、醚、酯和其他衍生物,
HS,3,293910,Alkaloids of opium and their derivatives; salts thereof,鸦片生物碱及其衍生物；其盐,
HS,3,293911,"Concentrates of poppy straw; buprenorphine (INN), codeine, dihydrocodeine (INN), ethylmorphine, etorphine (INN), heroin, hydrocodone (INN), hydromorphone (INN), morphine, nicomorphine (INN), oxycodone (INN), oxymorphone (INN), pholcodine (INN), thebaco",罂粟秆浓缩物；丁丙诺啡（INN）、可待因、二氢可待因（INN）、乙基吗啡、乙托啡（INN）、海洛因、氢可酮（INN）、氢吗啡酮（INN）、吗啡、尼可吗啡（INN）、羟可酮（INN）、羟吗啡酮（INN）、福尔可定（INN）、,
HS,3,293919,Other,其他,
HS,3,293920,Alkaloids of cinchona and their derivatives; salts thereof,金鸡纳生物碱及其衍生物及其盐,
HS,3,293921,Quinine and its salts,奎宁及其盐,
HS,3,293929,Other,其他,
HS,3,293930,Caffeine and its salts,咖啡因及其盐,
HS,3,293940,Ephedrines and their salts,麻黄碱及其盐,
HS,3,293941,Ephedrine and its salts,麻黄碱及其盐,
HS,3,293942,Pseudoephedrine (INN) and its salts,伪麻黄碱（INN）及其盐类,
HS,3,293943,Cathine (INN) and its salts,凯西林（INN）及其盐类,
HS,3,293944,Norephedrine and its salts,去甲麻黄碱及其盐,
HS,3,293945,"Alkaloids; of ephedrine and their derivatives; levometamfetamine, metamfetamine (INN), metamefetamine racemate and their salts",生物碱；麻黄碱及其衍生物；左旋甲基苯丙胺、甲基苯丙胺（INN）、甲基苯丙胺外消旋体及其盐,
HS,3,293949,Other,其他,
HS,3,293950,ethylenediamine) and their derivatives; salts thereof,乙二胺)及其衍生物；其盐,
HS,3,293951,Fenetylline (INN) and its salts,芬乙林（INN）及其盐类,
HS,3,293959,Other,其他,
HS,3,293960,Alkaloids of rye ergot and their derivatives; salts thereof,黑麦麦角生物碱及其衍生物；其盐,
HS,3,293961,Ergometrine (INN) and its salts,麦角新碱（INN）及其盐类,
HS,3,293962,Ergotamine (INN) and its salts,麦角胺（INN）及其盐类,
HS,3,293963,Lysergic acid and its salts,麦角酸及其盐,
HS,3,293969,Other,其他,
HS,3,293970,Nicotine and its salts,尼古丁及其盐类,
HS,3,293971,"Cocaine, ecgonine, levometamfetamine, metamfetamine (INN), metamfetamine racemate; salts, esters and other derivatives thereof",可卡因、芽子碱、左旋甲基苯丙胺、甲基苯丙胺（INN）、甲基苯丙胺外消旋体；其盐、酯类及其他衍生物,
HS,3,293972,"Alkaloids; of vegetal origin, cocaine, ecgonine; salts, esters and other derivatives thereof",生物碱；植物来源的可卡因、芽子碱；其盐、酯和其他衍生物,
HS,3,293979,Other,其他,
HS,3,293980,Other,其他,
HS,3,293990,Other,其他,
HS,3,293991,"Cocaine, ecgonine, levometamfetamine, metamfetamine (INN), metamfetamine racemate; salts, esters and other derivatives thereof",可卡因、芽子碱、左旋甲基苯丙胺、甲基苯丙胺（INN）、甲基苯丙胺外消旋体；其盐、酯类及其他衍生物,
HS,3,293999,Other,其他,
HS,2,2940,"Sugars, chemically pure, other than sucrose, lactose, maltose, glucose and fructose; sugar ethers, sugar acetals and sugar esters, and their salts, other than products of heading 29.37, 29.38 or 29.39.",除蔗糖、乳糖、麦芽糖、葡萄糖和果糖以外的化学纯糖；糖醚、糖缩醛、糖酯及其盐，但税号 29.37、29.38 或 29.39 的产品除外,
HS,3,294000,"Sugars, chemically pure, other than sucrose, lactose, maltose, glucose and fructose; sugar ethers, sugar acetals and sugar esters, and their salts, other than products of heading 2937, 2938 or 2939",除蔗糖、乳糖、麦芽糖、葡萄糖和果糖以外的化学纯糖；糖醚、糖缩醛、糖酯及其盐，但税号 2937、2938 或 2939 的产品除外,
HS,2,2941,Antibiotics.,抗生素,
HS,3,294110,Penicillins and their derivatives with a penicillanic acid structure; salts thereof,青霉素及其具有青霉烷酸结构的衍生物及其盐,
HS,3,294120,Streptomycins and their derivatives; salts thereof,链霉素及其衍生物；其盐,
HS,3,294130,Tetracyclines and their derivatives; salts thereof,四环素类及其衍生物；其盐,
HS,3,294140,Chloramphenicol and its derivatives; salts thereof,氯霉素及其衍生物；其盐,
HS,3,294150,Erythromycin and its derivatives; salts thereof,红霉素及其衍生物；其盐,
HS,3,294190,Other,其他,
HS,2,2942,Other organic compounds.,其他有机化合物,
HS,3,294200,Other organic compounds,其他有机化合物,
HS,1,30,PHARMACEUTICAL PRODUCTS,医药产品,
HS,2,3001,"Glands and other organs for organo-therapeutic uses, dried, whether or not powdered; extracts of glands or other organs or of their secretions for organo-therapeutic uses; heparin and its salts; other human or animal substances prepared for therapeutic or",用于器官治疗用途的干燥腺体和其他器官，不论是否制成粉末；用于器官治疗用途的腺体或其他器官或其分泌物的提取物；肝素及其盐；用于治疗或治疗的其他人体或动物物质,
HS,3,300110,"Glands and other organs, dried, whether or not powdered",腺体及其他器官，干燥的，不论是否粉末状,
HS,3,300120,Extracts of glands or other organs or of their secretions,腺体或其他器官的提取物或其分泌物,
HS,3,300190,Other,其他,
HS,2,3002,"Human blood; animal blood prepared for therapeutic, prophylactic or diagnostic uses; antisera, other blood fractions and immunological products, whether or not modified or obtained by means of biotechnological processes; vaccines, toxins, cultures of micr",人类血液；用于治疗、预防或诊断用途的动物血液；抗血清、其他血液成分和免疫产品，不论是否通过生物技术方法改性或获得；疫苗、毒素、微生物培养物,
HS,3,300210,"Antisera, other blood fractions and immunological products, whether or not modified or obtained by means of biotechnological processes",抗血清、其他血液成分和免疫产品，不论是否通过生物技术方法改性或获得,
HS,3,300211,Malaria diagnostic test kits,疟疾诊断检测试剂盒,
HS,3,300212,Antisera and other blood fractions,抗血清和其他血液成分,
HS,3,300213,"Immunological products, unmixed, not put up in measured doses or in forms or packings for retail sale",未混合的免疫产品，未配制成定量剂量或零售形式或包装,
HS,3,300214,"Immunological products, mixed, not put up in measured doses or in forms or packings for retail sale",混合免疫产品，未按规定剂量或零售形式或包装,
HS,3,300215,"Immunological products, put up in measured doses or in forms or packings for retail sale",免疫产品，已配好剂量或已制成零售形式或包装,
HS,3,300219,Other,其他,
HS,3,300220,Vaccines for human medicine,人类医学疫苗,
HS,3,300230,Vaccines for veterinary medicine,兽用疫苗,
HS,3,300231,Vaccines against foot-and-mouth disease,口蹄疫疫苗,
HS,3,300239,Other,其他,
HS,3,300241,"Vaccines, toxins, cultures of micro-organisms (excluding yeasts) and similar products; for human medicine",疫苗、毒素、微生物培养物（不包括酵母）及类似产品；用于人类医学,
HS,3,300242,"Vaccines, toxins, cultures of micro-organisms (excluding yeasts) and similar products; for veterinary medicine",疫苗、毒素、微生物培养物（不包括酵母）及类似产品；用于兽药,
HS,3,300249,"Toxins, cultures of micro-organisms (excluding yeasts) and similar products; n.e.c. in item 3002.3",毒素、微生物培养物（不包括酵母）及类似产品；属于第 3002.3 项,
HS,3,300251,"Cell cultures, whether or not modified; cell therapy products",细胞培养物，无论是否经过修饰；细胞治疗产品,
HS,3,300259,"Cell cultures, whether or not modified; other cell cultures not including cell therapy products",细胞培养物，无论是否经过改造；其他细胞培养物（不包括细胞治疗产品）,
HS,3,300290,Other,其他,
HS,2,3003,"Medicaments (excluding goods of heading 30.02, 30.05 or 30.06) consisting of two or more constituents which have been mixed together for therapeutic or prophylactic uses, not put up in measured doses or in forms or packings for retail sale.",药品（不包括税目 30.02、30.05 或 30.06 的货品），由两种或两种以上成分混合而成，用于治疗或预防疾病，且未配制成定量剂量或零售形式或包装,
HS,3,300310,"Containing penicillins or derivatives thereof, with a penicillanic acid structure, or streptomycins or their derivatives",含有青霉素或其衍生物（具有青霉烷酸结构）或链霉素或其衍生物,
HS,3,300320,"Other, containing antibiotics",其他，含抗生素,
HS,3,300331,Containing insulin,含有胰岛素,
HS,3,300339,Other,其他,
HS,3,300340,Containing alkaloids or derivatives thereof but not containing hormones or other products of heading 29.37 or antibiotics,含有生物碱或其衍生物，但不含激素或税目29.37的其他产品或抗生素,
HS,3,300341,Containing ephedrine or its salts,含有麻黄碱或其盐,
HS,3,300342,Containing pseudoephedrine (INN) or its salts,含有伪麻黄碱（INN）或其盐类,
HS,3,300343,Containing norephedrine or its salts,含有去甲麻黄碱或其盐,
HS,3,300349,Other,其他,
HS,3,300360,"Other, containing antimalarial active principles described in Subheading Note 2 to this Chapter",其他，含有本章子目注释2所述抗疟活性成分,
HS,3,300390,Other,其他,
HS,2,3004,"Medicaments (excluding goods of heading 30.02, 30.05 or 30.06) consisting of mixed or unmixed products for therapeutic or prophylactic uses, put up in measured doses (including those in the form of transdermal administration systems) or in forms or packin",药品（不包括税目 30.02、30.05 或 30.06 的货品），由混合或非混合产品组成，用于治疗或预防疾病，已配好剂量（包括透皮给药系统形式），或制成,
HS,3,300410,"Containing penicillins or derivatives thereof, with a penicillanic acid structure, or streptomycins or their derivatives",含有青霉素或其衍生物（具有青霉烷酸结构）或链霉素或其衍生物,
HS,3,300420,"Other, containing antibiotics",其他，含抗生素,
HS,3,300431,Containing insulin,含有胰岛素,
HS,3,300432,"Containing corticosteroid hormones, their derivatives or structural analogues",含有皮质类固醇激素、其衍生物或结构类似物,
HS,3,300439,Other,其他,
HS,3,300440,"Containing alkaloids or derivatives thereof but not containing hormones, other products of heading 29.37 or antibiotics",含有生物碱或其衍生物，但不含激素、税目29.37的其他产品或抗生素,
HS,3,300441,Containing ephedrine or its salts,含有麻黄碱或其盐,
HS,3,300442,Containing pseudoephedrine (INN) or its salts,含有伪麻黄碱（INN）或其盐类,
HS,3,300443,Containing norephedrine or its salts,含有去甲麻黄碱或其盐,
HS,3,300449,Other,其他,
HS,3,300450,"Other, containing vitamins or other products of heading 2936",其他，含有维生素或税目 2936 的其他产品,
HS,3,300460,"Other, containing antimalarial active principles described in Subheading Note 2 to this Chapter",其他，含有本章子目注释2所述抗疟活性成分,
HS,3,300490,Other,其他,
HS,2,3005,"Wadding, gauze, bandages and similar articles (for example, dressings, adhesive plasters, poultices), impregnated or coated with pharmaceutical substances or put up in forms or packings for retail sale for medical, surgical, dental or veterinary purposes.",填料、纱布、绷带及类似物品（例如，敷料、创可贴、泥敷剂），用药物浸渍或涂敷，或制成零售形式或包装，供医疗、外科、牙科或兽医使用,
HS,3,300510,Adhesive dressings and other articles having an adhesive layer,粘性敷料及其他具有粘性层的物品,
HS,3,300590,Other,其他,
HS,2,3006,Pharmaceutical goods specified in Note 4 to this Chapter.,本章注释4规定的药品,
HS,3,300610,"Sterile surgical catgut, similar sterile suture materials (including sterile absorbable surgical or dental yarns) and sterile tissue adhesives for surgical wound closure; sterile laminaria and sterile laminaria tents; sterile absorbable surgical or dent",无菌手术肠线、类似的无菌缝合材料（包括无菌可吸收手术线或牙科线）和用于手术伤口闭合的无菌组织粘合剂；无菌海带和无菌海带帐篷；无菌可吸收手术线或牙科线,
HS,3,300620,Blood-grouping reagents,血型试剂,
HS,3,300630,Opacifying preparations for X-ray examinations; diagnostic reagents designed to be administered to the patient,用于X射线检查的遮光制剂；用于给患者注射的诊断试剂,
HS,3,300640,Dental cements and other dental fillings; bone reconstruction cements,牙科水泥及其他牙科填充物；骨重建水泥,
HS,3,300650,First-aid boxes and kits,急救箱和急救包,
HS,3,300660,"Chemical contraceptive preparations based on hormones, on other products of heading 2937 or on spermicides",以激素、税目 2937 所列其他产品或杀精剂为基础的化学避孕制剂,
HS,3,300670,Gel preparations designed to be used in human or veterinary medicine as a lubricant for parts of the body for surgical operations or physical examinations or as a coupling agent between the body and medical instruments,凝胶制剂，设计用于人类或兽医学，作为外科手术或体检时身体部位的润滑剂，或作为身体和医疗器械之间的耦合剂,
HS,3,300680,Waste pharmaceuticals,废弃药品,
HS,3,300691,Appliances identifiable for ostomy use,可识别用于造口术的器具,
HS,3,300692,Waste pharmaceuticals,废弃药品,
HS,3,300693,"Pharmaceutical goods; placebos and blinded (or double-blinded) clinical trial kits for a recognised clinical trial, put up in measured doses",药品；安慰剂和用于认可临床试验的盲法（或双盲）临床试验试剂盒，按规定剂量提供,
HS,1,31,FERTILISERS,肥料,
HS,2,3101,"Animal or vegetable fertilisers, whether or not mixed together or chemically treated; fertilisers produced by the mixing or chemical treatment of animal or vegetable products.",动物或植物肥料，不论是否混合或经过化学处理；通过混合或化学处理动物或植物产品生产的肥料,
HS,3,310100,"Animal or vegetable fertilisers, whether or not mixed together or chemically treated; fertilisers produced by the mixing or chemical treatment of animal or vegetable products",动物或植物肥料，不论是否混合或经过化学处理；通过混合或化学处理动物或植物产品生产的肥料,
HS,2,3102,"Mineral or chemical fertilisers, nitrogenous.",含氮矿物肥料或化学肥料,
HS,3,310210,"Urea, whether or not in aqueous solution",尿素，无论是否为水溶液,
HS,3,310221,Ammonium sulphate,硫酸铵,
HS,3,310229,Other,其他,
HS,3,310230,"Ammonium nitrate, whether or not in aqueous solution",硝酸铵，无论是否为水溶液,
HS,3,310240,Mixtures of ammonium nitrate with calcium carbonate or other inorganic non-fertilising substances,硝酸铵与碳酸钙或其他无机非施肥物质的混合物,
HS,3,310250,Sodium nitrate,硝酸钠,
HS,3,310260,Double salts and mixtures of calcium nitrate and ammonium nitrate,硝酸钙和硝酸铵的复盐和混合物,
HS,3,310270,Calcium cyanamide,氰氨化钙,
HS,3,310280,Mixtures of urea and ammonium nitrate in aqueous or ammoniacal solution,尿素和硝酸铵的水溶液或氨溶液混合物,
HS,3,310290,"Other, including mixtures not specified in the foregoing subheadings",其他，包括上述子目中未列明的混合物,
HS,2,3103,"Mineral or chemical fertilisers, phosphatic.",矿物或化学肥料，磷酸盐,
HS,3,310310,Superphosphates,过磷酸钙,
HS,3,310311,Containing by weight 35 % or more of diphosphorus pentaoxide (P2O5),按重量计含有35％或更多的五氧化二磷（P2O5）,
HS,3,310319,Other,其他,
HS,3,310320,Basic slag,碱性矿渣,
HS,3,310390,Other,其他,
HS,2,3104,"Mineral or chemical fertilisers, potassic.",矿物或化学肥料，钾,
HS,3,310410,"Carnallite, sylvite and other crude natural potassium salts",光卤石、钾盐及其他粗天然钾盐,
HS,3,310420,Potassium chloride,氯化钾,
HS,3,310430,Potassium sulphate,硫酸钾,
HS,3,310490,Other,其他,
HS,2,3105,"Mineral or chemical fertilisers containing two or three of the fertilising elements nitrogen, phosphorus and potassium; other fertilisers; goods of this Chapter in tablets or similar forms or in packages of a gross weight not exceeding 10 kg.",含有氮、磷、钾两种或三种施肥元素的矿物肥料或化学肥料；其他肥料；本章货物，为片状或类似形状，或每包装毛重不超过10公斤,
HS,3,310510,Goods of this chapter in tablets or similar forms or in packages of a gross weight not exceeding 10 kg,本章货物，以片剂或类似形状，或以毛重不超过10公斤的包装形式,
HS,3,310520,"Mineral or chemical fertilisers containing the three fertilising elements nitrogen, phosphorus and potassium",含有氮、磷、钾三种肥料的矿物肥料或化学肥料,
HS,3,310530,Diammonium hydrogenorthophosphate (diammonium phosphate),磷酸氢二铵（磷酸二铵）,
HS,3,310540,Ammonium dihydrogenorthophosphate (monoammonium phosphate) and mixtures thereof with diammonium hydrogenorthophosphate (diammonium phosphate),磷酸二氢铵（磷酸一铵）及其与磷酸氢二铵（磷酸二铵）的混合物,
HS,3,310551,Containing nitrates and phosphates,含有硝酸盐和磷酸盐,
HS,3,310559,Other,其他,
HS,3,310560,Mineral or chemical fertilisers containing the two fertilising elements phosphorus and potassium,含有磷和钾两种肥料的矿物肥料或化学肥料,
HS,3,310590,Other,其他,
HS,1,32,"TANNING OR DYEING EXTRACTS; TANNINS AND THEIR DERIVATIVES; DYES, PIGMENTS AND OTHER COLOURING MATTER; PAINTS AND VARNISHES; PUTTY AND OTHER MASTICS; INKS",鞣料或染色提取物；单宁及其衍生物；染料、颜料及其他着色料；油漆及清漆；油灰及其他胶粘剂；油墨,
HS,2,3201,"Tanning extracts of vegetable origin; tannins and their salts, ethers, esters and other derivatives.",植物来源的鞣剂提取物；鞣质及其盐、醚、酯和其他衍生物,
HS,3,320110,Quebracho extract,坚木提取物,
HS,3,320120,Wattle extract,金合欢提取物,
HS,3,320130,Oak or chestnut extract,橡木或栗子提取物,
HS,3,320190,Other,其他,
HS,2,3202,tanning.,晒黑,
HS,3,320210,Synthetic organic tanning substances,合成有机鞣剂,
HS,3,320290,Other,其他,
HS,2,3203,"Colouring matter of vegetable or animal origin (including dyeing extracts but excluding animal black), whether or not chemically defined; preparations as specified in Note 3 to this Chapter based on colouring matter of vegetable or animal origin.",植物或动物来源的着色料（包括染色提取物，但不包括动物黑），不论是否已有化学定义；本章注释3所列的以植物或动物来源的着色料为基础的制品,
HS,3,320300,"Colouring matter of vegetable or animal origin (including dyeing extracts but excluding animal black), whether or not chemically defined; preparations as specified in note 3 to this chapter based on colouring matter of vegetable or animal origin",植物或动物来源的着色料（包括染色提取物，但不包括动物黑），不论是否经过化学定义；本章注释3中规定的以植物或动物来源的着色料为基础的制剂,
HS,2,3204,"Synthetic organic colouring matter, whether or not chemically defined; preparations as specified in Note 3 to this Chapter based on synthetic organic colouring matter; synthetic organic products of a kind used as fluorescent brightening agents or as lumin",合成有机着色剂，不论是否已有化学定义；本章注释三所列的以合成有机着色剂为基础的制剂；用作荧光增白剂或发光剂的合成有机产品,
HS,3,320411,Disperse dyes and preparations based thereon,分散染料及其制剂,
HS,3,320412,"Acid dyes, whether or not premetallised, and preparations based thereon; mordant dyes and preparations based thereon",酸性染料（无论是否预金属化）及其制剂；媒染染料及其制剂,
HS,3,320413,Basic dyes and preparations based thereon,碱性染料及其制剂,
HS,3,320414,Direct dyes and preparations based thereon,直接染料及其制剂,
HS,3,320415,Vat dyes (including those usable in that state as pigments) and preparations based thereon,还原染料（包括可用作颜料的还原染料）及其制剂,
HS,3,320416,Reactive dyes and preparations based thereon,活性染料及其制剂,
HS,3,320417,Pigments and preparations based thereon,颜料及其制剂,
HS,3,320418,Dyes; carotenoid colouring matters and preparations based thereon,染料；胡萝卜素着色剂及其制剂,
HS,3,320419,"Other, including mixtures of colouring matter of two or more of the subheadings 320411 to 320419",其他，包括子目 320411 至 320419 中两种或两种以上着色料的混合物,
HS,3,320420,Synthetic organic products of a kind used as fluorescent brightening agents,用作荧光增白剂的合成有机产品,
HS,3,320490,Other,其他,
HS,2,3205,Colour lakes; preparations as specified in Note 3 to this Chapter based on colour lakes.,色淀；本章注释三所列的以色淀为基础的制剂,
HS,3,320500,Colour lakes; preparations as specified in note 3 to this chapter based on colour lakes,色淀；本章注释3中规定的以色淀为基础的制剂,
HS,2,3206,"Other colouring matter; preparations as specified in Note 3 to this Chapter, other than those of heading 32.03, 32.04 or 32.05; inorganic products of a kind used as luminophores, whether or not chemically defined.",其他着色料；本章注释三所列的制品，但税目 32.03、32.04 或 32.05 的货品除外；用作发光体的无机产品，不论是否已有化学定义,
HS,3,320610,Pigments and preparations based on titanium dioxide,基于二氧化钛的颜料和制剂,
HS,3,320611,Containing 80 % or more by weight of titanium dioxide calculated on the dry matter,按干物质计算，含二氧化钛重量80%或以上,
HS,3,320619,Other,其他,
HS,3,320620,Pigments and preparations based on chromium compounds,基于铬化合物的颜料和制剂,
HS,3,320630,Pigments and preparations based on cadmium compounds,基于镉化合物的颜料和制剂,
HS,3,320641,Ultramarine and preparations based thereon,群青及其制剂,
HS,3,320642,Lithopone and other pigments and preparations based on zinc sulphide,锌钡白及其他以硫化锌为基础的颜料和制剂,
HS,3,320643,Pigments and preparations based on hexacyanoferrates (ferrocyanides and ferricyanides),基于六氰基铁酸盐（亚铁氰化物和铁氰化物）的颜料和制剂,
HS,3,320649,Other,其他,
HS,3,320650,Inorganic products of a kind used as luminophores,用作发光体的一类无机产品,
HS,2,3207,"Prepared pigments, prepared opacifiers and prepared colours, vitrifiable enamels and glazes, engobes (slips), liquid lustres and similar preparations, of a kind used in the ceramic, enamelling or glass industry; glass frit and other glass, in the form of",陶瓷、搪瓷或玻璃工业所用的配制颜料、配制遮光剂、配制色素、可玻璃化的搪瓷和釉料、釉底料（泥浆）、液体光泽剂及类似制剂；玻璃料及其他玻璃，,
HS,3,320710,"Prepared pigments, prepared opacifiers, prepared colours and similar preparations",配制颜料、配制遮光剂、配制色素及类似制剂,
HS,3,320720,"Vitrifiable enamels and glazes, engobes (slips) and similar preparations",可玻璃化的搪瓷和釉料、釉底料（泥浆）和类似制剂,
HS,3,320730,Liquid lustres and similar preparations,液体光泽剂及类似制剂,
HS,3,320740,"Glass frit and other glass, in the form of powder, granules or flakes",玻璃料及其他玻璃，呈粉末、颗粒或薄片状,
HS,2,3208,"Paints and varnishes (including enamels and lacquers) based on synthetic polymers or chemically modified natural polymers, dispersed or dissolved in a non-aqueous medium; solutions as defined in Note 4 to this Chapter.",以合成聚合物或化学改性天然聚合物为基本成分的色漆及清漆（包括瓷漆和大漆），分散或溶解于非水介质中；以及本章注释四所定义的溶液,
HS,3,320810,Based on polyesters,基于聚酯,
HS,3,320820,Based on acrylic or vinyl polymers,基于丙烯酸或乙烯基聚合物,
HS,3,320890,Other,其他,
HS,2,3209,"Paints and varnishes (including enamels and lacquers) based on synthetic polymers or chemically modified natural polymers, dispersed or dissolved in an aqueous medium.",以合成聚合物或化学改性的天然聚合物为基础，分散或溶解在水介质中的油漆和清漆（包括瓷漆和大漆）,
HS,3,320910,Based on acrylic or vinyl polymers,基于丙烯酸或乙烯基聚合物,
HS,3,320990,Other,其他,
HS,2,3210,"Other paints and varnishes (including enamels, lacquers and distempers); prepared water pigments of a kind used for finishing leather.",其他油漆和清漆（包括瓷漆、生漆和水性涂料）；用于涂饰皮革的水性颜料,
HS,3,321000,"Other paints and varnishes (including enamels, lacquers and distempers); prepared water pigments of a kind used for finishing leather",其他油漆及清漆（包括瓷漆、生漆及水性涂料）；用于涂饰皮革的水性颜料,
HS,2,3211,Prepared driers.,准备好干燥剂,
HS,3,321100,Prepared driers,准备好的干燥剂,
HS,2,3212,"Pigments (including metallic powders and flakes) dispersed in non-aqueous media, in liquid or paste form, of a kind used in the manufacture of paints (including enamels); stamping foils; dyes and other colouring matter put up in forms or packings for reta",颜料（包括金属粉末和薄片），分散在非水介质中，呈液体或糊状，用于制造油漆（包括瓷漆）；压花箔；制成零售形式或包装的染料和其他着色料,
HS,3,321210,Stamping foils,烫印箔,
HS,3,321290,Other,其他,
HS,2,3213,"Artists', students' or signboard painters' colours, modifying tints, amusement colours and the like, in tablets, tubes, jars, bottles, pans or in similar forms or packings.",艺术家、学生或广告牌画家的颜料、调色颜料、娱乐颜料等，以片剂、管材、罐子、瓶子、盘或类似形式或包装形式存在,
HS,3,321310,Colours in sets,成套颜色,
HS,3,321390,Other,其他,
HS,2,3214,"Glaziers' putty, grafting putty, resin cements, caulking compounds and other mastics; painters' fillings; non-refractory surfacing preparations for façades, indoor walls, floors, ceilings or the like.",玻璃工油灰、接枝油灰、树脂水泥、填缝料及其他胶粘剂；油漆工填料；用于外墙、室内墙壁、地板、天花板或类似物的非耐火表面处理制剂,
HS,3,321410,"Glaziers' putty, grafting putty, resin cements, caulking compounds and other mastics; painters' fillings",玻璃工油灰、接枝油灰、树脂水泥、填缝剂及其他胶粘剂；油漆工填料,
HS,3,321490,Other,其他,
HS,2,3215,"Printing ink, writing or drawing ink and other inks, whether or not concentrated or solid.",印刷油墨、书写或绘图油墨及其他油墨，不论是否浓缩或固体,
HS,3,321511,Black,黑色的,
HS,3,321519,Other,其他,
HS,3,321590,Other,其他,
HS,1,33,"ESSENTIAL OILS AND RESINOIDS; PERFUMERY, COSMETIC OR TOILET PREPARATIONS",精油和树脂；香料、化妆品或盥洗用品,
HS,2,3301,"Essential oils (terpeneless or not), including concretes and absolutes; resinoids; extracted oleoresins; concentrates of essential oils in fats, in fixed oils, in waxes or the like, obtained by enfleurage or maceration; terpenic by-products of the deterpe",精油（无论是否不含萜烯），包括浸膏和净油；树脂；提取的油树脂；通过脂吸法或浸渍法获得的脂肪、固定油、蜡或类似物中的精油浓缩物；萜烯副产品,
HS,3,330111,Of bergamot,佛手柑,
HS,3,330112,Of orange,橙色的,
HS,3,330113,Of lemon,柠檬,
HS,3,330114,Of lime,石灰,
HS,3,330119,Other,其他,
HS,3,330121,Of geranium,天竺葵,
HS,3,330122,Of jasmin,茉莉花,
HS,3,330123,Of lavender or of lavandin,薰衣草或杂薰衣草,
HS,3,330124,Of peppermint (Mentha piperita),薄荷（Mentha piperita）,
HS,3,330125,Of other mints,其他薄荷,
HS,3,330126,Of vetiver,香根草,
HS,3,330129,Other,其他,
HS,3,330130,Resinoids,树脂类,
HS,3,330190,Other,其他,
HS,2,3302,"Mixtures of odoriferous substances and mixtures (including alcoholic solutions) with a basis of one or more of these substances, of a kind used as raw materials in industry; other preparations based on odoriferous substances, of a kind used for the manufa",工业用原料的芳香物质混合物及以一种或多种芳香物质为基础的混合物（包括醇溶液）；用于制造芳香剂的其他制剂,
HS,3,330210,Of a kind used in the food or drink industries,用于食品或饮料工业的一种,
HS,3,330290,Other,其他,
HS,2,3303,Perfumes and toilet waters.,香水和花露水,
HS,3,330300,Perfumes and toilet waters,香水和花露水,
HS,2,3304,"Beauty or make-up preparations and preparations for the care of the skin (other than medicaments), including sunscreen or sun tan preparations; manicure or pedicure preparations.",美容或化妆制剂和皮肤护理制剂（药物除外），包括防晒或晒黑制剂；修指甲或修脚制剂,
HS,3,330410,Lip make-up preparations,唇部彩妆产品,
HS,3,330420,Eye make-up preparations,眼部化妆品,
HS,3,330430,Manicure or pedicure preparations,修指甲或修脚准备,
HS,3,330491,"Powders, whether or not compressed",粉末，无论是否压缩,
HS,3,330499,Other,其他,
HS,2,3305,Preparations for use on the hair.,用于头发的制剂,
HS,3,330510,Shampoos,洗发水,
HS,3,330520,Preparations for permanent waving or straightening,烫发或拉直头发的准备工作,
HS,3,330530,Hair lacquers,发胶,
HS,3,330590,Other,其他,
HS,2,3306,"Preparations for oral or dental hygiene, including denture fixative pastes and powders; yarn used to clean between the teeth (dental floss), in individual retail packages.",口腔或牙齿卫生制剂，包括假牙固定膏和粉末；用于清洁牙齿间隙的纱线（牙线），单独零售包装,
HS,3,330610,Dentifrices,牙膏,
HS,3,330620,Yarn used to clean between the teeth (dental floss),用于清洁牙齿之间的纱线（牙线）,
HS,3,330690,Other,其他,
HS,2,3307,"Pre-shave, shaving or after-shave preparations, personal deodorants, bath preparations, depilatories and other perfumery, cosmetic or toilet preparations, not elsewhere specified or included; prepared room deodorisers, whether or not perfumed or having di",剃须前、剃须后制剂、个人除臭剂、沐浴制剂、脱毛剂及其他未列名的香料、化妆品或盥洗用品；已配制的房间除臭剂，不论是否加香或有异味,
HS,3,330710,"Pre-shave, shaving or aftershave preparations",剃须前、剃须后制剂,
HS,3,330720,Personal deodorants and antiperspirants,个人除臭剂和止汗剂,
HS,3,330730,Perfumed bath salts and other bath preparations,香薰浴盐和其他沐浴用品,
HS,3,330741,‘Agarbatti’ and other odoriferous preparations which operate by burning,“Agarbatti” 和其他通过燃烧而起作用的芳香制剂,
HS,3,330749,Other,其他,
HS,3,330790,Other,其他,
HS,1,34,"SOAP, ORGANIC SURFACE-ACTIVE AGENTS, WASHING PREPARATIONS, LUBRICATING PREPARATIONS, ARTIFICIAL WAXES, PREPARED WAXES, POLISHING OR SCOURING PREPARATIONS, CANDLES AND SIMILAR ARTICLES, MODELLING PASTES, ‘DENTAL WAXES’ AND DENTAL PREPARATION",肥皂、有机表面活性剂、洗涤剂、润滑剂、人造蜡、配制蜡、抛光剂或擦洗剂、蜡烛及类似物品、塑形膏、“牙科蜡”及牙科制剂,
HS,2,3401,"Soap; organic surface-active products and preparations for use as soap, in the form of bars, cakes, moulded pieces or shapes, whether or not containing soap; organic surface-active products and preparations for washing the skin, in the form of liquid or c",肥皂；用作肥皂的有机表面活性产品及制剂，呈条状、块状、模制件或形状，不论是否含有肥皂；用于洗皮肤的有机表面活性产品及制剂，呈液体或液体状,
HS,3,340111,For toilet use (including medicated products),用于卫生间（包括药用产品）,
HS,3,340119,Other,其他,
HS,3,340120,Soap in other forms,其他形式的肥皂,
HS,3,340130,"Organic surface-active products and preparations for washing the skin, in the form of liquid or cream and put up for retail sale, whether or not containing soap",有机表面活性产品和用于清洁皮肤的制剂，以液体或乳膏形式并供零售，无论是否含有肥皂,
HS,2,3402,"Organic surface-active agents (other than soap); surface-active preparations, washing preparations (including auxiliary washing preparations) and cleaning preparations, whether or not containing soap, other than those of heading 34.01.",有机表面活性剂（肥皂除外）；表面活性制剂、洗涤制剂（包括辅助洗涤制剂）及清洁制剂，不论是否含有肥皂，但税目 34.01 的货品除外,
HS,3,340211,Anionic,阴离子,
HS,3,340212,Cationic,阳离子,
HS,3,340213,Non-ionic,非离子,
HS,3,340219,Other,其他,
HS,3,340220,Preparations put up for retail sale,零售准备品,
HS,3,340231,"Anionic organic surface-active agents (other than soap); linear alkylbenzene sulphonic acids and their salts, whether or not put up for retail sale",阴离子有机表面活性剂（肥皂除外）；直链烷基苯磺酸及其盐，不论是否零售,
HS,3,340239,"Anionic organic surface-active agents (other than soap); other than linear alkylbenzene sulphonic acids and their salts, whether or not put up for retail sale",阴离子有机表面活性剂（肥皂除外）；除直链烷基苯磺酸及其盐外，不论是否零售,
HS,3,340241,"Organic surface-active agents; cationic (other than soap), whether or not put up for retail sale",有机表面活性剂；阳离子（肥皂除外），不论是否零售,
HS,3,340242,"Organic surface-active agents; non-ionic (other than soap), whether or not put up for retail sale",有机表面活性剂；非离子型（肥皂除外），不论是否零售,
HS,3,340249,"Organic surface-active agents; whether or not put up for retail sale, n.e.c. in item no. 3402",有机表面活性剂；不论是否零售，均归类于第 3402 项,
HS,3,340250,"Washing and cleaning preparations; powders, flakes and granules, surface-active, whether or not containing soap (excluding those of heading no. 3401), put up for retail sale",洗涤剂和清洁剂；粉状、片状和颗粒状，表面活性物质，不论是否含肥皂（不包括税目3401的货品），零售包装,
HS,3,340290,Other,其他,
HS,2,3403,"Lubricating preparations (including cutting-oil preparations, bolt or nut release preparations, anti-rust or anti-corrosion preparations and mould release preparations, based on lubricants) and preparations of a kind used for the oil or grease treatment o",润滑制剂（包括切削油制剂、螺栓或螺母脱模剂、防锈或防腐蚀制剂和基于润滑剂的脱模剂）以及用于油或油脂处理的制剂,
HS,3,340311,"Preparations for the treatment of textile materials, leather, furskins or other materials",用于处理纺织材料、皮革、毛皮或其他材料的制剂,
HS,3,340319,Other,其他,
HS,3,340391,"Preparations for the treatment of textile materials, leather, furskins or other materials",用于处理纺织材料、皮革、毛皮或其他材料的制剂,
HS,3,340399,Other,其他,
HS,2,3404,Artificial waxes and prepared waxes.,人造蜡和配制蜡,
HS,3,340410,Of chemically modified lignite,化学改性褐煤,
HS,3,340420,Of poly(oxyethylene) (polyethylene glycol),聚氧乙烯（聚乙二醇）,
HS,3,340490,Other,其他,
HS,2,3405,"Polishes and creams, for footwear, furniture, floors, coachwork, glass or metal, scouring pastes and powders and similar preparations (whether or not in the form of paper, wadding, felt, nonwovens, cellular plastics or cellular rubber, impregnated, coated",用于鞋类、家具、地板、车身、玻璃或金属的抛光剂和擦洗膏、擦洗粉和类似制剂（不论是否为纸、填料、毛毡、无纺布、泡沫塑料或泡沫橡胶、浸渍、涂层,
HS,3,340510,"Polishes, creams and similar preparations, for footwear or leather",鞋类或皮革用抛光剂、乳霜及类似制剂,
HS,3,340520,"Polishes, creams and similar preparations, for the maintenance of wooden furniture, floors or other woodwork",用于维护木制家具、地板或其他木制品的抛光剂、乳霜及类似制剂,
HS,3,340530,"Polishes and similar preparations for coachwork, other than metal polishes",除金属抛光剂外的车身抛光剂和类似制剂,
HS,3,340540,Scouring pastes and powders and other scouring preparations,擦洗膏、擦洗粉及其他擦洗制剂,
HS,3,340590,Other,其他,
HS,2,3406,"Candles, tapers and the like.",蜡烛、细蜡烛等,
HS,3,340600,"Candles, tapers and the like",蜡烛、细蜡烛等,
HS,2,3407,"Modelling pastes, including those put up for children's amusement; preparations known as “dental wax” or as “dental impression compounds”, put up in sets, in packings for retail sale or in plates, horseshoe shapes, sticks or similar forms; other preparati",造型膏，包括供儿童娱乐的造型膏；称为“牙科蜡”或“牙科印模膏”的制剂，以套装、零售包装或盘状、马蹄形、棒状或类似形状包装；其他制剂,
HS,3,340700,"Modelling pastes, including those put up for children's amusement; preparations known as ‘dental wax’ or as ‘dental impression compounds’, put up in sets, in packings for retail sale or in plates, horseshoe shapes, sticks or similar forms; other preparati",造型膏，包括供儿童娱乐的造型膏；称为“牙科蜡”或“牙科印模化合物”的制剂，以套装、零售包装或盘状、马蹄形、棒状或类似形状包装；其他制剂,
HS,1,35,ALBUMINOIDAL SUBSTANCES; MODIFIED STARCHES; GLUES; ENZYMES,蛋白类物质；改性淀粉；胶；酶,
HS,2,3501,"Casein, caseinates and other casein derivatives; casein glues.",酪蛋白、酪蛋白酸盐和其他酪蛋白衍生物；酪蛋白胶,
HS,3,350110,Casein,酪蛋白,
HS,3,350190,Other,其他,
HS,2,3502,"Albumins (including concentrates of two or more whey proteins, containing by weight more than 80 % whey proteins, calculated on the dry matter), albuminates and other albumin derivatives.",白蛋白（包括两种或两种以上乳清蛋白的浓缩物，按干物质计算，乳清蛋白含量超过80%）、白蛋白酸盐和其他白蛋白衍生物,
HS,3,350210,Egg albumin,卵白蛋白,
HS,3,350211,Dried,干的,
HS,3,350219,Other,其他,
HS,3,350220,"Milk albumin, including concentrates of two or more whey proteins",乳清蛋白，包括两种或两种以上乳清蛋白的浓缩物,
HS,3,350290,Other,其他,
HS,2,3503,"Gelatin (including gelatin in rectangular (including square) sheets, whether or not surface-worked or coloured) and gelatin derivatives; isinglass; other glues of animal origin, excluding casein glues of heading 35.01.",明胶（包括矩形（含正方形）片状明胶，不论是否经过表面加工或着色）及明胶衍生物；鱼胶；其他动物源性胶，但税目 35.01 的酪蛋白胶除外,
HS,3,350300,"Gelatin (including gelatin in rectangular (including square) sheets, whether or not surface-worked or coloured) and gelatin derivatives; isinglass; other glues of animal origin, excluding casein glues of heading 3501",明胶（包括矩形（含方形）片状明胶，不论是否经过表面加工或着色）及明胶衍生物；鱼胶；其他动物源性胶水，但税目 3501 的酪蛋白胶除外,
HS,2,3504,"Peptones and their derivatives; other protein substances and their derivatives, not elsewhere specified or included; hide powder, whether or not chromed.",蛋白胨及其衍生物；其他未列明或包括的蛋白质物质及其衍生物；生皮粉，不论是否镀铬,
HS,3,350400,"Peptones and their derivatives; other protein substances and their derivatives, not elsewhere specified or included; hide powder, whether or not chromed",蛋白胨及其衍生物；其他未列明或包括的蛋白质物质及其衍生物；皮粉，不论是否镀铬,
HS,2,3505,"Dextrins and other modified starches (for example, pregelatinised or esterified starches); glues based on starches, or on dextrins or other modified starches.",糊精和其他改性淀粉（例如预糊化淀粉或酯化淀粉）；以淀粉或糊精或其他改性淀粉为基础的胶水,
HS,3,350510,Dextrins and other modified starches,糊精和其他改性淀粉,
HS,3,350520,Glues,胶水,
HS,2,3506,"Prepared glues and other prepared adhesives, not elsewhere specified or included; products suitable for use as glues or adhesives, put up for retail sale as glues or adhesives, not exceeding a net weight of 1 kg.",未在其他地方列明或包括的预制胶水及其他预制粘合剂；适合用作胶水或粘合剂的产品，以胶水或粘合剂的形式零售，净重不超过 1 公斤,
HS,3,350610,"Products suitable for use as glues or adhesives, put up for retail sale as glues or adhesives, not exceeding a net weight of 1 kg",适合用作胶水或粘合剂的产品，以胶水或粘合剂形式零售，净重不超过1公斤,
HS,3,350691,Adhesives based on polymers of headings 3901 to 3913 or on rubber,以3901至3913项聚合物或橡胶为基础的粘合剂,
HS,3,350699,Other,其他,
HS,2,3507,Enzymes; prepared enzymes not elsewhere specified or included.,酶；未在其他地方具体说明或包括的制备酶,
HS,3,350710,Rennet and concentrates thereof,凝乳酶及其浓缩物,
HS,3,350790,Other,其他,
HS,1,36,EXPLOSIVES; PYROTECHNIC PRODUCTS; MATCHES; PYROPHORIC ALLOYS; CERTAIN COMBUSTIBLE PREPARATIONS,爆炸物；烟火制品；火柴；引火合金；某些可燃制剂,
HS,2,3601,Propellent powders.,推进剂粉,
HS,3,360100,Propellent powders,推进剂粉,
HS,2,3602,"Prepared explosives, other than propellent powders.",除推进粉之外的预制炸药,
HS,3,360200,"Prepared explosives, other than propellent powders",除推进剂粉以外的预制炸药,
HS,2,3603,Safety fuses; detonating fuses; percussion or detonating caps; igniters; electric detonators.,安全引信；导爆索；撞击式或导爆管；点火器；电雷管,
HS,3,360300,Safety fuses; detonating fuses; percussion or detonating caps; igniters; electric detonators,安全引信；导爆索；撞击式或导爆管；点火器；电雷管,
HS,3,360310,Safety fuses,安全保险丝,
HS,3,360320,Detonating cords,引爆线,
HS,3,360330,Percussion caps,雷管,
HS,3,360340,Detonating caps,雷管,
HS,3,360350,Igniters,点火器,
HS,3,360360,Electric detonators,电雷管,
HS,2,3604,"Fireworks, signalling flares, rain rockets, fog signals and other pyrotechnic articles.",烟花、信号弹、雨箭、雾信号和其他烟火制品,
HS,3,360410,Fireworks,烟花,
HS,3,360490,Other,其他,
HS,2,3605,"Matches, other than pyrotechnic articles of heading 36.04.",火柴，但税目 36.04 的烟火制品除外,
HS,3,360500,"Matches, other than pyrotechnic articles of heading 3604",火柴，但税目 3604 的烟火制品除外,
HS,2,3606,Ferro-cerium and other pyrophoric alloys in all forms; articles of combustible materials as specified in Note 2 to this Chapter.,各种形状的铈铁合金及其他自燃合金；本章注释2所述的可燃材料制品,
HS,3,360610,Liquid or liquefied-gas fuels in containers of a kind used for filling or refilling cigarette or similar lighters and of a capacity not exceeding 300 cm³,用于填充或重新填充香烟或类似打火机的容器中的液体或液化气体燃料，容量不超过 300 cm³,
HS,3,360690,Other,其他,
HS,1,37,PHOTOGRAPHIC OR CINEMATOGRAPHIC GOODS,摄影或电影制品,
HS,2,3701,"Photographic plates and film in the flat, sensitised, unexposed, of any material other than paper, paperboard or textiles; instant print film in the flat, sensitised, unexposed, whether or not in packs.",用纸、纸板或纺织品以外的任何材料制成的平片、感光、未曝光的照相底片和胶片；平片、感光、未曝光的即时打印胶片，不论是否包装,
HS,3,370110,For X-ray,用于X射线,
HS,3,370120,Instant print film,即时打印胶片,
HS,3,370130,"Other plates and film, with any side exceeding 255 mm",其他版片及胶片，任何一边超过255毫米,
HS,3,370191,For colour photography (polychrome),用于彩色摄影（多色）,
HS,3,370199,Other,其他,
HS,2,3702,"Photographic film in rolls, sensitised, unexposed, of any material other than paper, paperboard or textiles; instant print film in rolls, sensitised, unexposed.",卷筒状感光、未曝光的摄影胶卷，由纸、纸板或纺织品以外的任何材料制成；卷筒状即时打印胶卷，感光、未曝光,
HS,3,370210,For X-ray,用于X射线,
HS,3,370220,Instant print film,即时打印胶片,
HS,3,370231,For colour photography (polychrome),用于彩色摄影（多色）,
HS,3,370232,"Other, with silver halide emulsion",其他，含卤化银乳剂,
HS,3,370239,Other,其他,
HS,3,370241,"Of a width exceeding 610 mm and of a length exceeding 200 m, for colour photography (polychrome)",宽度超过 610 毫米且长度超过 200 米，用于彩色摄影（多色）,
HS,3,370242,"Of a width exceeding 610 mm and of a length exceeding 200 m, other than for colour photography",宽度超过 610 毫米且长度超过 200 米，彩色摄影除外,
HS,3,370243,Of a width exceeding 610 mm and of a length not exceeding 200 m,宽度超过610毫米，长度不超过200米,
HS,3,370244,Of a width exceeding 105 mm but not exceeding 610 mm,宽度超过105毫米但不超过610毫米,
HS,3,370251,Of a width not exceeding 16 mm and of a length not exceeding 14 m,宽度不超过16毫米，长度不超过14米,
HS,3,370252,Of a width not exceeding 16 mm,宽度不超过16毫米,
HS,3,370253,"Of a width exceeding 16 mm but not exceeding 35 mm and of a length not exceeding 30 m, for slides",宽度超过16毫米但不超过35毫米，长度不超过30米，用于幻灯片,
HS,3,370254,"Of a width exceeding 16 mm but not exceeding 35 mm and of a length not exceeding 30 m, other than for slides",宽度超过16毫米但不超过35毫米，长度不超过30米，幻灯片除外,
HS,3,370255,Of a width exceeding 16 mm but not exceeding 35 mm and of a length exceeding 30 m,宽度超过16毫米但不超过35毫米，长度超过30米,
HS,3,370256,Of a width exceeding 35 mm,宽度超过35毫米,
HS,3,370291,Of a width not exceeding 16 mm,宽度不超过16毫米,
HS,3,370292,Of a width not exceeding 16 mm and of a length exceeding 14 m,宽度不超过16毫米，长度超过14米,
HS,3,370293,Of a width exceeding 16 mm but not exceeding 35 mm and of a length not exceeding 30 m,宽度超过16毫米但不超过35毫米，长度不超过30米,
HS,3,370294,Of a width exceeding 16 mm but not exceeding 35 mm and of a length exceeding 30 m,宽度超过16毫米但不超过35毫米，长度超过30米,
HS,3,370295,Of a width exceeding 35 mm,宽度超过35毫米,
HS,3,370296,Of a width not exceeding 35 mm and of a length not exceeding 30 m,宽度不超过35毫米，长度不超过30米,
HS,3,370297,Of a width not exceeding 35 mm and of a length exceeding 30 m,宽度不超过35毫米，长度超过30米,
HS,3,370298,Of a width exceeding 35 mm,宽度超过35毫米,
HS,2,3703,"Photographic paper, paperboard and textiles, sensitised, unexposed.",感光纸、纸板和纺织品，未曝光,
HS,3,370310,In rolls of a width exceeding 610 mm,卷材宽度超过 610 毫米,
HS,3,370320,"Other, for colour photography (polychrome)",其他，用于彩色摄影（多色）,
HS,3,370390,Other,其他,
HS,2,3704,"Photographic plates, film, paper, paperboard and textiles, exposed but not developed.",已曝光但未显影的照相底片、胶片、纸张、纸板和纺织品,
HS,3,370400,"Photographic plates, film, paper, paperboard and textiles, exposed but not developed",已曝光但未显影的照相底片、胶片、纸、纸板和纺织品,
HS,2,3705,"Photographic plates and film, exposed and developed, other than cinematographic film.",除电影胶片外，已曝光和显影的照相底片和胶片,
HS,3,370500,"Photographic plates and film, exposed and developed, other than cinematographic film",已曝光和显影的照相底片和胶片（电影胶片除外）,
HS,3,370510,For offset reproduction,用于胶版印刷,
HS,3,370520,Microfilms,缩微胶片,
HS,3,370590,Other,其他,
HS,2,3706,"Cinematographic film, exposed and developed, whether or not incorporating sound track or consisting only of sound track.",已曝光和冲洗的电影胶片，无论是否包含音轨或仅由音轨组成,
HS,3,370610,Of a width of 35 mm or more,宽度为35毫米或以上,
HS,3,370690,Other,其他,
HS,2,3707,"Chemical preparations for photographic uses (other than varnishes, glues, adhesives and similar preparations); unmixed products for photographic uses, put up in measured portions or put up for retail sale in a form ready for use.",摄影用化学制剂（除清漆、胶水、粘合剂和类似制剂外）；摄影用未混合产品，按定量分装或以即用型形式零售,
HS,3,370710,Sensitising emulsions,敏化乳剂,
HS,3,370790,Other,其他,
HS,1,38,MISCELLANEOUS CHEMICAL PRODUCTS,杂项化学产品,
HS,2,3801,"Artificial graphite; colloidal or semi-colloidal graphite; preparations based on graphite or other carbon in the form of pastes, blocks, plates or other semi-manufactures.",人造石墨；胶体或半胶体石墨；以石墨或其他碳为基础的糊状、块状、片状或其他半制成品,
HS,3,380110,Artificial graphite,人造石墨,
HS,3,380120,Colloidal or semi-colloidal graphite,胶体或半胶体石墨,
HS,3,380130,Carbonaceous pastes for electrodes and similar pastes for furnace linings,电极用碳质糊及炉衬用类似糊,
HS,3,380190,Other,其他,
HS,2,3802,"Activated carbon; activated natural mineral products; animal black, including spent animal black.",活性炭；活性天然矿物产品；动物黑，包括废动物黑,
HS,3,380210,Activated carbon,活性炭,
HS,3,380290,Other,其他,
HS,2,3803,"Tall oil, whether or not refined.",妥尔油，不论是否精炼,
HS,3,380300,"Tall oil, whether or not refined",妥尔油，无论是否精制,
HS,2,3804,"Residual lyes from the manufacture of wood pulp, whether or not concentrated, desugared or chemically treated, including lignin sulphonates, but excluding tall oil of heading 38.03.",生产木浆所产生的残渣碱液，不论是否浓缩、脱糖或经化学处理，包括木质素磺酸盐，但不包括税目 38.03 的妥尔油,
HS,3,380400,"Residual lyes from the manufacture of wood pulp, whether or not concentrated, desugared or chemically treated, including lignin sulphonates, but excluding tall oil of heading 3803",生产木浆产生的残渣碱液，不论是否浓缩、脱糖或化学处理，包括木质素磺酸盐，但不包括税目3803的妥尔油,
HS,2,3805,"Gum, wood or sulphate turpentine and other terpenic oils produced by the distillation or other treatment of coniferous woods; crude dipentene; sulphite turpentine and other crude para-cymene; pine oil containing alpha-terpineol as the main constituent.",通过蒸馏或其他方式处理针叶木而产生的脂松节油、木松节油或硫酸盐松节油及其他萜烯油；粗双戊烯；亚硫酸盐松节油及其他粗对甲基异丙基甲苯；含有α-松油醇作为主要成分的松油,
HS,3,380510,"Gum, wood or sulphate turpentine oils",松节油、木松节油或硫酸盐松节油,
HS,3,380520,Pine oil,松油,
HS,3,380590,Other,其他,
HS,2,3806,"Rosin and resin acids, and derivatives thereof; rosin spirit and rosin oils; run gums.",松香和树脂酸及其衍生物；松香精和松香油；松香胶,
HS,3,380610,Rosin and resin acids,松香和树脂酸,
HS,3,380620,"Salts of rosin, of resin acids or of derivatives of rosin or resin acids, other than salts of rosin adducts",松香、树脂酸或松香或树脂酸衍生物的盐，松香加合物盐除外,
HS,3,380630,Ester gums,酯胶,
HS,3,380690,Other,其他,
HS,2,3807,"Wood tar; wood tar oils; wood creosote; wood naphtha; vegetable pitch; brewers' pitch and similar preparations based on rosin, resin acids or on vegetable pitch.",木焦油；木焦油；木杂酚油；木质石脑油；植物沥青；啤酒沥青及以松香、树脂酸或植物沥青为基本成分的类似制剂,
HS,3,380700,"Wood tar; wood tar oils; wood creosote; wood naphtha; vegetable pitch; brewers' pitch and similar preparations based on rosin, resin acids or on vegetable pitch",木焦油；木焦油；木杂酚油；木质石脑油；植物沥青；啤酒沥青及以松香、树脂酸或植物沥青为基本成分的类似制品,
HS,2,3808,"Insecticides, rodenticides, fungicides, herbicides, anti-sprouting products and plant-growth regulators, disinfectants and similar products, put up in forms or packings for retail sale or as preparations or articles (for example, sulphur-treated bands, wi",杀虫剂、杀鼠剂、杀菌剂、除草剂、抗萌产品、植物生长调节剂、消毒剂及类似产品，以零售形式或包装或制剂或物品形式出售（例如，硫处理带、wi,
HS,3,380810,Insecticides,杀虫剂,
HS,3,380820,Fungicides,杀菌剂,
HS,3,380830,"Herbicides, anti-sprouting products and plant-growth regulators",除草剂、抗发芽产品和植物生长调节剂,
HS,3,380840,Disinfectants,消毒剂,
HS,3,380850,Goods specified in Subheading Note 1 to this Chapter,本章子目注释1所列的货物,
HS,3,380852,"DDT (ISO) (clofenotane (INN)), in packings of a net weight content not exceeding 300 g",DDT（ISO）（氯苯那敏（INN）），每包装净重不超过300克,
HS,3,380859,Other,其他,
HS,3,380861,In packings of a net weight content not exceeding 300 g,每包装净重不超过300克,
HS,3,380862,"In packings of a net weight content exceeding 300 g but not exceeding 7,5 kg",净重超过 300 克但不超过 7.5 千克的包装,
HS,3,380869,Other,其他,
HS,3,380890,Other,其他,
HS,3,380891,Insecticides,杀虫剂,
HS,3,380892,Fungicides,杀菌剂,
HS,3,380893,"Herbicides, anti-sprouting products and plant-growth regulators",除草剂、抗发芽产品和植物生长调节剂,
HS,3,380894,Disinfectants,消毒剂,
HS,3,380899,Other,其他,
HS,2,3809,"Finishing agents, dye carriers to accelerate the dyeing or fixing of dyestuffs and other products and preparations (for example, dressings and mordants), of a kind used in the textile, paper, leather or like industries, not elsewhere specified or included",整理剂、染料载体（用于加速染料染色或固色）以及其他产品和制剂（例如，敷料和媒染剂），用于纺织、造纸、皮革或类似工业，未在其他类别中列明或包括,
HS,3,380910,With a basis of amylaceous substances,以淀粉质物质为基础,
HS,3,380991,Of a kind used in the textile or like industries,用于纺织或类似工业,
HS,3,380992,Of a kind used in the paper or like industries,用于造纸或类似工业,
HS,3,380993,Of a kind used in the leather or like industries,用于皮革或类似工业,
HS,3,380999,Other,其他,
HS,2,3810,"Pickling preparations for metal surfaces; fluxes and other auxiliary preparations for soldering, brazing or welding; soldering, brazing or welding powders and pastes consisting of metal and other materials; preparations of a kind used as cores or coatings",金属表面酸洗制剂；钎焊、硬钎焊或焊接用焊剂及其他辅助制剂；由金属和其他材料构成的钎焊、硬钎焊或焊接粉末及焊膏；用作焊芯或涂层的制剂,
HS,3,381010,"Pickling preparations for metal surfaces; soldering, brazing or welding powders and pastes consisting of metal and other materials",金属表面酸洗制剂；由金属和其他材料组成的焊接、钎焊或焊接粉末和焊膏,
HS,3,381090,Other,其他,
HS,2,3811,"Anti-knock preparations, oxidation inhibitors, gum inhibitors, viscosity improvers, anti-corrosive preparations and other prepared additives, for mineral oils (including gasoline) or for other liquids used for the same purposes as mineral oils.",用于矿物油（包括汽油）或与矿物油相同用途的其他液体的抗爆剂、抗氧化剂、防胶剂、粘度改进剂、防腐剂及其他配制添加剂,
HS,3,381111,Based on lead compounds,基于先导化合物,
HS,3,381119,Other,其他,
HS,3,381121,Containing petroleum oils or oils obtained from bituminous minerals,含有石油或从沥青矿物中提取的油,
HS,3,381129,Other,其他,
HS,3,381190,Other,其他,
HS,2,3812,"Prepared rubber accelerators; compound plasticisers for rubber or plastics, not elsewhere specified or included; anti-oxidising preparations and other compound stabilisers for rubber or plastics.",配制橡胶促进剂；未列明或未包括的橡胶或塑料复合增塑剂；橡胶或塑料抗氧剂及其他复合稳定剂,
HS,3,381210,Prepared rubber accelerators,制备橡胶促进剂,
HS,3,381220,Compound plasticisers for rubber or plastics,橡胶或塑料复合增塑剂,
HS,3,381230,Anti-oxidising preparations and other compound stabilisers for rubber or plastics,橡胶或塑料的抗氧化制剂和其他复合稳定剂,
HS,3,381231,"Mixtures of oligomers of 2,2,4-trimethyl-1,2-dihydroquinoline (TMQ)","2,2,4-三甲基-1,2-二氢喹啉（TMQ）低聚物混合物",
HS,3,381239,Other,其他,
HS,2,3813,extinguishing grenades.,灭火手榴弹,
HS,3,381300,Preparations and charges for fire-extinguishers; charged fire-extinguishing grenades,灭火器制剂及装药；装药灭火榴弹,
HS,2,3814,"Organic composite solvents and thinners, not elsewhere specified or included; prepared paint or varnish removers.",未在其他地方指定或包括的有机复合溶剂和稀释剂；配制的油漆或清漆去除剂,
HS,3,381400,"Organic composite solvents and thinners, not elsewhere specified or included; prepared paint or varnish removers",有机复合溶剂和稀释剂，未在其他地方指定或包括；制备好的油漆或清漆去除剂,
HS,2,3815,"Reaction initiators, reaction accelerators and catalytic preparations, not elsewhere specified or included.",未在其他地方指定或包括的反应引发剂、反应加速剂和催化剂制剂,
HS,3,381511,With nickel or nickel compounds as the active substance,以镍或镍化合物为活性物质,
HS,3,381512,With precious metal or precious-metal compounds as the active substance,以贵金属或贵金属化合物为活性物质,
HS,3,381519,Other,其他,
HS,3,381590,Other,其他,
HS,2,3816,"Refractory cements, mortars, concretes and similar compositions, other than products of heading 38.01.",耐火水泥、砂浆、混凝土及类似组合物，但税目 38.01 的产品除外,
HS,3,381600,"Refractory cements, mortars, concretes and similar compositions, other than products of heading 3801",耐火水泥、砂浆、混凝土及类似组合物，但税目 3801 的产品除外,
HS,2,3817,"Mixed alkylbenzenes and mixed alkylnaphthalenes, other than those of heading 27.07 or 29.02.",混合烷基苯及混合烷基萘，但税目 27.07 或 29.02 的货品除外,
HS,3,381700,"Mixed alkylbenzenes and mixed alkylnaphthalenes, other than those of heading 2707 or 2902",混合烷基苯及混合烷基萘，但税目 2707 或 2902 的货品除外,
HS,3,381710,Mixed alkylbenzenes,混合烷基苯,
HS,3,381720,Mixed alkylnaphthalenes,混合烷基萘,
HS,2,3818,"Chemical elements doped for use in electronics, in the form of discs, wafers or similar forms; chemical compounds doped for use in electronics.",经掺杂用于电子学的化学元素，呈圆片、晶片或类似形状；经掺杂用于电子学的化学化合物,
HS,3,381800,"Chemical elements doped for use in electronics, in the form of discs, wafers or similar forms; chemical compounds doped for use in electronics",经掺杂用于电子学的化学元素，呈圆盘、晶片或类似形状；经掺杂用于电子学的化学化合物,
HS,2,3819,"Hydraulic brake fluids and other prepared liquids for hydraulic transmission, not containing or containing less than 70 % by weight of petroleum oils or oils obtained from bituminous minerals.",液压制动液及其他用于液压传动的配制液体，不含石油或从沥青矿物中提取的油类，或者含量低于 70％（重量）,
HS,3,381900,"Hydraulic brake fluids and other prepared liquids for hydraulic transmission, not containing or containing less than 70 % by weight of petroleum oils or oils obtained from bituminous minerals",液压制动液及其他用于液压传动的配制液体，不含石油或从沥青矿物中提取的油，或含量低于70%（重量百分比）,
HS,2,3820,Anti-freezing preparations and prepared de-icing fluids.,防冻制剂和配制的除冰液,
HS,3,382000,Anti-freezing preparations and prepared de-icing fluids,防冻剂和配制除冰液,
HS,2,3821,"Prepared culture media for the development or maintenance of micro-organisms (including viruses and the like) or of plant, human or animal cells.",为培养或维持微生物（包括病毒等）或植物、人类或动物细胞而配制的培养基,
HS,3,382100,"Prepared culture media for the development or maintenance of micro-organisms (including viruses and the like) or of plant, human or animal cells",用于培养或维持微生物（包括病毒等）或植物、人类或动物细胞的制备培养基,
HS,2,3822,"Diagnostic or laboratory reagents on a backing, prepared diagnostic or laboratory reagents whether or not on a backing, other than those of heading 30.02 or 30.06; certified reference materials.",带有背衬的诊断试剂或实验室试剂，配制的诊断试剂或实验室试剂（不论是否带有背衬），除税目 30.02 或 30.06 的商品外；认证参考材料,
HS,3,382200,"Diagnostic or laboratory reagents on a backing, prepared diagnostic or laboratory reagents whether or not on a backing, other than those of heading 3002 or 3006; certified reference materials",带有背衬的诊断试剂或实验室试剂，制备的诊断试剂或实验室试剂（无论是否带有背衬），除标题 3002 或 3006 的试剂外；认证参考材料,
HS,3,382211,"Reagents; diagnostic or laboratory reagents on a backing, prepared diagnostic or laboratory reagents whether or not on a backing, whether or not put up in the form of kits; for malaria",试剂；带背衬的诊断试剂或实验室试剂，配制的诊断试剂或实验室试剂，不论是否带背衬，不论是否制成试剂盒；用于疟疾,
HS,3,382212,"Reagents; diagnostic or laboratory reagents on a backing, prepared diagnostic or laboratory reagents whether or not on a backing, whether or not put up in the form of kits; for zika and other diseases transmitted by mosquitoes of the genus Aedes",试剂；带背衬的诊断试剂或实验室试剂，制备好的诊断试剂或实验室试剂（无论是否带背衬，无论是否制成试剂盒）；用于寨卡病毒和其他由伊蚊属蚊子传播的疾病,
HS,3,382213,"Reagents; diagnostic or laboratory reagents on a backing, prepared diagnostic or laboratory reagents whether or not on a backing, whether or not put up in the form of kits; for blood grouping",试剂；带背衬的诊断试剂或实验室试剂，制备好的诊断试剂或实验室试剂，无论是否带背衬，无论是否制成试剂盒；用于血型分析,
HS,3,382219,"Reagents; diagnostic or laboratory reagents on a backing, prepared diagnostic or laboratory reagents whether or not on a backing, whether or not put up in the form of kits; n.e.c.in item 3822.1",试剂；带背衬的诊断试剂或实验室试剂，制备好的诊断试剂或实验室试剂（无论是否带背衬，无论是否制成试剂盒）；属于第 3822.1 项,
HS,3,382290,"Reagents; diagnostic or laboratory reagents on a backing, prepared diagnostic or laboratory reagents whether or not on a backing, or put up in the form of kits, other than those of heading 30.06; certified reference materials, n.e.c. in heading 3822",试剂；带背衬的诊断试剂或实验室试剂、制备好的诊断试剂或实验室试剂（不论是否带背衬）或制成试剂盒，但税目 30.06 的试剂除外；经认证的参考材料（税目 3822 中的其他物质）,
HS,2,3823,Industrial monocarboxylic fatty acids; acid oils from refining; industrial fatty alcohols.,工业用一元羧酸脂肪酸；精炼酸性油；工业用脂肪醇,
HS,3,382310,Prepared binders for foundry moulds or cores,铸造模具或型芯用预制粘合剂,
HS,3,382311,Stearic acid,硬脂酸,
HS,3,382312,Oleic acid,油酸,
HS,3,382313,Tall oil fatty acids,妥尔油脂肪酸,
HS,3,382319,Other,其他,
HS,3,382320,"Naphthenic acids, their water-insoluble salts and their esters",环烷酸、其水不溶性盐和酯,
HS,3,382330,Non-agglomerated metal carbides mixed together or with metallic binders,非团聚金属碳化物混合在一起或与金属粘合剂混合,
HS,3,382340,"Prepared additives for cements, mortars or concretes",水泥、砂浆或混凝土的预制添加剂,
HS,3,382350,Non-refractory mortars and concretes,非耐火砂浆和混凝土,
HS,3,382360,Sorbitol other than that of subheading No. 2905.44,除子目2905.44以外的山梨醇,
HS,3,382370,Industrial fatty alcohols,工业脂肪醇,
HS,3,382390,Other,其他,
HS,2,3824,"Prepared binders for foundry moulds or cores; chemical products and preparations of the chemical or allied industries (including those consisting of mixtures of natural products), not elsewhere specified or included.",铸造模具或型芯用预制粘合剂；化学产品及化学或相关工业的制剂（包括由天然产品混合物组成的制剂），未在其他清单列明或包括的,
HS,3,382410,Prepared binders for foundry moulds or cores,铸造模具或型芯用预制粘合剂,
HS,3,382420,"Naphthenic acids, their water-insoluble salts and their esters",环烷酸、其水不溶性盐和酯,
HS,3,382430,Non-agglomerated metal carbides mixed together or with metallic binders,非团聚金属碳化物混合在一起或与金属粘合剂混合,
HS,3,382440,"Prepared additives for cements, mortars or concretes",水泥、砂浆或混凝土的预制添加剂,
HS,3,382450,Non-refractory mortars and concretes,非耐火砂浆和混凝土,
HS,3,382460,Sorbitol other than that of subheading 290544,除子目290544以外的山梨糖醇,
HS,3,382471,"Containing chlorofluorocarbons (CFCs), whether or not containing hydrochlorofluorocarbons (HCFCs), perfluorocarbons (PFCs) or hydrofluorocarbons (HFCs)",含有氯氟烃（CFCs），无论是否含有氢氯氟烃（HCFCs）、全氟碳化物（PFCs）或氢氟碳化物（HFCs）,
HS,3,382472,"Containing bromochlorodifluoromethane, bromotrifluoromethane or dibromotetrafluoroethanes",含有溴氯二氟甲烷、溴三氟甲烷或二溴四氟乙烷,
HS,3,382473,Containing hydrobromofluorocarbons (HBFCs),含有氢溴氟烃 (HBFCs),
HS,3,382474,"Containing hydrochlorofluorocarbons (HCFCs), whether or not containing perfluorocarbons (PFCs) or hydrofluorocarbons (HFCs), but not containing chlorofluorocarbons (CFCs)",含有氢氯氟烃（HCFCs），不论是否含有全氟碳化物（PFCs）或氢氟碳化物（HFCs），但不含氯氟烃（CFCs）,
HS,3,382475,Containing carbon tetrachloride,含四氯化碳,
HS,3,382476,"Containing 1,1,1-trichloroethane (methyl chloroform)","含1,1,1-三氯乙烷（甲基氯仿）",
HS,3,382477,Containing bromomethane (methyl bromide) or bromochloromethane,含有溴甲烷（甲基溴）或溴氯甲烷,
HS,3,382478,"Containing perfluorocarbons (PFCs) or hydrofluorocarbons (HFCs), but not containing chlorofluorocarbons (CFCs) or hydrochlorofluorocarbons (HCFCs)",含有全氟碳化物 (PFC) 或氢氟碳化物 (HFC)，但不含氯氟碳化物 (CFC) 或氢氯氟碳化物 (HCFC),
HS,3,382479,Other,其他,
HS,3,382481,Containing oxirane (ethylene oxide),含环氧乙烷（环氧乙烷）,
HS,3,382482,"Containing polychlorinated biphenyls (PCBs), polychlorinated terphenyls (PCTs) or polybrominated biphenyls (PBBs)",含有多氯联苯 (PCB)、多氯三联苯 (PCT) 或多溴联苯 (PBB),
HS,3,382483,"Containing tris(2,3-dibromopropyl) phosphate","含磷酸三(2,3-二溴丙基)酯",
HS,3,382484,"Containing aldrin (ISO), camphechlor (ISO) (toxaphene), chlordane (ISO), chlordecone (ISO), DDT (ISO) (clofenotane (INN), 1,1,1-trichloro-2,2-bis(p-chlorophenyl)ethane), dieldrin (ISO, INN), endosulfan (ISO), endrin (ISO), heptachlor (ISO) or mirex (IS","含有艾氏剂 (ISO)、莰氯 (ISO)（毒杀芬）、氯丹 (ISO)、十氯酮 (ISO)、滴滴涕 (ISO)（氯芬丹 (INN)、1,1,1-三氯-2,2-双（对氯苯基）乙烷）、狄氏剂 (ISO、INN)、硫丹 (ISO)、异狄氏剂 (ISO)、七氯 (ISO) 或灭蚁灵 (IS",
HS,3,382485,"Containing 1,2,3,4,5,6-hexachlorocyclohexane (HCH (ISO)), including lindane (ISO, INN)","含1,2,3,4,5,6-六氯环己烷（HCH（ISO）），包括林丹（ISO，INN）",
HS,3,382486,Containing pentachlorobenzene (ISO) or hexachlorobenzene (ISO),含有五氯苯（ISO）或六氯苯（ISO）,
HS,3,382487,"Containing perfluorooctane sulphonic acid, its salts, perfluorooctane sulphonamides, or perfluorooctane sulphonyl fluoride",含有全氟辛烷磺酸、其盐、全氟辛烷磺酰胺或全氟辛基磺酰氟,
HS,3,382488,or octabromodiphenyl ethers,或八溴二苯醚,
HS,3,382489,"Chemical products, mixtures and preparations; containing goods specified in Subheading Note 3 to this Chapter; containing short-chain chlorinated paraffins",化学产品、混合物及制剂；含有本章子目注释3所列货物；含有短链氯化石蜡,
HS,3,382490,Other,其他,
HS,3,382491,"Mixtures and preparations consisting mainly of (5-ethyl-2-methyl-2-oxido-1,3,2-dioxaphosphinan-5-yl)methyl methyl methylphosphonate and bis[(5-ethyl-2-methyl-2-oxido-1,3,2-dioxaphosphinan-5-yl)methyl] methylphosphonate","主要由（5-乙基-2-甲基-2-氧化-1,3,2-二氧杂膦-5-基）甲基甲基膦酸酯和双[（5-乙基-2-甲基-2-氧化-1,3,2-二氧杂膦-5-基）甲基]甲基膦酸酯组成的混合物和制剂",
HS,3,382492,"Chemical products, mixtures and preparations; polyglycol esters of methylphosphonic acid",化学产品、混合物和制剂；甲基膦酸聚乙二醇酯,
HS,3,382499,Other,其他,
HS,2,3825,"Residual products of the chemical or allied industries, not elsewhere specified or included; municipal waste; sewage sludge; other wastes specified in Note 6 to this Chapter.",未在其他税则列明或包括的化学工业或相关工业的残余产品；城市垃圾；下水道污泥；本章注释六所列的其他废物,
HS,3,382510,Municipal waste,城市垃圾,
HS,3,382520,Sewage sludge,污水污泥,
HS,3,382530,Clinical waste,医疗废物,
HS,3,382541,Halogenated,卤化,
HS,3,382549,Other,其他,
HS,3,382550,"Wastes of metal-pickling liquors, hydraulic fluids, brake fluids and anti-freeze fluids",金属酸洗液、液压油、刹车液、防冻液等废液,
HS,3,382561,Mainly containing organic constituents,主要含有机成分,
HS,3,382569,Other,其他,
HS,3,382590,Other,其他,
HS,2,3826,"Biodiesel and mixtures thereof, not containing or containing less than 70 % by weight of petroleum oils or oils obtained from bituminous minerals.",生物柴油及其混合物，不含石油或从沥青矿物中提取的油类，或者含量低于 70％（重量）,
HS,3,382600,"Biodiesel and mixtures thereof, not containing or containing less than 70 % by weight of petroleum oils or oils obtained from bituminous minerals",生物柴油及其混合物，不含或含有少于70％重量的石油或从沥青矿物中提取的油,
HS,2,3827,"Mixtures containing halogenated derivatives of methane, ethane or propane, not elsewhere specified or included",未在其他规定或包括的含有甲烷、乙烷或丙烷卤化衍生物的混合物,
HS,3,382711,"Mixtures containing halogenated derivatives of methane, ethane or propane, not elsewhere specified or included; containing chlorofluorocarbons (CFCs), whether or not containing hydrochlorofluorocarbons (HCFCs), perfluorocarbons (PFCs) or hydrofluorocarbon",未在其他规定或包括的含有甲烷、乙烷或丙烷卤化衍生物的混合物；含有氯氟烃（CFCs），不论是否含有氢氯氟烃（HCFCs）、全氟碳化物（PFCs）或氢氟碳化物,
HS,3,382712,"Mixtures containing halogenated derivatives of methane, ethane or propane, not elsewhere specified or included; containing hydrobromofluorocarbons (HBFCs)",未在其他类别中列明或包括的含有甲烷、乙烷或丙烷卤化衍生物的混合物；含有氢溴氟烃 (HBFC),
HS,3,382713,"Mixtures containing halogenated derivatives of methane, ethane or propane, not elsewhere specified or included; containing carbon tetrachloride",未在其他类别中列明或包括的含甲烷、乙烷或丙烷卤化衍生物的混合物；含四氯化碳,
HS,3,382714,"Mixtures containing halogenated derivatives of methane, ethane or propane, not elsewhere specified or included; containing 1,1,1-trichloroethane (methyl chloroform)","未在其他规定或包括的含有甲烷、乙烷或丙烷卤化衍生物的混合物；含有1,1,1-三氯乙烷（甲基氯仿）",
HS,3,382720,"Mixtures containing halogenated derivatives of methane, ethane or propane, not elsewhere specified or included; containing bromochlorodifluoromethane (Halon-1211), bromotrifluoromethane (Halon-1301) or dibromotetrafluoroethanes (Halon-2402)",未在其他类别中列明或包括的含有甲烷、乙烷或丙烷卤化衍生物的混合物；含有溴氯二氟甲烷（哈龙-1211）、溴三氟甲烷（哈龙-1301）或二溴四氟乙烷（哈龙-2402）,
HS,3,382731,"Mixtures containing halogenated derivatives of methane, ethane or propane; containing hydrochlorofluorocarbons (HCFCs), perfluorocarbons (PFCs) or hydrofluorocarbons (HFCs) or not, but not containing chlorofluorocarbons (CFCs); containing substances of su",含有甲烷、乙烷或丙烷卤化衍生物的混合物；含有或不含有氢氯氟烃（HCFC）、全氟化碳（PFC）或氢氟碳化物（HFC），但不含氯氟烃（CFC）；含有下列物质,
HS,3,382732,"Mixtures containing halogenated methane, ethane, propane; containing hydrochlorofluorocarbons (HCFCs), perfluorocarbons (PFCs) or hydrofluorocarbons (HFCs) or not, not chlorofluorocarbons (CFCs); containing substances of subheadings 2903.71 to 2903.75",含卤代甲烷、乙烷、丙烷的混合物；含有或不含氢氯氟烃（HCFC）、全氟化碳（PFC）或氢氟碳化物（HFC）的混合物，不含氯氟烃（CFC）；含有子目2903.71至2903.75所列物质,
HS,3,382739,"Mixtures containing halogenated methane, ethane, or propane; containing hydrochlorofluorocarbons (HCFCs), perfluorocarbons (PFCs) or hydrofluorocarbons (HFCs) or not, but not chlorofluorocarbons (CFCs); n.e.c. in subheading 3827.3",含卤代甲烷、乙烷或丙烷的混合物；含有或不含氢氯氟烃 (HCFC)、全氟碳化物 (PFC) 或氢氟碳化物 (HFC)，但不含氯氟烃 (CFC)；nec 归入子目 3827.3,
HS,3,382740,"Mixtures containing halogenated derivatives of methane, ethane or propane; containing hydrochlorofluorocarbons (HCFCs), perfluorocarbons (PFCs) or hydrofluorocarbons (HFCs) or not, but not containing chlorofluorocarbons (CFCs); containing bromomethane (me",含甲烷、乙烷或丙烷卤化衍生物的混合物；含或不含氢氯氟烃（HCFC）、全氟化碳（PFC）或氢氟碳化物（HFC），但不含氯氟烃（CFC）；含溴甲烷（me,
HS,3,382751,"Mixtures containing halogenated derivatives of methane, ethane or propane; containing trifluoromethan (HFC-23) or perfluorocarbons (PFCs) but not containing chlorofluorocarbons (CFCs) or hydrochlorofluorocarbons (HCFCs); containing trifluoromethane (HFC-2",含有甲烷、乙烷或丙烷卤化衍生物的混合物；含有三氟甲烷（HFC-23）或全氟化碳（PFC），但不含氯氟烃（CFC）或氢氯氟烃（HCFC）；含有三氟甲烷（HFC-2,
HS,3,382759,"Mixtures containing halogenated derivatives of methane, ethane or propane; containing trifluoromethan (HFC-23) or perfluorocarbons (PFCs) not containing chlorofluorocarbons (CFCs) or hydrochlorofluorocarbons (HCFCs); other mixtures n.e.c. in subheading 38",含甲烷、乙烷或丙烷卤化衍生物的混合物；含三氟甲烷（HFC-23）或全氟化碳（PFC），不含氯氟烃（CFC）或氢氯氟烃（HCFC）；子目38未列明的其他混合物,
HS,3,382761,"Mixtures containing halogenated derivatives of methane, ethane or propane; containing other hydrofluorocarbons (HFCs) but not containing chlorofluorocarbons (CFCs) or hydrochlorofluorocarbons (HCFCs); containing 15% or more by mass of 1,1,1-trifluoroethan","含有甲烷、乙烷或丙烷卤化衍生物的混合物；含有其他氢氟碳化物（HFC），但不含氯氟烃（CFC）或氢氯氟烃（HCFC）；含有15%或以上质量分数的1,1,1-三氟乙烷",
HS,3,382762,"Mixtures containing halogenated derivatives of methane, ethane or propane; containing other hydrofluorocarbons (HFCs) but not containing chlorofluorocarbons (CFCs) or hydrochlorofluorocarbons (HCFCs); other mixtures, not included in the subheading above,",含甲烷、乙烷或丙烷卤化衍生物的混合物；含其他氢氟碳化物（HFCs），但不含氯氟烃（CFCs）或氢氯氟烃（HCFCs）的混合物；未包括在上述子目中的其他混合物，,
HS,3,382763,"Mixtures containing halogenated derivatives of methane, ethane or propane; containing other hydrofluorocarbons (HFCs) but not containing chlorofluorocarbons (CFCs) or hydrochlorofluorocarbons (HCFCs); other mixtures not included in the subheadings above,",含甲烷、乙烷或丙烷卤化衍生物的混合物；含其他氢氟碳化物（HFCs），但不含氯氟烃（CFCs）或氢氯氟烃（HCFCs）的混合物；未包括在上述子目中的其他混合物，,
HS,3,382764,"Mixtures containing halogenated derivatives of methane, ethane or propane; containing other hydrofluorocarbons (HFCs) but not containing chlorofluorocarbons (CFCs) or hydrochlorofluorocarbons (HCFCs); other mixtures, not included in the subheadings above,",含甲烷、乙烷或丙烷卤化衍生物的混合物；含其他氢氟碳化物（HFCs），但不含氯氟烃（CFCs）或氢氯氟烃（HCFCs）的混合物；未包括在上述子目中的其他混合物，,
HS,3,382765,"Mixtures containing halogenated derivatives of methane, ethane or propane; containing other hydrofluorocarbons (HFCs) but not containing chlorofluorocarbons (CFCs) or hydrochlorofluorocarbons (HCFCs); other mixtures, not included in the subheadings above,",含甲烷、乙烷或丙烷卤化衍生物的混合物；含其他氢氟碳化物（HFCs），但不含氯氟烃（CFCs）或氢氯氟烃（HCFCs）的混合物；未包括在上述子目中的其他混合物，,
HS,3,382768,"Mixtures containing halogenated derivatives of methane, ethane or propane; containing other hydrofluorocarbons (HFCs) but not containing chlorofluorocarbons (CFCs) or hydrochlorofluorocarbons (HCFCs); other mixtures, not included in the subheadings above,",含甲烷、乙烷或丙烷卤化衍生物的混合物；含其他氢氟碳化物（HFCs），但不含氯氟烃（CFCs）或氢氯氟烃（HCFCs）的混合物；未包括在上述子目中的其他混合物，,
HS,3,382769,"Mixtures containing halogenated derivatives of methane, ethane or propane; containing other hydrofluorocarbons (HFCs) but not containing chlorofluorocarbons (CFCs) or hydrochlorofluorocarbons (HCFCs); n.e.c. in items no. 3827.5 and 3827.6, not containing",含有甲烷、乙烷或丙烷卤化衍生物的混合物；含有其他氢氟碳化物（HFC），但不含氯氟烃（CFC）或氢氯氟烃（HCFC）；不属于第 3827.5 和 3827.6 项，不含,
HS,3,382790,"Mixtures containing halogenated derivatives of methane, ethane or propane; n.e.c. in subheading no 3827",含有甲烷、乙烷或丙烷卤化衍生物的混合物；NEC 归入子目 3827,
HS,1,39,PLASTICS AND ARTICLES THEREOF,塑料及其制品,
HS,2,3901,"Polymers of ethylene, in primary forms.",初级形状的乙烯聚合物,
HS,3,390110,"Polyethylene having a specific gravity of less than 0,94",比重小于0.94的聚乙烯,
HS,3,390120,"Polyethylene having a specific gravity of 0,94 or more",比重为0.94或以上的聚乙烯,
HS,3,390130,Ethylene-vinyl acetate copolymers,乙烯-醋酸乙烯酯共聚物,
HS,3,390140,"Ethylene-alpha-olefins copolymers, having a specific gravity of less than 0,94",乙烯-α-烯烃共聚物，比重小于0.94,
HS,3,390190,Other,其他,
HS,2,3902,"Polymers of propylene or of other olefins, in primary forms.",初级形状的丙烯或其他烯烃的聚合物,
HS,3,390210,Polypropylene,聚丙烯,
HS,3,390220,Polyisobutylene,聚异丁烯,
HS,3,390230,Propylene copolymers,丙烯共聚物,
HS,3,390290,Other,其他,
HS,2,3903,"Polymers of styrene, in primary forms.",初级形状的苯乙烯聚合物,
HS,3,390311,Expansible,可扩展,
HS,3,390319,Other,其他,
HS,3,390320,Styrene-acrylonitrile (SAN) copolymers,苯乙烯-丙烯腈（SAN）共聚物,
HS,3,390330,Acrylonitrile-butadiene-styrene (ABS) copolymers,丙烯腈-丁二烯-苯乙烯（ABS）共聚物,
HS,3,390390,Other,其他,
HS,2,3904,"Polymers of vinyl chloride or of other halogenated olefins, in primary forms.",初级形状的氯乙烯或其他卤化烯烃的聚合物,
HS,3,390410,"Poly(vinyl chloride), not mixed with any other substances",聚氯乙烯，未与任何其他物质混合,
HS,3,390421,Non-plasticised,非塑化,
HS,3,390422,Plasticised,塑化,
HS,3,390430,Vinyl chloride-vinyl acetate copolymers,氯乙烯-醋酸乙烯酯共聚物,
HS,3,390440,Other vinyl chloride copolymers,其他氯乙烯共聚物,
HS,3,390450,Vinylidene chloride polymers,偏二氯乙烯聚合物,
HS,3,390461,Polytetrafluoroethylene,聚四氟乙烯,
HS,3,390469,Other,其他,
HS,3,390490,Other,其他,
HS,2,3905,"Polymers of vinyl acetate or of other vinyl esters, in primary forms; other vinyl polymers in primary forms.",初级形状的乙酸乙烯酯或其他乙烯基酯的聚合物；初级形状的其他乙烯基聚合物,
HS,3,390511,In aqueous dispersion,在水分散体中,
HS,3,390512,In aqueous dispersion,在水分散体中,
HS,3,390519,Other,其他,
HS,3,390520,"Polyvinyl alcohols, whether or not containing unhydrolyzed acetate groups",聚乙烯醇，不论是否含有未水解的乙酸酯基团,
HS,3,390521,In aqueous dispersion,在水分散体中,
HS,3,390529,Other,其他,
HS,3,390530,"Poly(vinyl alcohol), whether or not containing unhydrolysed acetate groups",聚（乙烯醇），无论是否含有未水解的乙酸酯基团,
HS,3,390590,Other,其他,
HS,3,390591,Copolymers,共聚物,
HS,3,390599,Other,其他,
HS,2,3906,Acrylic polymers in primary forms.,初级形态的丙烯酸聚合物,
HS,3,390610,Poly(methyl methacrylate),聚甲基丙烯酸甲酯,
HS,3,390690,Other,其他,
HS,2,3907,"Polyacetals, other polyethers and epoxide resins, in primary forms; polycarbonates, alkyd resins, polyallyl esters and other polyesters, in primary forms.",初级形状的聚缩醛、其他聚醚和环氧树脂；初级形状的聚碳酸酯、醇酸树脂、聚烯丙基酯和其他聚酯,
HS,3,390710,Polyacetals,聚缩醛,
HS,3,390720,Other polyethers,其他聚醚,
HS,3,390721,"Polyethers other than polyacetals; in primary forms, bis(polyoxyethylene) methylphosphonate",除聚缩醛以外的聚醚；初级形状的双（聚氧乙烯）甲基膦酸酯,
HS,3,390729,"Polyethers other than polyacetals, and bis(polyoxyethylene) methylphosphonate; in primary forms",除聚缩醛和双（聚氧乙烯）甲基膦酸酯以外的聚醚；初级形状,
HS,3,390730,Epoxide resins,环氧树脂,
HS,3,390740,Polycarbonates,聚碳酸酯,
HS,3,390750,Alkyd resins,醇酸树脂,
HS,3,390760,Poly(ethylene terephthalate),聚对苯二甲酸乙二醇酯,
HS,3,390761,Having a viscosity number of 78 ml/g or higher,粘度值为 78 ml/g 或更高,
HS,3,390769,Other,其他,
HS,3,390770,Poly(lactic acid),聚乳酸,
HS,3,390791,Unsaturated,不饱和,
HS,3,390799,Other,其他,
HS,2,3908,Polyamides in primary forms.,初级形状的聚酰胺,
HS,3,390810,"Polyamide-6, -11, -12, -6,6, -6,9, -6,10 or -6,12","聚酰胺-6、-11、-12、-6,6、-6,9、-6,10 或 -6,12",
HS,3,390890,Other,其他,
HS,2,3909,"Amino-resins, phenolic resins and polyurethanes, in primary forms.",初级形状的氨基树脂、酚醛树脂和聚氨酯,
HS,3,390910,Urea resins; thiourea resins,尿素树脂；硫脲树脂,
HS,3,390920,Melamine resins,三聚氰胺树脂,
HS,3,390930,Other amino-resins,其他氨基树脂,
HS,3,390931,"Poly(methylene phenyl isocyanate) (crude MDI, polymeric MDI)",聚（亚甲基苯基异氰酸酯）（粗MDI、聚合MDI）,
HS,3,390939,Other,其他,
HS,3,390940,Phenolic resins,酚醛树脂,
HS,3,390950,Polyurethanes,聚氨酯,
HS,2,3910,Silicones in primary forms.,初级形态的有机硅,
HS,3,391000,Silicones in primary forms,初级形态的有机硅,
HS,2,3911,"Petroleum resins, coumarone-indene resins, polyterpenes, polysulphides, polysulphones and other products specified in Note 3 to this Chapter, not elsewhere specified or included, in primary forms.",初级形状的石油树脂、香豆酮－茚树脂、多萜烯、多硫化物、多砜及本章注释三所列的其他产品，未在其他税则编号列明或包括在该税则编号列明的商品,
HS,3,391110,"Petroleum resins, coumarone, indene or coumarone-indene resins and polyterpenes",石油树脂、香豆酮、茚或香豆酮-茚树脂和多萜烯,
HS,3,391120,"Petroleum resins, poly(1,3-phenylene methylphosphonate), in primary forms","初级形状的聚（1,3-苯基甲基膦酸酯）石油树脂",
HS,3,391190,Other,其他,
HS,2,3912,"Cellulose and its chemical derivatives, not elsewhere specified or included, in primary forms.",初级形状的纤维素及其化学衍生物（未在其他地方列明或列入）,
HS,3,391211,Non-plasticised,非塑化,
HS,3,391212,Plasticised,塑化,
HS,3,391220,Cellulose nitrates (including collodions),硝酸纤维素（包括火棉胶）,
HS,3,391231,Carboxymethylcellulose and its salts,羧甲基纤维素及其盐,
HS,3,391239,Other,其他,
HS,3,391290,Other,其他,
HS,2,3913,"Natural polymers (for example, alginic acid) and modified natural polymers (for example, hardened proteins, chemical derivatives of natural rubber), not elsewhere specified or included, in primary forms.",未在其他规定或包括的初级形状的天然聚合物（例如，藻酸）和改性天然聚合物（例如，硬化蛋白质、天然橡胶的化学衍生物）,
HS,3,391310,"Alginic acid, its salts and esters",海藻酸及其盐和酯,
HS,3,391390,Other,其他,
HS,2,3914,"Ion-exchangers based on polymers of headings 39.01 to 39.13, in primary forms.",以品目 39.01 至 39.13 的聚合物为基础的离子交换剂，初级形状,
HS,3,391400,"Ion-exchangers based on polymers of headings 3901 to 3913, in primary forms",以品目 3901 至 3913 的聚合物为基础的离子交换剂，初级形状,
HS,2,3915,"Waste, parings and scrap, of plastics.",塑料废料、碎片及废料,
HS,3,391510,Of polymers of ethylene,乙烯聚合物,
HS,3,391520,Of polymers of styrene,苯乙烯聚合物,
HS,3,391530,Of polymers of vinyl chloride,氯乙烯聚合物,
HS,3,391590,Of other plastics,其他塑料,
HS,2,3916,"worked but not otherwise worked, of plastics.",塑料制品已加工但未进行其他加工,
HS,3,391610,Of polymers of ethylene,乙烯聚合物,
HS,3,391620,Of polymers of vinyl chloride,氯乙烯聚合物,
HS,3,391690,Of other plastics,其他塑料,
HS,2,3917,"Tubes, pipes and hoses, and fittings therefor (for example, joints, elbows, flanges), of plastics.",塑料管、管子和软管及其配件（例如接头、弯头、法兰）,
HS,3,391710,Artificial guts (sausage casings) of hardened protein or of cellulosic materials,硬化蛋白质或纤维素材料制成的人造肠衣（香肠肠衣）,
HS,3,391721,Of polymers of ethylene,乙烯聚合物,
HS,3,391722,Of polymers of propylene,丙烯聚合物,
HS,3,391723,Of polymers of vinyl chloride,氯乙烯聚合物,
HS,3,391729,Of other plastics,其他塑料,
HS,3,391731,"Flexible tubes, pipes and hoses, having a minimum burst pressure of 27,6 MPa",柔性管、管道和软管，最小爆破压力为 27.6 MPa,
HS,3,391732,"Other, not reinforced or otherwise combined with other materials, without fittings",其他，未增强或未以其他方式与其他材料结合，无配件,
HS,3,391733,"Other, not reinforced or otherwise combined with other materials, with fittings",其他，未增强或未以其他方式与其他材料结合，带配件,
HS,3,391739,Other,其他,
HS,3,391740,Fittings,配件,
HS,2,3918,"Floor coverings of plastics, whether or not self-adhesive, in rolls or in the form of tiles; wall or ceiling coverings of plastics, as defined in Note 9 to this Chapter.",塑料地板覆盖物，不论是否自粘，呈卷状或块状；塑料墙壁或天花板覆盖物，定义见本章注释9,
HS,3,391810,Of polymers of vinyl chloride,氯乙烯聚合物,
HS,3,391890,Of other plastics,其他塑料,
HS,2,3919,"Self-adhesive plates, sheets, film, foil, tape, strip and other flat shapes, of plastics, whether or not in rolls.",自粘性塑料板、片、膜、箔、带、条及其他扁平形状，不论是否成卷,
HS,3,391910,In rolls of a width not exceeding 20 cm,卷材宽度不超过20厘米,
HS,3,391990,Other,其他,
HS,2,3920,"Other plates, sheets, film, foil and strip, of plastics, non-cellular and not reinforced, laminated, supported or similarly combined with other materials.",其他非泡沫塑料板、片、膜、箔及扁条，且未与其他材料增强、层压、支撑或类似方式结合,
HS,3,392010,Of polymers of ethylene,乙烯聚合物,
HS,3,392020,Of polymers of propylene,丙烯聚合物,
HS,3,392030,Of polymers of styrene,苯乙烯聚合物,
HS,3,392041,Rigid,死板的,
HS,3,392042,Flexible,灵活的,
HS,3,392043,Containing by weight not less than 6 % of plasticisers,按重量计含不少于6%的增塑剂,
HS,3,392049,Other,其他,
HS,3,392051,Of poly(methyl methacrylate),聚甲基丙烯酸甲酯,
HS,3,392059,Other,其他,
HS,3,392061,Of polycarbonates,聚碳酸酯,
HS,3,392062,Of poly(ethylene terephthalate),聚对苯二甲酸乙二醇酯,
HS,3,392063,Of unsaturated polyesters,不饱和聚酯,
HS,3,392069,Of other polyesters,其他聚酯,
HS,3,392071,Of regenerated cellulose,再生纤维素,
HS,3,392072,Of vulcanised fibre,硫化纤维,
HS,3,392073,Of cellulose acetate,醋酸纤维素,
HS,3,392079,Of other cellulose derivatives,其他纤维素衍生物,
HS,3,392091,Of poly(vinyl butyral),聚乙烯醇缩丁醛,
HS,3,392092,Of polyamides,聚酰胺,
HS,3,392093,Of amino-resins,氨基树脂,
HS,3,392094,Of phenolic resins,酚醛树脂,
HS,3,392099,Of other plastics,其他塑料,
HS,2,3921,"Other plates, sheets, film, foil and strip, of plastics.",其他塑料板、片、膜、箔及带,
HS,3,392111,Of polymers of styrene,苯乙烯聚合物,
HS,3,392112,Of polymers of vinyl chloride,氯乙烯聚合物,
HS,3,392113,Of polyurethanes,聚氨酯,
HS,3,392114,Of regenerated cellulose,再生纤维素,
HS,3,392119,Of other plastics,其他塑料,
HS,3,392190,Other,其他,
HS,2,3922,"Baths, shower-baths, sinks, wash-basins, bidets, lavatory pans, seats and covers, flushing cisterns and similar sanitary ware, of plastics.",塑料浴缸、淋浴盆、洗涤槽、洗脸盆、坐浴盆、抽水马桶、座圈及盖、冲水水箱及类似的卫生洁具,
HS,3,392210,"Baths, shower-baths, sinks and washbasins",浴缸、淋浴房、水槽和洗脸盆,
HS,3,392220,Lavatory seats and covers,马桶座圈和马桶盖,
HS,3,392290,Other,其他,
HS,2,3923,"Articles for the conveyance or packing of goods, of plastics; stoppers, lids, caps and other closures, of plastics.",用于运输或包装货物的塑料制品；塑料塞、盖、帽和其他封闭装置,
HS,3,392310,"Boxes, cases, crates and similar articles",盒子、箱子、板条箱及类似物品,
HS,3,392321,Of polymers of ethylene,乙烯聚合物,
HS,3,392329,Of other plastics,其他塑料,
HS,3,392330,"Carboys, bottles, flasks and similar articles",大玻璃瓶、瓶子、烧瓶及类似物品,
HS,3,392340,"Spools, cops, bobbins and similar supports",线轴、筒子、线轴及类似支撑件,
HS,3,392350,"Stoppers, lids, caps and other closures",瓶塞、盖子、瓶盖和其他封盖,
HS,3,392390,Other,其他,
HS,2,3924,"Tableware, kitchenware, other household articles and hygienic or toilet articles, of plastics.",塑料餐具、厨房用具、其他家庭用品及卫生或盥洗用品,
HS,3,392410,Tableware and kitchenware,餐具和厨具,
HS,3,392490,Other,其他,
HS,2,3925,"Builders' ware of plastics, not elsewhere specified or included.",未在其他地方列明或包括的塑料建筑用品,
HS,3,392510,"Reservoirs, tanks, vats and similar containers, of a capacity exceeding 300 litres",容量超过300升的储水器、罐、桶及类似容器,
HS,3,392520,"Doors, windows and their frames and thresholds for doors",门、窗及其框架和门槛,
HS,3,392530,"Shutters, blinds (including venetian blinds) and similar articles and parts thereof",百叶窗、窗帘（包括威尼斯百叶窗）及类似品及其零件,
HS,3,392590,Other,其他,
HS,2,3926,Other articles of plastics and articles of other materials of headings 39.01 to 39.14.,其他塑料制品及品目39.01至39.14的其他材料制品,
HS,3,392610,Office or school supplies,办公室或学校用品,
HS,3,392620,"Articles of apparel and clothing accessories (including gloves, mittens and mitts)",服装和服装配饰（包括手套、连指手套和露指手套）,
HS,3,392630,"Fittings for furniture, coachwork or the like",家具、车身或类似物品的配件,
HS,3,392640,Statuettes and other ornamental articles,小雕像和其他装饰品,
HS,3,392690,Other,其他,
HS,1,40,RUBBER AND ARTICLES THEREOF,橡胶及其制品,
HS,2,4001,"Natural rubber, balata, gutta-percha, guayule, chicle and similar natural gums, in primary forms or in plates, sheets or strip.",天然橡胶、巴拉塔胶、古塔胶、银胶菊、糖胶树胶及类似的天然树胶，初级形状或板、片或条,
HS,3,400110,"Natural rubber latex, whether or not prevulcanised",天然橡胶乳胶，不论是否预硫化,
HS,3,400121,Smoked sheets,烟熏床单,
HS,3,400122,Technically specified natural rubber (TSNR),技术规格天然橡胶（TSNR）,
HS,3,400129,Other,其他,
HS,3,400130,"Balata, gutta-percha, guayule, chicle and similar natural gums",巴拉塔胶、古塔胶、银胶菊、糖胶树胶和类似的天然树胶,
HS,2,4002,"Synthetic rubber and factice derived from oils, in primary forms or in plates, sheets or strip; mixtures of any product of heading 40.01 with any product of this heading, in primary forms or in plates, sheets or strip.",合成橡胶及从油中提取的油膏，初级形状或板材、薄片或带材；税目40.01的任何产品与本税目任何产品的混合物，初级形状或板材、薄片或带材,
HS,3,400211,Latex,乳胶,
HS,3,400219,Other,其他,
HS,3,400220,Butadiene rubber (BR),丁二烯橡胶（BR）,
HS,3,400231,Isobutene-isoprene (butyl) rubber (IIR),异丁烯-异戊二烯（丁基）橡胶（IIR）,
HS,3,400239,Other,其他,
HS,3,400241,Latex,乳胶,
HS,3,400249,Other,其他,
HS,3,400251,Latex,乳胶,
HS,3,400259,Other,其他,
HS,3,400260,Isoprene rubber (IR),异戊二烯橡胶（IR）,
HS,3,400270,Ethylene-propylene-non-conjugated diene rubber (EPDM),乙丙非共轭二烯橡胶（EPDM）,
HS,3,400280,Mixtures of any product of heading 4001 with any product of this heading,税目 4001 的任何产品与本税目任何产品的混合物,
HS,3,400291,Latex,乳胶,
HS,3,400299,Other,其他,
HS,2,4003,"Reclaimed rubber in primary forms or in plates, sheets or strip.",初级形状或板材、薄片或条状的再生橡胶,
HS,3,400300,"Reclaimed rubber in primary forms or in plates, sheets or strip",初级形状或板材、片材或带材的再生橡胶,
HS,2,4004,"Waste, parings and scrap of rubber (other than hard rubber) and powders and granules obtained therefrom.",橡胶（硬质橡胶除外）的废料、碎料和碎片以及由其获得的粉末和颗粒,
HS,3,400400,"Waste, parings and scrap of rubber (other than hard rubber) and powders and granules obtained therefrom",橡胶废料、碎料和碎片（硬质橡胶除外）以及由此获得的粉末和颗粒,
HS,2,4005,"Compounded rubber, unvulcanised, in primary forms or in plates, sheets or strip.",未硫化复合橡胶，初级形状或板材、薄片或带材,
HS,3,400510,Compounded with carbon black or silica,与炭黑或二氧化硅混合,
HS,3,400520,Solutions; dispersions other than those of subheading 400510,溶液；除子目 400510 以外的分散体,
HS,3,400591,"Plates, sheets and strip",板材、薄板和带材,
HS,3,400599,Other,其他,
HS,2,4006,"Other forms (for example, rods, tubes and profile shapes) and articles (for example, discs and rings), of unvulcanised rubber.",未硫化橡胶的其他形状（例如，棒、管和异型材）和物品（例如，盘和环）,
HS,3,400610,‘Camel-back’ strips for retreading rubber tyres,用于翻新橡胶轮胎的“驼背”胶条,
HS,3,400690,Other,其他,
HS,2,4007,Vulcanised rubber thread and cord.,硫化橡胶线和绳索,
HS,3,400700,Vulcanised rubber thread and cord,硫化橡胶线和绳索,
HS,2,4008,"Plates, sheets, strip, rods and profile shapes, of vulcanised rubber other than hard rubber.",除硬质橡胶外，硫化橡胶制成的板、片、带、棒及型材,
HS,3,400811,"Plates, sheets and strip",板材、薄板和带材,
HS,3,400819,Other,其他,
HS,3,400821,"Plates, sheets and strip",板材、薄板和带材,
HS,3,400829,Other,其他,
HS,2,4009,"Tubes, pipes and hoses, of vulcanised rubber other than hard rubber, with or without their fittings (for example, joints, elbows, flanges).",除硬质橡胶外，硫化橡胶制成的管子、管道和软管，带或不带配件（例如，接头、弯头、法兰）,
HS,3,400910,"Not reinforced or otherwise combined with other materials, without fittings",未加固或以其他方式与其他材料结合，无配件,
HS,3,400911,Without fittings,不带配件,
HS,3,400912,With fittings,带配件,
HS,3,400920,"Reinforced or otherwise combined only with metal, without fittings",仅用金属加固或以其他方式结合，无配件,
HS,3,400921,Without fittings,不带配件,
HS,3,400922,With fittings,带配件,
HS,3,400930,"Reinforced or otherwise combined only with textile materials, without fittings",仅用纺织材料加固或以其他方式组合而成，无配件,
HS,3,400931,Without fittings,不带配件,
HS,3,400932,With fittings,带配件,
HS,3,400940,"Reinforced or otherwise combined with other materials, without fittings",经加固或以其他方式与其他材料结合，无配件,
HS,3,400941,Without fittings,不带配件,
HS,3,400942,With fittings,带配件,
HS,3,400950,With fittings,带配件,
HS,2,4010,"Conveyor or transmission belts or belting, of vulcanised rubber.",硫化橡胶制成的传送带或传动带或传送带,
HS,3,401010,Of trapezoidal cross-section (V-belts and V-belting),梯形横截面（V 型带和 V 型带）,
HS,3,401011,Reinforced only with metal,仅用金属加固,
HS,3,401012,Reinforced only with textile materials,仅用纺织材料加固,
HS,3,401013,Reinforced only with plastics,仅用塑料增强,
HS,3,401019,Other,其他,
HS,3,401021,"Endless transmission belts of trapezoidal cross-section (V-belts), whether or not grooved, of a circumference exceeding 60 cm but not exceeding 180 cm",梯形横截面的环形传动带（V 型带），无论是否有槽，周长超过 60 厘米但不超过 180 厘米,
HS,3,401022,"Endless transmission belts of trapezoidal cross-section (V-belts), whether or not grooved, of a circumference exceeding 180 cm but not exceeding 240 cm",梯形横截面的环形传动带（V 型带），无论是否有槽，周长超过 180 厘米但不超过 240 厘米,
HS,3,401023,"Endless synchronous belts, of a circumference exceeding 60 cm but not exceeding 150 cm",环形同步带，周长超过60厘米但不超过150厘米,
HS,3,401024,"Endless synchronous belts, of a circumference exceeding 150 cm but not exceeding 198 cm",环形同步带，周长超过150厘米但不超过198厘米,
HS,3,401029,Other,其他,
HS,3,401031,"Endless transmission belts of trapezoidal cross-section (V-belts), V-ribbed, of an outside circumference exceeding 60 cm but not exceeding 180 cm",梯形横截面的环形传动带（V 型带），V 型肋条，外周长超过 60 厘米但不超过 180 厘米,
HS,3,401032,"Endless transmission belts of trapezoidal cross-section (V-belts), other than V-ribbed, of an outside circumference exceeding 60 cm but not exceeding 180 cm",梯形横截面的环形传动带（V 型带），除 V 型肋条带外，外周长超过 60 厘米但不超过 180 厘米,
HS,3,401033,"Endless transmission belts of trapezoidal cross-section (V-belts), V-ribbed, of an outside circumference exceeding 180 cm but not exceeding 240 cm",梯形横截面的环形传动带（V 型带），V 型肋条，外周长超过 180 厘米但不超过 240 厘米,
HS,3,401034,"Endless transmission belts of trapezoidal cross-section (V-belts), other than V-ribbed, of an outside circumference exceeding 180 cm but not exceeding 240 cm",梯形横截面的环形传动带（V 型带），除 V 型肋条带外，外周长超过 180 厘米但不超过 240 厘米,
HS,3,401035,"Endless synchronous belts, of an outside circumference exceeding 60 cm but not exceeding 150 cm",环形同步带，外周长超过60厘米但不超过150厘米,
HS,3,401036,"Endless synchronous belts, of an outside circumference exceeding 150 cm but not exceeding 198 cm",环形同步带，外周长超过150厘米但不超过198厘米,
HS,3,401039,Other,其他,
HS,3,401091,Of a width exceeding 20 cm,宽度超过20厘米,
HS,3,401099,Other,其他,
HS,2,4011,"New pneumatic tyres, of rubber.",新型充气轮胎，橡胶材质,
HS,3,401110,Of a kind used on motor cars (including station wagons and racing cars),用于机动车（包括旅行车和赛车）的一种,
HS,3,401120,Of a kind used on buses or lorries,用于公共汽车或卡车的一种,
HS,3,401130,Of a kind used on aircraft,一种用于飞机的,
HS,3,401140,Of a kind used on motorcycles,一种用于摩托车,
HS,3,401150,Of a kind used on bicycles,一种用于自行车的,
HS,3,401161,Of a kind used on agricultural or forestry vehicles and machines,用于农业或林业车辆和机械的一种,
HS,3,401162,Of a kind used on construction or industrial handling vehicles and machines and having a rim size not exceeding 61 cm,用于建筑或工业搬运车辆和机器，轮辋尺寸不超过 61 厘米,
HS,3,401163,Of a kind used on construction or industrial handling vehicles and machines and having a rim size exceeding 61 cm,用于建筑或工业搬运车辆和机器，轮辋尺寸超过 61 厘米,
HS,3,401169,Other,其他,
HS,3,401170,Of a kind used on agricultural or forestry vehicles and machines,用于农业或林业车辆和机械的一种,
HS,3,401180,"Of a kind used on construction, mining or industrial handling vehicles and machines",用于建筑、采矿或工业搬运车辆和机器的一种,
HS,3,401190,Other,其他,
HS,3,401191,"Having a ""herring-bone"" or similar tread",具有“人字形”或类似花纹,
HS,3,401192,Of a kind used on agricultural or forestry vehicles and machines,用于农业或林业车辆和机械的一种,
HS,3,401193,Of a kind used on construction or industrial handling vehicles and machines and having a rim size not exceeding 61 cm,用于建筑或工业搬运车辆和机器，轮辋尺寸不超过 61 厘米,
HS,3,401194,Of a kind used on construction or industrial handling vehicles and machines and having a rim size exceeding 61 cm,用于建筑或工业搬运车辆和机器，轮辋尺寸超过 61 厘米,
HS,3,401199,Other,其他,
HS,2,4012,"Retreaded or used pneumatic tyres of rubber; solid or cushion tyres, tyre treads and tyre flaps, of rubber.",翻新或使用过的橡胶充气轮胎；橡胶实心轮胎或橡胶缓冲轮胎、轮胎胎面及轮胎垫带,
HS,3,401210,Retreaded tyres,翻新轮胎,
HS,3,401211,Of a kind used on motor cars (including station wagons and racing cars),用于机动车（包括旅行车和赛车）的一种,
HS,3,401212,Of a kind used on buses or lorries,用于公共汽车或卡车的一种,
HS,3,401213,Of a kind used on aircraft,一种用于飞机的,
HS,3,401219,Other,其他,
HS,3,401220,Used pneumatic tyres,二手充气轮胎,
HS,3,401290,Other,其他,
HS,2,4013,"Inner tubes, of rubber.",内胎，橡胶材质,
HS,3,401310,"Of a kind used on motor cars (including station wagons and racing cars), buses or lorries",用于汽车（包括旅行车和赛车）、公共汽车或卡车的一种,
HS,3,401320,Of a kind used on bicycles,一种用于自行车的,
HS,3,401390,Other,其他,
HS,2,4014,"Hygienic or pharmaceutical articles (including teats), of vulcanised rubber other than hard rubber, with or without fittings of hard rubber.",卫生或医药用品（包括奶嘴），由硬质橡胶以外的硫化橡胶制成，无论是否带有硬质橡胶配件,
HS,3,401410,Sheath contraceptives,鞘状避孕药,
HS,3,401490,Other,其他,
HS,2,4015,"Articles of apparel and clothing accessories (including gloves, mittens and mitts), for all purposes, of vulcanised rubber other than hard rubber.",除硬质橡胶外，由硫化橡胶制成的各种用途的服装和服装附件（包括分指手套和露指手套）,
HS,3,401511,Surgical,外科,
HS,3,401512,"Rubber; vulcanised (other than hard rubber), gloves, of a kind used for medical, surgical, dental or veterinary purposes",橡胶；硫化（硬橡胶除外）手套，用于医疗、外科、牙科或兽医用途,
HS,3,401519,Other,其他,
HS,3,401590,Other,其他,
HS,2,4016,Other articles of vulcanised rubber other than hard rubber.,除硬质橡胶外的其他硫化橡胶制品,
HS,3,401610,Of cellular rubber,泡沫橡胶,
HS,3,401691,Floor coverings and mats,地板覆盖物和垫子,
HS,3,401692,Erasers,橡皮擦,
HS,3,401693,"Gaskets, washers and other seals",垫圈、垫圈和其他密封件,
HS,3,401694,"Boat or dock fenders, whether or not inflatable",船舶或码头护舷，无论是否充气,
HS,3,401695,Other inflatable articles,其他充气物品,
HS,3,401699,Other,其他,
HS,2,4017,"Hard rubber (for example, ebonite) in all forms, including waste and scrap; articles of hard rubber.",各种形式的硬质橡胶（例如硬橡胶），包括废料和碎屑；硬质橡胶制品,
HS,3,401700,"Hard rubber (for example, ebonite) in all forms, including waste and scrap; articles of hard rubber",各种形式的硬质橡胶（例如硬橡胶），包括废料和碎料；硬质橡胶制品,
HS,1,41,RAW HIDES AND SKINS (OTHER THAN FURSKINS) AND LEATHER,生皮（毛皮除外）和皮革,
HS,2,4101,"Raw hides and skins of bovine (including buffalo) or equine animals (fresh, or salted, dried, limed, pickled or otherwise preserved, but not tanned, parchment-dressed or further prepared), whether or not dehaired or split.",牛（包括水牛）或马的生皮（新鲜、盐腌、干制、石灰腌制、酸洗或以其他方式保藏，但未经鞣制、羊皮纸处理或进一步处理），不论是否脱毛或剖层,
HS,3,410110,"Whole hides and skins of bovine animals, of a weight per skin not exceeding 8 kg when simply dried, 10 kg when dry-salted, or 14 kg when fresh, wet-salted or otherwise preserved",整张牛皮，简单干燥后每张皮的重量不超过8公斤，干盐腌后每张皮的重量不超过10公斤，新鲜、湿盐腌或以其他方式保存后每张皮的重量不超过14公斤,
HS,3,410120,"Whole hides and skins, unsplit, of a weight per skin not exceeding 8 kg when simply dried, 10 kg when dry-salted, or 16 kg when fresh, wet-salted or otherwise preserved",未剖开的整张生皮，简单干燥时每张皮的重量不超过 8 公斤，干盐腌制时每张皮的重量不超过 10 公斤，新鲜、湿盐腌制或以其他方式保存时每张皮的重量不超过 16 公斤,
HS,3,410121,Whole,所有的,
HS,3,410122,Butts and bends,臀部和弯曲处,
HS,3,410129,Other,其他,
HS,3,410130,"Other hides and skins of bovine animals, otherwise preserved",以其他方式保存的其他牛皮,
HS,3,410140,Hides and skins of equine animals,马科动物的生皮和毛皮,
HS,3,410150,"Whole hides and skins, of a weight exceeding 16 kg",重量超过 16 公斤的整张生皮,
HS,3,410190,"Other, including butts, bends and bellies",其他，包括臀部、弯曲和腹部,
HS,2,4102,"dressed or further prepared), whether or not with wool on or split, other than those excluded by Note 1 (c) to this Chapter.",经精加工或进一步准备的羊毛，不论是否带毛或剖层，但本章注释1(c)排除的除外,
HS,3,410210,With wool on,带羊毛,
HS,3,410221,Pickled,腌制,
HS,3,410229,Other,其他,
HS,2,4103,"Other raw hides and skins (fresh, or salted, dried, limed, pickled or otherwise preserved, but not tanned, parchment-dressed or further prepared), whether or not dehaired or split, other than those excluded by Note 1 (b) or 1 (c) to this Chapter.",其他生皮（鲜皮、盐渍皮、干皮、灰渍皮、酸洗皮或以其他方式保藏，但未经鞣制、羊皮纸化处理或进一步准备），不论是否脱毛或剖层，但本章注释1（b）或1（c）排除的生皮除外,
HS,3,410310,Of goats or kids,山羊或小山羊,
HS,3,410320,Of reptiles,爬行动物,
HS,3,410330,Of swine,猪,
HS,3,410390,Other,其他,
HS,2,4104,"Tanned or crust hides and skins of bovine (including buffalo) or equine animals, without hair on, whether or not split, but not further prepared.",已鞣牛（包括水牛）或马科动物生皮或坯皮，不带毛，不论是否剖层，但未经进一步加工,
HS,3,410410,"Whole bovine skin leather, of a unit surface area not exceeding 28 square feet (2.6 m2)",整张牛皮革，单位表面积不超过 28 平方英尺（2.6 平方米）,
HS,3,410411,"Full grains, unsplit; grain splits",饱满谷物，未裂纹；谷物裂纹,
HS,3,410419,Other,其他,
HS,3,410421,"Bovine leather, vegetable pre-tanned",植物预鞣牛皮革,
HS,3,410422,"Bovine leather, otherwise pre-tanned",牛皮革，否则预鞣,
HS,3,410429,Other,其他,
HS,3,410431,Full grains and full grain splits,全粒面和全粒面二层,
HS,3,410439,Other,其他,
HS,3,410441,"Full grains, unsplit; grain splits",饱满谷物，未裂纹；谷物裂纹,
HS,3,410449,Other,其他,
HS,2,4105,"Tanned or crust skins of sheep or lambs, without wool on, whether or not split, but not further prepared.",已鞣的绵羊皮或羔羊皮，不带毛，不论是否剖层，但未经进一步加工,
HS,3,410510,In the wet state (including wet-blue),湿态（包括蓝湿皮）,
HS,3,410511,Vegetable pre-tanned,植物预鞣,
HS,3,410512,Otherwise pre-tanned,否则预先晒黑,
HS,3,410519,Other,其他,
HS,3,410520,Parchment-dressed or prepared after tanning,羊皮纸处理或鞣制后准备,
HS,3,410530,In the dry state (crust),干燥状态（地壳）,
HS,2,4106,"Tanned or crust hides and skins of other animals, without wool or hair on, whether or not split, but not further prepared.",已鞣的其他动物生皮或坯皮，不带羊毛或毛发，不论是否剖层，但未经进一步加工,
HS,3,410611,Vegetable pre-tanned,植物预鞣,
HS,3,410612,Otherwise pre-tanned,否则预先晒黑,
HS,3,410619,Other,其他,
HS,3,410620,Parchment-dressed or prepared after tanning,羊皮纸处理或鞣制后准备,
HS,3,410621,In the wet state (including wet-blue),湿态（包括蓝湿皮）,
HS,3,410622,In the dry state (crust),干燥状态（地壳）,
HS,3,410631,In the wet state (including wet-blue),湿态（包括蓝湿皮）,
HS,3,410632,In the dry state (crust),干燥状态（地壳）,
HS,3,410640,Of reptiles,爬行动物,
HS,3,410691,In the wet state (including wet-blue),湿态（包括蓝湿皮）,
HS,3,410692,In the dry state (crust),干燥状态（地壳）,
HS,2,4107,"Leather further prepared after tanning or crusting, including parchment-dressed leather, of bovine (including buffalo) or equine animals, without hair on, whether or not split, other than leather of heading 41.14.",经鞣制或硬革后进一步加工的牛（包括水牛）或马皮革，包括羊皮纸状处理皮革，无毛，不论是否剖层，但税目 41.14 的皮革除外,
HS,3,410710,Of swine,猪,
HS,3,410711,"Full grains, unsplit",饱满的谷物，未裂开,
HS,3,410712,Grain splits,谷物裂片,
HS,3,410719,Other,其他,
HS,3,410721,Vegetable pre-tanned,植物预鞣,
HS,3,410729,Other,其他,
HS,3,410790,Of other animals,其他动物,
HS,3,410791,"Full grains, unsplit",饱满的谷物，未裂开,
HS,3,410792,Grain splits,谷物裂片,
HS,3,410799,Other,其他,
HS,2,4108,"Chamois leather, incl. combination chamois leather (excl. glacé-tanned leather subsequently treated with formaldehyde and leather stuffed with oil only after tanning)",麂皮，包括混合麂皮（不包括经糖鞣后用甲醛处理的皮革和鞣制后才注油的皮革）,
HS,3,410800,Chamois (including combination chamois) leather,麂皮（包括混合麂皮）,
HS,2,4109,Patent leather and patent laminated leather; metallized leather (excl. lacquered or metallized reconstituted leather),漆皮和漆层压皮革；金属化皮革（不包括上漆或金属化再生皮革）,
HS,3,410900,Patent leather and patent laminated leather; metallised leather,漆皮和漆层压皮革；金属化皮革,
HS,2,4110,"Parings and other waste of leather, parchment-dressed leather or composition leather, not suitable for the manufacture of leather articles; leather dust, powder and flour",皮革、羊皮纸皮革或合成皮革的碎屑及其他废料，不适合制造皮革制品；皮革粉尘、皮革粉末及皮革面粉,
HS,3,411000,"Parings and other waste of leather or of composition leather, not suitable for the manufacture of leather articles; leather dust, powder and flour",皮革或再生皮革的碎屑及其他废料，不适用于制造皮革制品；皮革粉尘、皮革粉末及皮革面粉,
HS,2,4111,"Composition leather based on leather or leather fibre, in slabs, sheets or strip, whether or not in rolls",以皮革或皮革纤维为基材的复合皮革，以板、片或条为原料，不论是否成卷,
HS,3,411100,"Composition leather with a basis of leather or leather fibre, in slabs, sheets or strip, whether or not in rolls",以皮革或皮革纤维为基本成分的复合皮革，成板、成片或成条，不论是否成卷,
HS,2,4112,"Leather further prepared after tanning or crusting, including parchment-dressed leather, of sheep or lamb, without wool on, whether or not split, other than leather of heading 41.14.",经鞣制或硬皮处理后进一步加工的绵羊或羔羊皮革，包括羊皮纸状处理皮革，不带毛，不论是否剖层，但税目 41.14 的皮革除外,
HS,3,411200,"Leather further prepared after tanning or crusting, including parchment-dressed leather, of sheep or lamb, without wool on, whether or not split, other than leather of heading 4114",经鞣制或硬皮处理后进一步加工的皮革，包括羊皮纸处理的绵羊或羔羊皮革，不带羊毛，不论是否剖层，但税目 4114 的皮革除外,
HS,2,4113,"Leather further prepared after tanning or crusting, including parchment-dressed leather, of other animals, without wool or hair on, whether or not split, other than leather of heading 41.14.",经鞣制或半鞣后进一步加工的皮革，包括羊皮纸状皮革，其他动物制的不带羊毛或毛发的皮革，不论是否剖层，但税目 41.14 的皮革除外,
HS,3,411310,Of goats or kids,山羊或小山羊,
HS,3,411320,Of swine,猪,
HS,3,411330,Of reptiles,爬行动物,
HS,3,411390,Other,其他,
HS,2,4114,Chamois (including combination chamois) leather; patent leather and patent laminated leather; metallised leather.,麂皮（包括混合麂皮）；漆皮和漆皮层压皮革；金属化皮革,
HS,3,411410,Chamois (including combination chamois) leather,麂皮（包括混合麂皮）,
HS,3,411420,Patent leather and patent laminated leather; metallised leather,漆皮和漆层压皮革；金属化皮革,
HS,2,4115,"Composition leather with a basis of leather or leather fibre, in slabs, sheets or strip, whether or not in rolls; parings and other waste of leather or of composition leather, not suitable for the manufacture of leather articles; leather dust, powder and",以皮革或皮革纤维为基本原料的合成皮革，成板、成片或成条，不论是否成卷；皮革或合成皮革的碎屑及其他废料，不适用于制造皮革制品；皮革粉尘、皮革粉末及,
HS,3,411510,"Composition leather with a basis of leather or leather fibre, in slabs, sheets or strip, whether or not in rolls",以皮革或皮革纤维为基本成分的复合皮革，成板、成片或成条，不论是否成卷,
HS,3,411520,"Parings and other waste of leather or of composition leather, not suitable for the manufacture of leather articles; leather dust, powder and flour",皮革或再生皮革的碎屑及其他废料，不适用于制造皮革制品；皮革粉尘、皮革粉末及皮革面粉,
HS,1,42,"ARTICLES OF LEATHER; SADDLERY AND HARNESS; TRAVEL GOODS, HANDBAGS AND SIMILAR CONTAINERS; ARTICLES OF ANIMAL GUT (OTHER THAN SILKWORM GUT)",皮革制品；鞍具及马具；旅行用品、手提包及类似容器；动物肠线制品（蚕肠线除外）,
HS,2,4201,"Saddlery and harness for any animal (including traces, leads, knee pads, muzzles, saddle cloths, saddle bags, dog coats and the like), of any material.",任何动物的鞍具和挽具（包括挽绳、牵引绳、护膝、口套、鞍布、鞍袋、狗外套等），任何材质,
HS,3,420100,"Saddlery and harness for any animal (including traces, leads, knee pads, muzzles, saddle-cloths, saddlebags, dog coats and the like), of any material",任何动物的鞍具和挽具（包括牵引绳、牵引绳、护膝、口套、鞍布、鞍袋、狗外套等），任何材质,
HS,2,4202,"Trunks, suit-cases, vanity-cases, executive-cases, brief-cases, school satchels, spectacle cases, binocular cases, camera cases, musical instrument cases, gun cases, holsters and similar containers; travelling-bags, insulated food or beverages bags, toile",行李箱、手提箱、化妆箱、公文箱、公文包、书包、眼镜盒、双筒望远镜盒、照相机盒、乐器盒、枪套、枪套及类似容器；旅行袋、食品或饮料保温袋、卫生纸,
HS,3,420211,With outer surface of leather or of composition leather,外表面为皮革或合成皮革,
HS,3,420212,With outer surface of plastics or of textile materials,外表面为塑料或纺织材料,
HS,3,420219,Other,其他,
HS,3,420221,With outer surface of leather or of composition leather,外表面为皮革或合成皮革,
HS,3,420222,With outer surface of sheeting of plastics or of textile materials,外表面为塑料或纺织材料薄片,
HS,3,420229,Other,其他,
HS,3,420231,With outer surface of leather or of composition leather,外表面为皮革或合成皮革,
HS,3,420232,With outer surface of sheeting of plastics or of textile materials,外表面为塑料或纺织材料薄片,
HS,3,420239,Other,其他,
HS,3,420291,With outer surface of leather or of composition leather,外表面为皮革或合成皮革,
HS,3,420292,With outer surface of sheeting of plastics or of textile materials,外表面为塑料或纺织材料薄片,
HS,3,420299,Other,其他,
HS,2,4203,"Articles of apparel and clothing accessories, of leather or of composition leather.",皮革或合成皮革制成的服装和服装配饰,
HS,3,420310,Articles of apparel,服饰,
HS,3,420321,Specially designed for use in sports,专为运动而设计,
HS,3,420329,Other,其他,
HS,3,420330,Belts and bandoliers,腰带和子弹带,
HS,3,420340,Other clothing accessories,其他服饰配件,
HS,2,4204,"Articles for technical use, of leather or composition leather",皮革或合成皮革制成的技术用物品,
HS,3,420400,"Articles of leather or of composition leather, of a kind used in machinery or mechanical appliances or for other technical uses.",用于机械或机械设备或其他技术用途的皮革或再生皮革制品,
HS,2,4205,Other articles of leather or of composition leather.,其他皮革或再生皮革制品,
HS,3,420500,Other articles of leather or of composition leather,其他皮革或再生皮革制品,
HS,2,4206,"Articles of gut (other than silk-worm gut), of goldbeater's skin, of bladders or of tendons.",肠线（蚕肠线除外）、金箔皮、膀胱或肌腱制成的物品,
HS,3,420600,"Articles of gut (other than silkworm gut), of goldbeater's skin, of bladders or of tendons",肠线（蚕肠线除外）、金箔皮、膀胱或肌腱制品,
HS,3,420610,Catgut,羊肠线,
HS,3,420690,Other,其他,
HS,1,43,FURSKINS AND ARTIFICIAL FUR; MANUFACTURES THEREOF,毛皮及人造毛皮；其制品,
HS,2,4301,"Raw furskins (including heads, tails, paws and other pieces or cuttings, suitable for furriers' use), other than raw hides and skins of heading 41.01, 41.02 or 41.03.",生毛皮（包括头、尾、爪及其他适合毛皮商使用的碎片或切屑），但税目 41.01、41.02 或 41.03 的生皮除外,
HS,3,430110,"Of mink, whole, with or without head, tail or paws",整只水貂，无论有无头、尾或爪,
HS,3,430120,"Of rabbit or hare, whole, with or without head, tail or paws",兔子或野兔，整只，有或无头、尾或爪,
HS,3,430130,"Of lamb, the following: Astrakhan, Broadtail, Caracul, Persian and similar lamb, Indian, Chinese, Mongolian or Tibetan lamb, whole, with or without head, tail or paws",以下羔羊肉：阿斯特拉罕羔羊肉、宽尾羔羊肉、卡拉库尔羔羊肉、波斯羔羊肉及类似羔羊肉、印度羔羊肉、中国羔羊肉、蒙古羔羊肉或西藏羔羊肉，整只，带或不带头、尾或爪子,
HS,3,430140,"Of beaver, whole, with or without head, tail or paws",海狸皮，整只，无论有无头、尾或爪,
HS,3,430150,"Of musk-rat, whole, with or without head, tail or paws",麝鼠，整只，带或不带头、尾或爪,
HS,3,430160,"Of fox, whole, with or without head, tail or paws",狐狸，整只，无论有无头、尾或爪,
HS,3,430170,"Of seal, whole, with or without head, tail or paws",海豹，整只，无论有无头、尾或爪,
HS,3,430180,"Other furskins, whole, with or without head, tail or paws",其他整张毛皮，无论有无头、尾或爪,
HS,3,430190,"Heads, tails, paws and other pieces or cuttings, suitable for furriers' use",头、尾、爪子及其他适合毛皮商使用的碎片或切块,
HS,2,4302,"Tanned or dressed furskins (including heads, tails, paws and other pieces or cuttings), unassembled, or assembled (without the addition of other materials) other than those of heading 43.03.",已鞣或修整的毛皮（包括头、尾、爪及其他碎块或剪下的毛皮），未缝制或已缝制（未添加其他材料），但税目 43.03 的货品除外,
HS,3,430211,Of mink,貂皮,
HS,3,430212,Of rabbit or hare,兔子或野兔,
HS,3,430213,"Of lamb, the following: Astrakhan, Broadtail, Caracul, Persian and similar lamb, Indian, Chinese, Mongolian or Tibetan lamb",以下羔羊肉：阿斯特拉罕羔羊肉、宽尾羔羊肉、卡拉库尔羔羊肉、波斯羔羊肉及类似羔羊肉、印度羔羊肉、中国羔羊肉、蒙古羔羊肉或西藏羔羊肉,
HS,3,430219,Other,其他,
HS,3,430220,"Heads, tails, paws and other pieces or cuttings, not assembled",未组装的头、尾、爪子和其他部件或碎片,
HS,3,430230,"Whole skins and pieces or cuttings thereof, assembled",整张皮、块或切片，已组装,
HS,2,4303,"Articles of apparel, clothing accessories and other articles of furskin.",毛皮制成的服装、衣着附件及其他物品,
HS,3,430310,Articles of apparel and clothing accessories,服装和服饰配件,
HS,3,430390,Other,其他,
HS,2,4304,Artificial fur and articles thereof.,人造毛皮及其制品,
HS,3,430400,Artificial fur and articles thereof,人造毛皮及其制品,
HS,1,44,WOOD AND ARTICLES OF WOOD; WOOD CHARCOAL,木材及木制品；木炭,
HS,2,4401,"Fuel wood, in logs, in billets, in twigs, in faggots or in similar forms; wood in chips or particles; sawdust and wood waste and scrap, whether or not agglomerated in logs, briquettes, pellets or similar forms.",燃料木，呈圆木、木坯、细枝、木捆或类似形状；木片或木粒；锯末和木质废料及碎片，不论是否聚结成圆木、煤球、木球或类似形状,
HS,3,440110,"Fuel wood, in logs, in billets, in twigs, in faggots or in similar forms",燃料木，呈原木、木坯、树枝、柴捆或类似形状,
HS,3,440111,Coniferous,针叶,
HS,3,440112,Non-coniferous,非针叶林,
HS,3,440121,Coniferous,针叶,
HS,3,440122,Non-coniferous,非针叶林,
HS,3,440130,"Sawdust and wood waste and scrap, whether or not agglomerated in logs, briquettes, pellets or similar forms",锯末和木材废料及碎片，不论是否聚结成木块、煤球、颗粒或类似形状,
HS,3,440131,Wood pellets,木质颗粒,
HS,3,440132,"Wood; for fuel, sawdust and wood waste and scrap, agglomerated in wood briquettes",木材；用作燃料的锯末、木材废料和碎料，聚集成木块,
HS,3,440139,Other,其他,
HS,3,440140,"Sawdust and wood waste and scrap, not agglomerated",锯末和木材废料及碎片，未聚结,
HS,3,440141,"Wood; for fuel, sawdust and wood waste and scrap, not agglomerated; sawdust",木材；用作燃料、锯末和木材废料及碎片，未聚结；锯末,
HS,3,440149,"Wood; for fuel, sawdust and wood waste and scrap, not agglomerated and not including sawdust",木材；用作燃料的锯末和木材废料和碎片，未聚结且不包括锯末,
HS,2,4402,"Wood charcoal (including shell or nut charcoal), whether or not agglomerated.",木炭（包括壳炭或坚果炭），不论是否烧结,
HS,3,440200,"Wood charcoal (including shell or nut charcoal), whether or not agglomerated.",木炭（包括壳炭或坚果炭），不论是否烧结,
HS,3,440210,Of bamboo,竹子,
HS,3,440220,"Wood; charcoal of nut or shell, whether or not agglomerated",木材；坚果或贝壳木炭，不论是否烧结,
HS,3,440290,Other,其他,
HS,2,4403,"Wood in the rough, whether or not stripped of bark or sapwood, or roughly squared.",未加工的木材，无论是否剥去树皮或边材，或大致切成方形,
HS,3,440310,"Treated with paint, stains, creosote or other preservatives",用油漆、染料、杂酚油或其他防腐剂处理,
HS,3,440311,Coniferous,针叶,
HS,3,440312,Non-coniferous,非针叶林,
HS,3,440320,"Other, coniferous",其他，针叶林,
HS,3,440321,"Of pine (Pinus spp.), of which any cross-sectional dimension is 15 cm or more",松树（Pinus spp.）制成，其任何横截面尺寸为 15 厘米或以上,
HS,3,440322,"Of pine (Pinus spp.), other",松树（Pinus spp.）及其他,
HS,3,440323,"Of fir (Abies spp.) and spruce (Picea spp.), of which any cross-sectional dimension is 15 cm or more",冷杉（Abies spp.）和云杉（Picea spp.），其任何横截面尺寸为 15 厘米或以上,
HS,3,440324,"Of fir (Abies spp.) and spruce (Picea spp.), other",冷杉 (Abies spp.) 和云杉 (Picea spp.)，其他,
HS,3,440325,"Other, of which any cross-sectional dimension is 15 cm or more",其他，其横截面尺寸为15厘米或以上,
HS,3,440326,Other,其他,
HS,3,440331,"Dark Red Meranti, Light Red Meranti and Meranti Bakau",深红柳桉、浅红柳桉和巴考柳桉,
HS,3,440332,"White Lauan, White Meranti, White Seraya, Yellow Meranti and Alan",白柳安、白柳桉、白塞拉雅、黄柳桉和艾伦,
HS,3,440333,"Keruing, Ramin, Kapur, Teak, Jongkong, Merbau, Jelutong and Kempas",Keruing、Ramin、Kapur、Teak、Jongkong、Merbau、Jelutong 和 Campus,
HS,3,440334,"Okoumé, Obeche, Sapelli, Sipo, Acajou d'Afrique, Makoré and Iroko",奥古曼木、奥贝歇木、沙比利木、西波木、非洲桃花心木、马科雷木和绿木木,
HS,3,440335,"Tiama, Mansonia, Ilomba, Dibétou, Limba and Azobé",蒂马、曼索尼亚、伊隆巴、迪贝图、林巴和阿佐贝,
HS,3,440341,"Dark red meranti, light red meranti and meranti bakau",深红柳桉、浅红柳桉和柳桉牛仔,
HS,3,440342,"Wood, tropical; teak, in the rough, whether or not stripped of bark or sapwood, or roughly squared, untreated",热带木材；柚木，未经加工，不论是否剥去树皮或边材，或粗略切成方形，未经处理,
HS,3,440349,Other,其他,
HS,3,440391,Of oak (Quercus spp.),橡树（Quercus spp.）,
HS,3,440392,Of beech (Fagus spp.),山毛榉（Fagus spp.）,
HS,3,440393,"Of beech (Fagus spp.), of which any cross-sectional dimension is 15 cm or more",山毛榉（Fagus spp.），其任何横截面尺寸为 15 厘米或以上,
HS,3,440394,"Of beech (Fagus spp.), other",山毛榉（Fagus spp.），其他,
HS,3,440395,"Of birch (Betula spp.), of which any cross-sectional dimension is 15 cm or more",桦木（Betula spp.）制成，其横截面尺寸为 15 厘米或以上,
HS,3,440396,"Of birch (Betula spp.), other",桦树（Betula spp.）及其他,
HS,3,440397,Of poplar and aspen (Populis spp.),杨树和山杨树（Populis spp.）,
HS,3,440398,Of eucalyptus (Eucalyptus spp.),桉树（Eucalyptus spp.）,
HS,3,440399,Other,其他,
HS,2,4404,"Hoopwood; split poles; piles, pickets and stakes of wood, pointed but not sawn lengthwise; wooden sticks, roughly trimmed but not turned, bent or otherwise worked, suitable for the manufacture of walking-sticks, umbrellas, tool handles or the like; chipwo",箍木；劈开的杆子；木桩、木桩和木桩，尖头但未纵向锯开；木棍，粗略修整但未车削、弯曲或以其他方式加工，适用于制造手杖、雨伞、工具手柄或类似物；木片,
HS,3,440410,Coniferous,针叶,
HS,3,440420,Non-coniferous,非针叶林,
HS,2,4405,Wood wool; wood flour.,木丝；木粉,
HS,3,440500,Wood wool; wood flour,木丝；木粉,
HS,2,4406,Railway or tramway sleepers (cross-ties) of wood.,木质的铁路或电车轨道枕木（枕木）,
HS,3,440610,Not impregnated,未浸渍,
HS,3,440611,Coniferous,针叶,
HS,3,440612,Non-coniferous,非针叶林,
HS,3,440690,Other,其他,
HS,3,440691,Coniferous,针叶,
HS,3,440692,Non-coniferous,非针叶林,
HS,2,4407,"Wood sawn or chipped lengthwise, sliced or peeled, whether or not planed, sanded or end-jointed, of a thickness exceeding 6 mm.",经纵锯或纵切、刨切或旋切的木材，不论是否刨平、砂光或端接，厚度超过 6 毫米,
HS,3,440710,Coniferous,针叶,
HS,3,440711,Of pine (Pinus spp.),松树（Pinus spp.）,
HS,3,440712,Of fir (Abies spp.) and spruce (Picea spp.),冷杉（Abies spp.）和云杉（Picea spp.）,
HS,3,440713,"Wood; coniferous species, of S-P-F (spruce (Picea spp.), pine (Pinus spp.) and fir (Abies spp.)), sawn or chipped lengthwise, sliced or peeled, whether or not planed, sanded or finger-jointed, of a thickness exceeding 6mm",SPF（云杉（Picea spp.）、松树（Pinus spp.）和冷杉（Abies spp.））针叶树种木材，经纵锯、纵切、刨切或旋切，不论是否刨平、砂光或指榫接合，厚度超过 6 毫米,
HS,3,440714,"Wood; coniferous species, of Hem-fir (western hemlock (Tsuga heterophylla) and fir (Abies spp.))",木头;针叶树种，铁杉（西部铁杉 (Tsugaheterophylla) 和冷杉 (Abies spp.)）,
HS,3,440719,Other,其他,
HS,3,440721,Mahogany (Swietenia spp.),桃花心木（Sweetenia spp.）,
HS,3,440722,"Virola, imbuia and balsa",渡轮、木筏和木筏,
HS,3,440723,"Baboen, Mahogany (Swietenia spp.), Imbuia and Balsa",巴伯恩木、桃花心木（Swietenia spp.）、Imbuia 和巴尔萨木,
HS,3,440724,"Virola, Mahogany (Swietenia spp.), Imbuia and Balsa",Virola、桃花心木（Swietenia spp.）、Imbuia 和 Balsa,
HS,3,440725,"Dark red meranti, light red meranti and meranti bakau",深红柳桉、浅红柳桉和柳桉牛仔,
HS,3,440726,"White lauan, white meranti, white seraya, yellow meranti and alan",白柳安、白柳安、白塞拉亚、黄柳安和阿兰,
HS,3,440727,Sapelli,萨佩利,
HS,3,440728,Iroko,绿柄桑,
HS,3,440729,Other,其他,
HS,3,440791,Of oak (Quercus spp.),橡树（Quercus spp.）,
HS,3,440792,Of beech (Fagus spp.),山毛榉（Fagus spp.）,
HS,3,440793,Of maple (Acer spp.),枫树（Acer spp.）,
HS,3,440794,Of cherry (Prunus spp.),樱桃（Prunus spp.）,
HS,3,440795,Of ash (Fraxinus spp.),梣木（Fraxinus spp.）,
HS,3,440796,Of birch (Betula spp.),桦树（Betula spp.）,
HS,3,440797,Of poplar and aspen (Populus spp.),杨树和山杨树（Populus spp.）,
HS,3,440799,Other,其他,
HS,2,4408,"Sheets for veneering (including those obtained by slicing laminated wood), for plywood or for similar laminated wood and other wood, sawn lengthwise, sliced or peeled, whether or not planed, sanded, spliced or end-jointed, of a thickness not exceeding 6 m",用于贴面的板材（包括通过刨切层压板获得的板材）、用于胶合板或类似层压板的板材及其他木材，经纵锯、刨切或旋切，不论是否刨平、砂光、拼接或端接，厚度不超过6米,
HS,3,440810,Coniferous,针叶,
HS,3,440820,"Of the following tropical woods : Dark Red Meranti, Light Red Meranti, White Lauan, Sipo, Limba, Okoumé, Obeche, Acajou d'Afrique, Sapelli, Baboen, Mahogany (Swietenia spp.), Palissandre du Brésil and Bois de Rose femelle",以下热带木材：深红柳桉木、浅红柳桉木、白柳安木、西波木、林巴木、奥库美木、奥贝歇木、非洲阿卡朱木、沙比利木、巴博恩木、桃花心木（桃花心木属）、巴西花木和玫瑰木,
HS,3,440831,"Dark red meranti, light red meranti and meranti bakau",深红柳桉、浅红柳桉和柳桉牛仔,
HS,3,440839,Other,其他,
HS,3,440890,Other,其他,
HS,2,4409,"Wood (including strips and friezes for parquet flooring, not assembled) continuously shaped (tongued, grooved, rebated, chamfered, V-jointed, beaded, moulded, rounded or the like) along any of its edges, ends or faces, whether or not planed, sanded or end",木材（包括用于拼花地板的未组装条和饰带），沿其任何边缘、端部或表面连续成型（榫槽、槽口、榫卯、倒角、V 形接合、串珠、模压、圆形或类似形状），无论是否刨平、打磨或端,
HS,3,440910,Coniferous,针叶,
HS,3,440920,Non-coniferous,非针叶林,
HS,3,440921,Of bamboo,竹子,
HS,3,440922,Of tropical wood,热带木材,
HS,3,440929,Other,其他,
HS,2,4410,"Particle board, oriented strand board (OSB) and similar board (for example, waferboard) of wood or other ligneous materials, whether or not agglomerated with resins or other organic binding substances.",刨花板、定向刨花板（OSB）及类似木板（例如，华夫板），由木质或其他木质材料制成，不论是否用树脂或其他有机粘合剂聚结,
HS,3,441010,Of wood,木材,
HS,3,441011,Particle board,刨花板,
HS,3,441012,Oriented strand board (OSB),定向刨花板（OSB）,
HS,3,441019,Other,其他,
HS,3,441021,Unworked or not further worked than sanded,未加工或未经过打磨进一步加工,
HS,3,441029,Other,其他,
HS,3,441031,Unworked or not further worked than sanded,未加工或未经过打磨进一步加工,
HS,3,441032,Surface-covered with melamine-impregnated paper,表面覆盖三聚氰胺浸渍纸,
HS,3,441033,Surface-covered with decorative laminates of plastics,表面覆盖有塑料装饰层压板,
HS,3,441039,Other,其他,
HS,3,441090,Other,其他,
HS,2,4411,"Fibreboard of wood or other ligneous materials, whether or not bonded with resins or other organic substances.",木质或其他木质材料的纤维板，不论是否用树脂或其他有机物质粘合,
HS,3,441111,Not mechanically worked or surface covered,未经机械加工或表面覆盖,
HS,3,441112,Of a thickness not exceeding 5 mm,厚度不超过5毫米,
HS,3,441113,Of a thickness exceeding 5 mm but not exceeding 9 mm,厚度超过5毫米但不超过9毫米,
HS,3,441114,Of a thickness exceeding 9 mm,厚度超过9毫米,
HS,3,441119,Other,其他,
HS,3,441121,Not mechanically worked or surface covered,未经机械加工或表面覆盖,
HS,3,441129,Other,其他,
HS,3,441131,Not mechanically worked or surface covered,未经机械加工或表面覆盖,
HS,3,441139,Other,其他,
HS,3,441191,Not mechanically worked or surface covered,未经机械加工或表面覆盖,
HS,3,441192,"Of a density exceeding 0,8 g/cm³",密度超过0.8 g/cm³,
HS,3,441193,"Of a density exceeding 0,5 g/cm³ but not exceeding 0,8 g/cm³",密度超过0.5 g/cm³但不超过0.8 g/cm³,
HS,3,441194,"Of a density not exceeding 0,5 g/cm³",密度不超过0.5 g/cm³,
HS,3,441199,Other,其他,
HS,2,4412,"Plywood, veneered panels and similar laminated wood.",胶合板、贴面板和类似的层压木材,
HS,3,441210,Of bamboo,竹子,
HS,3,441211,"With at least one outer ply of the following tropical woods : Dark Red Meranti, Light Red Meranti, White Lauan, Sipo, Limba, Okoumé, Obeche, Acajou d'Afrique, Sapelli, Baboen, Mahogany (Swietenia spp.), Palissandre du Brésil or Bois de Rose femelle",至少有一层以下热带木材的外层：深红柳桉、浅红柳桉、白柳安、Sipo、Limba、Okoumé、Obeche、Acajou d'Afrique、Sapelli、Baboen、桃花心木（Swietenia spp.）、Palissandre du Brésil 或 Bois de Rose femelle,
HS,3,441212,"Other, with at least one outer ply of non-coniferous wood",其他，至少有一表层为非针叶木,
HS,3,441213,With at least one outer ply of tropical wood specified in Subheading Note 1 to this Chapter,至少有一表层为本章子目注释1所规定的热带木,
HS,3,441214,"Other, with at least one outer ply of non-coniferous wood",其他，至少有一表层为非针叶木,
HS,3,441219,Other,其他,
HS,3,441221,Containing at least one layer of particle board,至少含有一层刨花板,
HS,3,441222,With at least one ply of tropical wood specified in Subheading Note 1 to this Chapter,至少有一层由本章子目注释1所规定的热带木构成,
HS,3,441223,"Other, containing at least one layer of particle board",其他，至少含有一层刨花板,
HS,3,441229,Other,其他,
HS,3,441231,With at least one outer ply of tropical wood,至少有一层外层是热带木材,
HS,3,441232,"Other, with at least one outer ply of non-coniferous wood",其他，至少有一表层为非针叶木,
HS,3,441233,"Other, with at least one outer ply of non-coniferous wood of the species alder (Alnus spp.), ash (Fraxinus spp.), beech (Fagus spp.), birch (Betula spp.), cherry (Prunus spp.) chestnut (Castanea spp.), elm (Ulmus spp.), eucalyptus (Eucalyptus spp.), hi",其他，至少有一层外层为以下树种的非针叶木材：赤杨（Alnus spp.）、白蜡树（Fraxinus spp.）、山毛榉（Fagus spp.）、桦树（Betula spp.）、樱桃树（Prunus spp.）、栗树（Castanea spp.）、榆树（Ulmus spp.）、桉树（Eucalyptus spp.）、,
HS,3,441234,"Other, with at least one outer ply of non-coniferous wood not specified under subheading 441233",其他，至少有一表层是由子目 441233 未列明的非针叶木制成的,
HS,3,441239,"Other, with both outer plies of coniferous wood",其他，两面都是针叶木,
HS,3,441241,"Plywood, veneered panels and similar laminated wood; laminated veneered lumber (LVL); with at least one outer ply of tropical wood",胶合板、贴面板及类似的层压木材；层压单板木材（LVL）；至少有一层外层为热带木材,
HS,3,441242,Laminated veneered lumber (LVL); with at least one outer ply of non-coniferous wood,层压单板木材（LVL）；至少有一层外层为非针叶木,
HS,3,441249,Laminated veneered lumber (LVL); with both outer plies of coniferous wood,层压单板木材（LVL）；两面都是针叶木,
HS,3,441251,"Blockboard, laminboard and battenboard; with at least one outer layer of tropical wood",细木工板、夹芯板和夹板；至少有一层外层为热带木材,
HS,3,441252,"Blockboard, laminboard and battenboard; with at least one outer ply of non-coniferous wood, (not containing particle board)",细木工板、夹芯板及板条板；至少有一层表层是非针叶木（不包括刨花板）,
HS,3,441259,"Blockboard, laminboard and battenboard; with both outer plies of coniferous wood",细木工板、夹芯板和板条板；两面都是针叶木,
HS,3,441291,Containing at least one layer of particle board,至少含有一层刨花板,
HS,3,441292,With at least one ply of tropical wood specified in Subheading Note 1 to this Chapter,至少有一层由本章子目注释1所规定的热带木构成,
HS,3,441293,"Other, containing at least one layer of particle board",其他，至少含有一层刨花板,
HS,3,441294,"Blockboard, laminboard and battenboard",细木工板、夹芯板和板条板,
HS,3,441299,Other,其他,
HS,2,4413,"Densified wood, in blocks, plates, strips or profile shapes.",致密木材，呈块状、板状、条状或型材形状,
HS,3,441300,"Densified wood, in blocks, plates, strips or profile shapes",致密木材，呈块状、板状、条状或型材形状,
HS,2,4414,"Wooden frames for paintings, photographs, mirrors or similar objects.",用于绘画、照片、镜子或类似物品的木制框架,
HS,3,441400,"Wooden frames for paintings, photographs, mirrors or similar objects",用于绘画、照片、镜子或类似物品的木制框架,
HS,3,441410,"Wooden frames; for paintings, photographs, mirrors or similar objects; of tropical wood",木制框架；用于绘画、照片、镜子或类似物品；热带木材,
HS,3,441490,"Wooden frames; for paintings, photographs, mirrors or similar objects; not of tropical wood",木制框架；用于绘画、照片、镜子或类似物品；非热带木材,
HS,2,4415,"Packing cases, boxes, crates, drums and similar packings, of wood; cable-drums of wood; pallets, box pallets and other load boards, of wood; pallet collars of wood.",木制包装箱、盒子、板条箱、桶及类似包装；木制电缆卷筒；木制托盘、箱式托盘及其他载重板；木制托盘围圈,
HS,3,441510,"Cases, boxes, crates, drums and similar packings; cable-drums",箱、盒、板条箱、圆桶及类似包装；电缆卷筒,
HS,3,441520,"Pallets, box pallets and other load boards; pallet collars",托盘、箱式托盘和其他载重板；托盘围板,
HS,2,4416,"Casks, barrels, vats, tubs and other coopers' products and parts thereof, of wood, including staves.",木制桶、桶、缸、盆及其他制桶产品及其零件，包括桶板,
HS,3,441600,"Casks, barrels, vats, tubs and other coopers' products and parts thereof, of wood, including staves",木制桶、桶、缸、盆及其他制桶产品及其零件，包括桶板,
HS,2,4417,"Tools, tool bodies, tool handles, broom or brush bodies and handles, of wood; boot or shoe lasts and trees, of wood.",木制工具、工具主体、工具手柄、扫帚或刷子主体及手柄；木制靴楦或鞋楦及树木,
HS,3,441700,"Tools, tool bodies, tool handles, broom or brush bodies and handles, of wood; boot or shoe lasts and trees, of wood",木制工具、工具主体、工具手柄、扫帚或刷子主体及手柄；木制靴楦或鞋楦及树干,
HS,2,4418,"Builders' joinery and carpentry of wood, including cellular wood panels, assembled flooring panels, shingles and shakes.",建筑用细木工品和木工制品，包括蜂窝木板、组装地板、木瓦和木板,
HS,3,441810,"Windows, French windows and their frames",窗户、落地窗及其框架,
HS,3,441811,"Wood; windows, French-windows and their frames; of tropical wood",木材；窗户、法式窗户及其框架；热带木材,
HS,3,441819,"Wood; windows, French-windows and their frames; (of other than tropical wood)",木材；窗户、法式窗户及其框架；（非热带木材）,
HS,3,441820,Doors and their frames and thresholds,门及其框架和门槛,
HS,3,441821,"Wood; doors and their frames and thresholds, of tropical wood;",木材；热带木材制成的门及其框架和门槛；,
HS,3,441829,"Wood; doors and their frames and thresholds, (of other than tropical wood)",木材；门及其框架和门槛（非热带木材）,
HS,3,441830,Parquet panels,镶木地板,
HS,3,441840,Shuttering for concrete constructional work,混凝土施工模板,
HS,3,441850,Shingles and shakes,带状疱疹和地震,
HS,3,441860,Posts and beams,柱子和梁,
HS,3,441871,For mosaic floors,适用于马赛克地板,
HS,3,441872,"Other, multilayer",其他，多层,
HS,3,441873,Of bamboo or with at least the top layer (wear layer) of bamboo,由竹子制成，或至少顶层（耐磨层）由竹子制成,
HS,3,441874,"Other, for mosaic floors",其他，用于马赛克地板,
HS,3,441875,"Other, multilayer",其他，多层,
HS,3,441879,Other,其他,
HS,3,441881,"Wood; engineered structural timber products, glue-laminated timber (glulam)",木材；工程结构木制品、胶合木（胶合木）,
HS,3,441882,"Wood; engineered structural timber products, cross-laminated timber (CLT or X-lam)",木材；工程结构木制品、交叉层压木材（CLT 或 X-lam）,
HS,3,441883,"Wood; engineered structural timber products, I beams",木材；工程结构木制品、工字梁,
HS,3,441889,"Wood; engineered structural timber products, other than glue-laminated timber (glulam), cross-laminated timber (CLT or X-lam), or I beams",木材；工程结构木制品，除胶合木（胶合木）、交叉层压木（CLT 或 X-lam）或工字梁外,
HS,3,441890,Other,其他,
HS,3,441891,Of bamboo,竹子,
HS,3,441892,"Wood; builders' joinery and carpentry of wood n.e.c. in heading no. 4418, cellular wood panels",木材；建筑用细木工品及细木工制品（税号 4418 中未列明），蜂窝木板,
HS,3,441899,Other,其他,
HS,2,4419,"Tableware and kitchenware, of wood.",木制餐具和厨具,
HS,3,441900,"Tableware and kitchenware, of wood.",木制餐具和厨具,
HS,3,441911,"Bread boards, chopping boards and similar boards",面包板、砧板及类似板,
HS,3,441912,Chopsticks,筷子,
HS,3,441919,Other,其他,
HS,3,441920,"Tableware and kitchenware, of wood; of tropical wood",木制餐具及厨具；热带木材制,
HS,3,441990,Other,其他,
HS,2,4420,"Wood marquetry and inlaid wood; caskets and cases for jewellery or cutlery, and similar articles, of wood; statuettes and other ornaments, of wood; wooden articles of furniture not falling in Chapter 94.",木制镶嵌物及镶嵌物；木制珠宝首饰盒、餐具盒及类似品；木制小雕像及其他装饰品；不属于第九十四章的木制家具,
HS,3,442010,"Statuettes and other ornaments, of wood",木制小雕像及其他装饰品,
HS,3,442011,"Wood; statuettes and other ornaments, of tropical wood",木材；热带木材制成的小雕像及其他装饰品,
HS,3,442019,"Wood; statuettes and other ornaments, of other than tropical wood",木材；非热带木材的小雕像及其他装饰品,
HS,3,442090,Other,其他,
HS,2,4421,Other articles of wood.,其他木制品,
HS,3,442110,Clothes hangers,衣架,
HS,3,442120,Wood; coffins,木材；棺材,
HS,3,442190,Other,其他,
HS,3,442191,Of bamboo,竹子,
HS,3,442199,Other,其他,
HS,1,45,CORK AND ARTICLES OF CORK,软木及软木制品,
HS,2,4501,"Natural cork, raw or simply prepared; waste cork; crushed, granulated or ground cork.",天然软木，原料或简单制备的软木；废软木；压碎、颗粒状或磨碎的软木,
HS,3,450110,"Natural cork, raw or simply prepared",天然软木，原料或简单制备,
HS,3,450190,Other,其他,
HS,2,4502,"Natural cork, debacked or roughly squared, or in rectangular (including square) blocks, plates, sheets or strip (including sharp-edged blanks for corks or stoppers).",天然软木，去背板或粗略呈方形，或呈矩形（包括正方形）的块、板、片或条（包括用于软木塞或塞子的锋利边缘坯料）,
HS,3,450200,"Natural cork, debacked or roughly squared, or in rectangular (including square) blocks, plates, sheets or strip (including sharp-edged blanks for corks or stoppers)",天然软木，去背板或粗略制成方形，或呈矩形（包括正方形）的块、板、片或条（包括用于软木塞或塞子的锋利边缘坯料）,
HS,2,4503,Articles of natural cork.,天然软木制品,
HS,3,450310,Corks and stoppers,软木塞和瓶塞,
HS,3,450390,Other,其他,
HS,2,4504,Agglomerated cork (with or without a binding substance) and articles of agglomerated cork.,聚合软木（含或不含粘合剂）及聚合软木制品,
HS,3,450410,"Blocks, plates, sheets and strip; tiles of any shape; solid cylinders, including discs",块、板、片和条；任何形状的瓦片；实心圆柱体，包括圆盘,
HS,3,450490,Other,其他,
HS,1,46,"MANUFACTURES OF STRAW, OF ESPARTO OR OF OTHER PLAITING MATERIALS; BASKETWARE AND WICKERWORK",稻草、针茅草或其他编织材料制品；篮筐及柳条制品,
HS,2,4601,"Plaits and similar products of plaiting materials, whether or not assembled into strips; plaiting materials, plaits and similar products of plaiting materials, bound together in parallel strands or woven, in sheet form, whether or not being finished artic",辫子及类似的编织材料制品，不论是否组装成条；编织材料、辫子及类似的编织材料制品，以平行股线捆扎或编织成片状，不论是否制成成品,
HS,3,460110,"Plaits and similar products of plaiting materials, whether or not assembled into strips",编结材料制的辫子及类似产品，不论是否组装成条,
HS,3,460120,"Mats, matting and screens of vegetable materials",植物材料制成的垫子、席子和屏风,
HS,3,460121,Of bamboo,竹子,
HS,3,460122,Of rattan,藤条,
HS,3,460129,Other,其他,
HS,3,460191,Of vegetable materials,植物材料,
HS,3,460192,Of bamboo,竹子,
HS,3,460193,Of rattan,藤条,
HS,3,460194,Of other vegetable materials,其他植物材料,
HS,3,460199,Other,其他,
HS,2,4602,"Basketwork, wickerwork and other articles, made directly to shape from plaiting materials or made up from goods of heading 46.01; articles of loofah.",用编织材料直接制成形状或用税号 46.01 的货物制成的篮子、柳条制品及其他物品；丝瓜络制品,
HS,3,460210,Of vegetable materials,植物材料,
HS,3,460211,Of bamboo,竹子,
HS,3,460212,Of rattan,藤条,
HS,3,460219,Other,其他,
HS,3,460290,Other,其他,
HS,1,47,PULP OF WOOD OR OF OTHER FIBROUS CELLULOSIC MATERIAL; RECOVERED (WASTE AND SCRAP) PAPER OR PAPERBOARD,木浆或其他纤维素材料浆；回收（废碎）纸或纸板,
HS,2,4701,Mechanical wood pulp.,机械木浆,
HS,3,470100,Mechanical wood pulp,机械木浆,
HS,2,4702,"Chemical wood pulp, dissolving grades.",化学木浆，溶解级,
HS,3,470200,"Chemical wood pulp, dissolving grades",化学木浆，溶解级,
HS,2,4703,"Chemical wood pulp, soda or sulphate, other than dissolving grades.",化学木浆、苏打或硫酸盐，溶解级除外,
HS,3,470311,Coniferous,针叶,
HS,3,470319,Non-coniferous,非针叶林,
HS,3,470321,Coniferous,针叶,
HS,3,470329,Non-coniferous,非针叶林,
HS,2,4704,"Chemical wood pulp, sulphite, other than dissolving grades.",化学木浆，亚硫酸盐，溶解级除外,
HS,3,470411,Coniferous,针叶,
HS,3,470419,Non-coniferous,非针叶林,
HS,3,470421,Coniferous,针叶,
HS,3,470429,Non-coniferous,非针叶林,
HS,2,4705,Wood pulp obtained by a combination of mechanical and chemical pulping processes.,通过机械和化学制浆工艺相结合而获得的木浆,
HS,3,470500,Wood pulp obtained by a combination of mechanical and chemical pulping processes,通过机械和化学制浆工艺组合获得的木浆,
HS,2,4706,Pulps of fibres derived from recovered (waste and scrap) paper or paperboard or of other fibrous cellulosic material.,从回收的（废料和碎屑）纸或纸板或其他纤维状纤维素材料中提取的纤维浆,
HS,3,470610,Cotton linters pulp,棉短绒浆,
HS,3,470620,Pulps of fibres derived from recovered (waste and scrap) paper or paperboard,由回收（废料和碎屑）纸或纸板制成的纤维浆,
HS,3,470630,"Other, of bamboo",其他，竹子,
HS,3,470691,Mechanical,机械的,
HS,3,470692,Chemical,化学,
HS,3,470693,Obtained by a combination of mechanical and chemical processes,通过机械和化学工艺相结合获得,
HS,2,4707,Recovered (waste and scrap) paper or paperboard.,回收的（废料和碎屑）纸或纸板,
HS,3,470710,Unbleached kraft paper or paperboard or corrugated paper or paperboard,未漂白牛皮纸或纸板或瓦楞纸或纸板,
HS,3,470720,"Other paper or paperboard made mainly of bleached chemical pulp, not coloured in the mass",其他主要由漂白化学纸浆制成的未着色纸或纸板,
HS,3,470730,"Paper or paperboard made mainly of mechanical pulp (for example, newspapers, journals and similar printed matter)",主要由机械纸浆制成的纸或纸板（例如，报纸、期刊和类似的印刷品）,
HS,3,470790,"Other, including unsorted waste and scrap",其他，包括未分类的废物和废料,
HS,1,48,"PAPER AND PAPERBOARD; ARTICLES OF PAPER PULP, OF PAPER OR OF PAPERBOARD",纸和纸板；纸浆、纸或纸板制品,
HS,2,4801,"Newsprint, in rolls or sheets.",新闻纸，卷状或单张状,
HS,3,480100,"Newsprint, in rolls or sheets",新闻纸，卷筒或单张,
HS,2,4802,"cards and punch tape paper, in rolls or rectangular (including square) sheets, of any size, other than paper of heading 48.01 or 48.03",卡片和穿孔纸带纸，卷筒纸或矩形（包括正方形）纸张，任何尺寸，但税目 48.01 或 48.03 的纸张除外,
HS,3,480210,Handmade paper and paperboard,手工纸和纸板,
HS,3,480220,"Paper and paperboard of a kind used as a base for photosensitive, heat-sensitive or electrosensitive paper or paperboard",用作感光、热敏或电敏纸或纸板基片的纸和纸板,
HS,3,480230,Carbonizing base paper,碳化原纸,
HS,3,480240,Wallpaper base,壁纸基底,
HS,3,480251,Weighing less than 40 g/m2,重量小于40克/平方米,
HS,3,480252,Weighing 40 g/m2 or more but not more than 150 g/m2,重量为40克/平方米或以上，但不超过150克/平方米,
HS,3,480253,Weighing more than 150 g/m2,重量超过150克/平方米,
HS,3,480254,Weighing less than 40 g/m²,重量小于40克/平方米,
HS,3,480255,"Weighing 40 g/m² or more but not more than 150 g/m², in rolls",重量为 40 克/平方米或以上但不超过 150 克/平方米，卷装,
HS,3,480256,"Weighing 40 g/m² or more but not more than 150 g/m², in sheets with one side not exceeding 435 mm and the other side not exceeding 297 mm in the unfolded state",重量为 40 克/平方米或以上但不超过 150 克/平方米，单边展开长度不超过 435 毫米，另一边展开长度不超过 297 毫米,
HS,3,480257,"Other, weighing 40 g/m² or more but not more than 150 g/m²",其他，重量 40 克/平方米及以上，但不超过 150 克/平方米,
HS,3,480258,Weighing more than 150 g/m²,重量超过 150 克/平方米,
HS,3,480260,"Other paper and paperboard, of which more than 10 % by weight of the total fibre content consists of fibres obtained by a mechanical process",其他纸和纸板，其中纤维总含量的 10% 以上（按重量计）是由机械方法获得的纤维组成,
HS,3,480261,In rolls,卷装,
HS,3,480262,In sheets with one side not exceeding 435 mm and the other side not exceeding 297 mm in the unfolded state,展开状态下，一侧不超过 435 毫米，另一侧不超过 297 毫米,
HS,3,480269,Other,其他,
HS,2,4803,dec,十二月,
HS,3,480300,"Toilet or facial tissue stock, towel or napkin stock and similar paper of a kind used for household or sanitary purposes, cellulose wadding and webs of cellulose fibres, whether or not creped, crinkled, embossed, perforated, surface-coloured, surface-deco",卫生纸或面巾纸、毛巾纸或餐巾纸及类似的家庭或卫生用纸、纤维素絮纸和纤维素纤维网纸，不论是否起皱、压花、打孔、表面着色、表面装饰,
HS,2,4804,"Uncoated kraft paper and paperboard, in rolls or sheets, other than that of heading 48.02 or 48.03.",未涂布牛皮纸及纸板，卷筒或张状，但税目 48.02 或 48.03 的货品除外,
HS,3,480411,Unbleached,未漂白,
HS,3,480419,Other,其他,
HS,3,480421,Unbleached,未漂白,
HS,3,480429,Other,其他,
HS,3,480431,Unbleached,未漂白,
HS,3,480439,Other,其他,
HS,3,480441,Unbleached,未漂白,
HS,3,480442,Bleached uniformly throughout the mass and of which more than 95 % by weight of the total fibre content consists of wood fibres obtained by a chemical process,整个块体均匀漂白，其中超过 95% 的重量纤维由通过化学方法获得的木纤维组成,
HS,3,480449,Other,其他,
HS,3,480451,Unbleached,未漂白,
HS,3,480452,Bleached uniformly throughout the mass and of which more than 95 % by weight of the total fibre content consists of wood fibres obtained by a chemical process,整个块体均匀漂白，其中超过 95% 的重量纤维由通过化学方法获得的木纤维组成,
HS,3,480459,Other,其他,
HS,2,4805,"Other uncoated paper and paperboard, in rolls or sheets, not further worked or processed than as specified in Note 3 to this Chapter.",其他未涂布纸及纸板，成卷或成张，其加工或处理程度未达本章注释三所述范围,
HS,3,480510,Semi-chemical fluting paper (corrugating medium),半化学瓦楞纸（瓦楞原纸）,
HS,3,480511,Semi-chemical fluting paper,半化学瓦楞纸,
HS,3,480512,Straw fluting paper,草编瓦楞纸,
HS,3,480519,Other,其他,
HS,3,480521,Each layer bleached,每一层都漂白,
HS,3,480522,With only one outer layer bleached,仅漂白了一层外层,
HS,3,480523,"Having three or more layers, of which only the two outer layers are bleached",有三层或更多层，其中只有最外两层被漂白,
HS,3,480524,Weighing 150 g/m² or less,重量不超过 150 g/m²,
HS,3,480525,Weighing more than 150 g/m²,重量超过 150 克/平方米,
HS,3,480529,Other,其他,
HS,3,480530,Sulphite wrapping paper,亚硫酸盐包装纸,
HS,3,480540,Filter paper and paperboard,滤纸和纸板,
HS,3,480550,Felt paper and paperboard,毛毡纸和纸板,
HS,3,480560,"Other paper and paperboard, weighing 150 g/m2 or less",其他纸及纸板，重量150克/平方米及以下,
HS,3,480570,"Other paper and paperboard, weighing more than 150 g/m2 but less than 225 g/m2",其他纸及纸板，重量超过 150 克/平方米但少于 225 克/平方米,
HS,3,480580,"Other paper and paperboard, weighing 225 g/m2 or more",其他纸及纸板，重量为每平方米225克及以上,
HS,3,480591,Weighing 150 g/m² or less,重量不超过 150 g/m²,
HS,3,480592,Weighing more than 150 g/m² but less than 225 g/m²,重量大于 150 克/平方米但小于 225 克/平方米,
HS,3,480593,Weighing 225 g/m² or more,重量为 225 g/m² 或以上,
HS,2,4806,"Vegetable parchment, greaseproof papers, tracing papers and glassine and other glazed transparent or translucent papers, in rolls or sheets.",植物羊皮纸、防油纸、描图纸、玻璃纸和其他有釉透明或半透明纸，卷筒或张状,
HS,3,480610,Vegetable parchment,植物羊皮纸,
HS,3,480620,Greaseproof papers,防油纸,
HS,3,480630,Tracing papers,描图纸,
HS,3,480640,Glassine and other glazed transparent or translucent papers,格拉辛纸和其他有釉透明或半透明纸,
HS,2,4807,"coated or impregnated, whether or not internally reinforced, in rolls or sheets.",经涂层或浸渍，不论是否内部增强，呈卷状或片状,
HS,3,480700,"Composite paper and paperboard (made by sticking flat layers of paper or paperboard together with an adhesive), not surface-coated or impregnated, whether or not internally reinforced, in rolls or sheets",复合纸和纸板（用粘合剂将平整的纸或纸板层粘合在一起制成），未经表面涂层或浸渍，无论是否内部加固，卷状或片状,
HS,3,480710,"Paper and paperboard, laminated internally with bitumen, tar or asphalt",纸和纸板，内部用沥青、焦油或柏油层压,
HS,3,480790,Other,其他,
HS,3,480791,"Straw paper and paperboard, whether or not covered with paper other than straw paper",草纸和纸板，不论是否用草纸以外的纸覆盖,
HS,3,480799,Other,其他,
HS,2,4808,"Paper and paperboard, corrugated (with or without glued flat surface sheets), creped, crinkled, embossed or perforated, in rolls or sheets, other than paper of the kind described in heading 48.03.",纸及纸板，瓦楞纸（无论是否带胶合平面纸张），绉纸、压花纸或穿孔纸，卷筒或单张，但税目 48.03 所述纸张除外,
HS,3,480810,"Corrugated paper and paperboard, whether or not perforated",瓦楞纸和纸板，无论是否穿孔,
HS,3,480820,"Sack kraft paper, creped or crinkled, whether or not embossed or perforated",麻袋牛皮纸，皱褶或起皱，不论是否压花或穿孔,
HS,3,480830,"Other kraft paper, creped or crinkled, whether or not embossed or perforated",其他皱皮纸或褶皱纸，不论是否压花或穿孔,
HS,3,480840,"Kraft paper, creped or crinkled, whether or not embossed or perforated",牛皮纸，皱折或起皱，不论是否压花或穿孔,
HS,3,480890,Other,其他,
HS,2,4809,"Carbon paper, self-copy paper and other copying or transfer papers (including coated or impregnated paper for duplicator stencils or offset plates), whether or not printed, in rolls or sheets.",复写纸、自印纸及其他复印或转印纸（包括用于复印机模板或胶印版的涂布纸或浸渍纸），不论是否印刷，也不论是卷筒状或张状,
HS,3,480910,Carbon or similar copying papers,复写纸或类似的复印纸,
HS,3,480920,Self-copy paper,自复印纸,
HS,3,480990,Other,其他,
HS,2,4810,"coloured, surface-decorated or printed, in rolls or rectangular (includi",彩色、表面装饰或印花，卷状或矩形（包括,
HS,3,481011,Weighing not more than 150 g/m2,重量不超过150克/平方米,
HS,3,481012,Weighing more than 150 g/m2,重量超过150克/平方米,
HS,3,481013,In rolls,卷装,
HS,3,481014,In sheets with one side not exceeding 435 mm and the other side not exceeding 297 mm in the unfolded state,展开状态下，一侧不超过 435 毫米，另一侧不超过 297 毫米,
HS,3,481019,Other,其他,
HS,3,481021,Light-weight coated paper,轻质涂布纸,
HS,3,481022,Lightweight coated paper,轻质涂布纸,
HS,3,481029,Other,其他,
HS,3,481031,"Bleached uniformly throughout the mass and of which more than 95 % by weight of the total fibre content consists of wood fibres obtained by a chemical process, and weighing 150 g/m² or less",整体均匀漂白，其中纤维总重量的 95% 以上由化学方法获得的木纤维组成，重量不超过 150 克/平方米,
HS,3,481032,"Bleached uniformly throughout the mass and of which more than 95 % by weight of the total fibre content consists of wood fibres obtained by a chemical process, and weighing more than 150 g/m²",整体均匀漂白，其中纤维总重量的 95% 以上由化学方法获得的木纤维组成，重量超过 150 克/平方米,
HS,3,481039,Other,其他,
HS,3,481091,Multi-ply,乘,
HS,3,481092,Multi-ply,乘,
HS,3,481099,Other,其他,
HS,2,4811,"decorated or printed, in rolls or rectangular (including square) sheets, of any size, other than goods of the kind described in hea",装饰或印刷的卷筒或矩形（包括正方形）纸张，任何尺寸，除本条例所述商品外,
HS,3,481110,"Tarred, bituminised or asphalted paper and paperboard",涂焦油、沥青或柏油的纸和纸板,
HS,3,481121,Self-adhesive,自粘式,
HS,3,481129,Other,其他,
HS,3,481131,"Bleached, weighing more than 150 g/m2",漂白，重量超过150克/平方米,
HS,3,481139,Other,其他,
HS,3,481140,"Paper and paperboard, coated, impregnated or covered with wax, paraffin wax, stearin, oil or glycerol",用蜡、石蜡、硬脂、油或甘油涂布、浸渍或覆盖的纸和纸板,
HS,3,481141,Self-adhesive,自粘式,
HS,3,481149,Other,其他,
HS,3,481151,"Bleached, weighing more than 150 g/m²",漂白，重量超过 150 克/平方米,
HS,3,481159,Other,其他,
HS,3,481160,"Paper and paperboard, coated, impregnated or covered with wax, paraffin wax, stearin, oil or glycerol",用蜡、石蜡、硬脂、油或甘油涂布、浸渍或覆盖的纸和纸板,
HS,3,481190,"Other paper, paperboard, cellulose wadding and webs of cellulose fibres",其他纸、纸板、纤维素絮纸及纤维素纤维网,
HS,2,4812,"Filter blocks, slabs and plates, of paper pulp.",纸浆制成的过滤块、过滤板和过滤片,
HS,3,481200,"Filter blocks, slabs and plates, of paper pulp",纸浆制过滤块、过滤板及过滤片,
HS,2,4813,"Cigarette paper, whether or not cut to size or in the form of booklets or tubes.",卷烟纸，无论是否裁切成一定尺寸或制成小册子或管状,
HS,3,481310,In the form of booklets or tubes,以小册子或管子的形式,
HS,3,481320,In rolls of a width not exceeding 5 cm,卷状宽度不超过5厘米,
HS,3,481390,Other,其他,
HS,2,4814,Wallpaper and similar wall coverings; window transparencies of paper.,壁纸和类似的墙壁覆盖物；纸质窗户透明胶片,
HS,3,481410,“Ingrain” paper,“Ingrain”纸,
HS,3,481420,"Wallpaper and similar wallcoverings, consisting of paper coated or covered, on the face side, with a grained, embossed, coloured, design-printed or otherwise decorated layer of plastics",壁纸和类似的墙面覆盖物，由纸张制成，正面涂有或覆盖有纹理、浮雕、彩色、图案印刷或其他装饰的塑料层,
HS,3,481430,"Wallpaper and similar wall coverings, consisting of paper covered, on the face side, with plaiting material, whether or not bound together in parallel strands or woven",壁纸和类似的墙面覆盖物，由纸制成，正面覆盖有编织材料，无论是否以平行线捆扎或编织,
HS,3,481490,Other,其他,
HS,2,4815,"Floor coverings on a base of paper or paperboard, whether or not cut to size (excl. similar floor coverings with textile backings, and floor coverings without backings)",以纸或纸板为基底的地板覆盖物，无论是否切割成一定尺寸（不包括带有纺织背衬的类似地板覆盖物和不带背衬的地板覆盖物）,
HS,3,481500,"Floor coverings on a base of paper or of paperboard, whether or not cut to size.",以纸或纸板为基底的地板覆盖物，不论是否按尺寸切割,
HS,2,4816,"Carbon paper, self-copy paper and other copying or transfer papers (other than those of heading 48.09), duplicator stencils and offset plates, of paper, whether or not put up in boxes.",复写纸、自印纸及其他复印或转印纸（税目48.09的货品除外）、复印蜡纸及胶印版，不论是否装箱,
HS,3,481610,Carbon or similar copying papers,复写纸或类似的复印纸,
HS,3,481620,Self-copy paper,自复印纸,
HS,3,481630,Duplicator stencils,复印机模板,
HS,3,481690,Other,其他,
HS,2,4817,"Envelopes, letter cards, plain postcards and correspondence cards, of paper or paperboard; boxes, pouches, wallets and writing compendiums, of paper or paperboard, containing an assortment of paper stationery.",纸或纸板制成的信封、明信片、普通明信片和通信卡片；纸或纸板制成的盒子、袋子、钱包和书写概要，内含各种纸质文具,
HS,3,481710,Envelopes,信封,
HS,3,481720,"Letter cards, plain postcards and correspondence cards",信件卡、普通明信片和通信卡,
HS,3,481730,"Boxes, pouches, wallets and writing compendiums, of paper or paperboard, containing an assortment of paper stationery",纸或纸板制成的盒子、袋子、钱包和书写本，内含各种纸质文具,
HS,2,4818,"Toilet paper and similar paper, cellulose wadding or webs of cellulose fibres, of a kind used for household or sanitary purposes, in rolls of a width not exceeding 36 cm, or cut to size or shape; handkerchiefs, cleansing tissues, towels, tablecloths, serv",卫生纸及类似纸、纤维素絮纸或纤维素纤维网，用于家庭或卫生用途，卷筒宽度不超过36厘米，或切成一定尺寸或形状；手帕、清洁纸巾、毛巾、桌布、服务用纸,
HS,3,481810,Toilet paper,卫生纸,
HS,3,481820,"Handkerchiefs, cleansing or facial tissues and towels",手帕、清洁纸巾或面巾纸和毛巾,
HS,3,481830,Tablecloths and serviettes,桌布和餐巾,
HS,3,481840,"Sanitary towels and tampons, napkins and napkin liners for babies and similar sanitary articles",婴儿卫生巾、卫生棉条、尿布、尿布衬垫及类似卫生用品,
HS,3,481850,Articles of apparel and clothing accessories,服装和服饰配件,
HS,3,481890,Other,其他,
HS,2,4819,"Cartons, boxes, cases, bags and other packing containers, of paper, paperboard, cellulose wadding or webs of cellulose fibres; box files, letter trays, and similar articles, of paper or paperboard of a kind used in offices, shops or the like.",纸箱、盒子、箱包及其他包装容器，由纸、纸板、纤维素絮纸或纤维素纤维网制成；文件盒、信盘及类似物品，由办公室、商店或类似场所使用的纸或纸板制成,
HS,3,481910,"Cartons, boxes and cases, of corrugated paper or paperboard",瓦楞纸或纸板制成的纸箱、盒子和箱子,
HS,3,481920,"Folding cartons, boxes and cases, of non-corrugated paper or paperboard",非瓦楞纸或纸板制成的折叠纸盒、盒子和箱子,
HS,3,481930,"Sacks and bags, having a base of a width of 40 cm or more",袋和包，底部宽度为 40 厘米或以上,
HS,3,481940,"Other sacks and bags, including cones",其他麻袋和袋子，包括锥形袋,
HS,3,481950,"Other packing containers, including record sleeves",其他包装容器，包括唱片封套,
HS,3,481960,"Box files, letter trays, storage boxes and similar articles, of a kind used in offices, shops or the like",用于办公室、商店或类似用途的文件盒、信盘、储物盒及类似物品,
HS,2,4820,"Registers, account books, note books, order books, receipt books, letter pads, memorandum pads, diaries and similar articles, exercise books, blotting-pads, binders (loose-leaf or other), folders, file covers, manifold business forms, interleaved carbon s",登记簿、账簿、笔记本、订单簿、收据簿、信笺簿、备忘录簿、日记本及类似物品、练习簿、吸墨纸、活页夹（活页或其他）、文件夹、档案封面、多联商业表格、插页复写纸,
HS,3,482010,"Registers, account books, notebooks, order books, receipt books, letter pads, memorandum pads, diaries and similar articles",登记簿、账簿、笔记本、订单簿、收据簿、信笺簿、备忘录簿、日记本及类似物品,
HS,3,482020,Exercise books,练习册,
HS,3,482030,"Binders (other than book covers), folders and file covers",活页夹（书籍封面除外）、文件夹和文件封面,
HS,3,482040,Manifold business forms and interleaved carbon sets,多种业务形式和交错的碳集,
HS,3,482050,Albums for samples or for collections,样本或收藏专辑,
HS,3,482090,Other,其他,
HS,2,4821,"Paper or paperboard labels of all kinds, whether or not printed.",各种纸质或纸板标签，不论是否印刷,
HS,3,482110,Printed,打印,
HS,3,482190,Other,其他,
HS,2,4822,"Bobbins, spools, cops and similar supports of paper pulp, paper or paperboard (whether or not perforated or hardened).",纸浆、纸或纸板（不论是否穿孔或硬化）制成的筒管、线轴、纱管及类似支撑物,
HS,3,482210,Of a kind used for winding textile yarn,用于缠绕纺织纱线的一种,
HS,3,482290,Other,其他,
HS,2,4823,"Other paper, paperboard, cellulose wadding and webs of cellulose fibres, cut to size or shape; other articles of paper pulp, paper, paperboard, cellulose wadding or webs of cellulose fibres.",其他纸、纸板、纤维素絮纸及纤维素纤维网，经切割成一定尺寸或形状；其他纸浆、纸、纸板、纤维素絮纸或纤维素纤维网制品,
HS,3,482311,Self-adhesive,自粘式,
HS,3,482312,Adhesive,粘合剂,
HS,3,482319,Other,其他,
HS,3,482320,Filter paper and paperboard,滤纸和纸板,
HS,3,482330,"Cards, not punched, for punch card machines, whether or not in strips",未打孔卡片，用于打孔卡机，不论是否成条,
HS,3,482340,"Rolls, sheets and dials, printed for self-recording apparatus",为自记录设备印刷的卷筒、纸张和刻度盘,
HS,3,482351,"Printed, embossed or perforated",印刷、压花或穿孔,
HS,3,482359,Other,其他,
HS,3,482360,"Trays, dishes, plates, cups and the like, of paper or paperboard",纸或纸板制托盘、碟子、盘子、杯子及类似品,
HS,3,482361,Of bamboo,竹子,
HS,3,482369,Other,其他,
HS,3,482370,Moulded or pressed articles of paper pulp,纸浆模压制品,
HS,3,482390,Other,其他,
HS,1,49,"PRINTED BOOKS, NEWSPAPERS, PICTURES AND OTHER PRODUCTS OF THE PRINTING INDUSTRY; MANUSCRIPTS, TYPESCRIPTS AND PLANS",印刷书籍、报纸、图片及其他印刷产品；手稿、打字稿及图纸,
HS,2,4901,"Printed books, brochures, leaflets and similar printed matter, whether or not in single sheets.",印刷书籍、小册子、传单及类似印刷品，不论是否单张,
HS,3,490110,"In single sheets, whether or not folded",单张纸，无论是否折叠,
HS,3,490191,"Dictionaries and encyclopaedias, and serial instalments thereof",字典和百科全书及其连载,
HS,3,490199,Other,其他,
HS,2,4902,"Newspapers, journals and periodicals, whether or not illustrated or containing advertising material.",报纸、杂志和期刊，无论是否配有插图或包含广告材料,
HS,3,490210,Appearing at least four times a week,每周至少出现四次,
HS,3,490290,Other,其他,
HS,2,4903,"Children's picture, drawing or colouring books.",儿童图画书、绘画书或彩色书,
HS,3,490300,"Children's picture, drawing or colouring books",儿童图画书、绘画书或涂色书,
HS,2,4904,"Music, printed or in manuscript, whether or not bound or illustrated.",音乐，印刷版或手稿版，不论是否装订或有插图,
HS,3,490400,"Music, printed or in manuscript, whether or not bound or illustrated",音乐，印刷版或手稿版，无论是否装订或有插图,
HS,2,4905,"Maps and hydrographic or similar charts of all kinds, including atlases, wall maps, topographical plans and globes, printed.",各类地图和水文图表或类似图表，包括印刷的地图集、挂图、地形图和地球仪,
HS,3,490510,Globes,地球仪,
HS,3,490520,"Maps and hydrographic or similar charts; printed in book form, including atlases, topographical plans and similar",地图和水文图表或类似图表；以书籍形式印刷，包括地图集、地形图和类似图表,
HS,3,490590,"Maps and hydrographic or similar charts; (printed other than in book form), including wall maps, topographical plans and similar",地图和水文图表或类似图表；（以书籍形式以外的形式印刷），包括挂图、地形图和类似,
HS,3,490591,In book form,以书本形式,
HS,3,490599,Other,其他,
HS,2,4906,"Plans and drawings for architectural, engineering, industrial, commercial, topographical or similar purposes, being originals drawn by hand; hand-written texts; photographic reproductions on sensitised paper and carbon copies of the foregoing.",用于建筑、工程、工业、商业、地形或类似目的的计划和图纸，手绘的原件；手写文本；感光纸上的摄影复制品和前述文件的复写件,
HS,3,490600,"Plans and drawings for architectural, engineering, industrial, commercial, topographical or similar purposes, being originals drawn by hand; handwritten texts; photographic reproductions on sensitised paper and carbon copies of the foregoing",建筑、工程、工业、商业、地形或类似用途的平面图和图纸，手绘原件；手写文本；感光纸上的摄影复制品及前述文件的复写件,
HS,2,4907,"Unused postage, revenue or similar stamps of current or new issue in the country in which they have, or will have, a recognised face value; stamp-impressed paper; banknotes; cheque forms; stock, share or bond certificates and similar documents of title.",未使用的邮票、印花税或类似邮票，无论其在哪个国家有或将有公认的面值；盖有邮票的纸张；钞票；支票；股票、股份或债券证书以及类似的所有权文件,
HS,3,490700,"Unused postage, revenue or similar stamps of current or new issue in the country in which they have, or will have, a recognised face value; stamp-impressed paper; banknotes; cheque forms; stock, share or bond certificates and similar documents of title",未使用的邮票、税收或类似邮票，无论其在哪个国家/地区具有或将具有公认的面值，均可使用；贴有邮票的纸张；钞票；支票；股票、股份或债券证书以及类似的所有权文件,
HS,2,4908,Transfers (decalcomanias).,转印（贴花法）,
HS,3,490810,"Transfers (decalcomanias), vitrifiable",转印（贴花釉质），可玻璃化,
HS,3,490890,Other,其他,
HS,2,4909,"Printed or illustrated postcards; printed cards bearing personal greetings, messages or announcements, whether or not illustrated, with or without envelopes or trimmings.",印刷或带插图的明信片；印有个人问候、消息或公告的印刷卡片，无论是否带有插图，带或不带信封或装饰,
HS,3,490900,"Printed or illustrated postcards; printed cards bearing personal greetings, messages or announcements, whether or not illustrated, with or without envelopes or trimmings",印刷或插图明信片；印有个人问候、信息或公告的印刷卡片，无论是否带有插图，无论是否带有信封或装饰,
HS,2,4910,"Calendars of any kind, printed, including calendar blocks.",各类印刷日历，包括日历块,
HS,3,491000,"Calendars of any kind, printed, including calendar blocks",各种印刷日历，包括日历块,
HS,2,4911,"Other printed matter, including printed pictures and photographs.",其他印刷品，包括印刷的图片和照片,
HS,3,491110,"Trade advertising material, commercial catalogues and the like",商业广告材料、商业目录等,
HS,3,491191,"Pictures, designs and photographs",图片、设计和照片,
HS,3,491199,Other,其他,
HS,1,50,SILK,丝绸,
HS,2,5001,Silk-worm cocoons suitable for reeling.,适合缫丝的蚕茧,
HS,3,500100,Silkworm cocoons suitable for reeling,适合缫丝的蚕茧,
HS,2,5002,Raw silk (not thrown).,生丝（未抛）,
HS,3,500200,Raw silk (not thrown),生丝（未抛）,
HS,2,5003,"Silk waste (including cocoons unsuitable for reeling, yarn waste and garnetted stock).",丝绸废料（包括不适合缫丝的蚕茧、废纱和回收丝）,
HS,3,500300,"Silk waste (including cocoons unsuitable for reeling, yarn waste and garnetted stock)",丝绸废料（包括不宜缫丝的蚕茧、废纱和回收丝）,
HS,3,500310,Not carded or combed,未梳理或未精梳,
HS,3,500390,Other,其他,
HS,2,5004,Silk yarn (other than yarn spun from silk waste) not put up for retail sale.,非零售用丝纱（由废丝纺成的纱线除外）,
HS,3,500400,Silk yarn (other than yarn spun from silk waste) not put up for retail sale,非零售用丝纱（除废丝纺成的纱线外）,
HS,2,5005,"Yarn spun from silk waste, not put up for retail sale.",由废丝纺成的纱线，不用于零售,
HS,3,500500,"Yarn spun from silk waste, not put up for retail sale",用废丝纺成的纱线，非供零售,
HS,2,5006,"Silk yarn and yarn spun from silk waste, put up for retail sale; silk-worm gut.",用于零售的丝纱和由废丝纺成的纱线；蚕丝线,
HS,3,500600,"Silk yarn and yarn spun from silk waste, put up for retail sale; silkworm gut",供零售的丝纱及用废丝纺成的纱线；蚕丝线,
HS,2,5007,Woven fabrics of silk or of silk waste.,由丝绸或废丝编织而成的织物,
HS,3,500710,Fabrics of noil silk,落麻丝织物,
HS,3,500720,"Other fabrics, containing 85 % or more by weight of silk or of silk waste other than noil silk",其他织物，含丝或除落麻丝以外的废丝重量占85％及以上,
HS,3,500790,Other fabrics,其他面料,
HS,1,51,"WOOL, FINE OR COARSE ANIMAL HAIR; HORSEHAIR YARN AND WOVEN FABRIC",羊毛、动物细毛或粗毛；马毛纱线及机织物,
HS,2,5101,"Wool, not carded or combed.",羊毛，未经梳理或精梳,
HS,3,510111,Shorn wool,剪下的羊毛,
HS,3,510119,Other,其他,
HS,3,510121,Shorn wool,剪下的羊毛,
HS,3,510129,Other,其他,
HS,3,510130,Carbonised,碳化,
HS,2,5102,"Fine or coarse animal hair, not carded or combed.",未梳理或梳理的细或粗动物毛,
HS,3,510210,Fine animal hair,细动物毛,
HS,3,510211,Of Kashmir (cashmere) goats,克什米尔（羊绒）山羊,
HS,3,510219,Other,其他,
HS,3,510220,Coarse animal hair,粗动物毛发,
HS,2,5103,"Waste of wool or of fine or coarse animal hair, including yarn waste but excluding garnetted stock.",羊毛或动物细毛或粗毛的废料，包括废纱，但不包括回收纤维,
HS,3,510310,Noils of wool or of fine animal hair,羊毛或动物细毛的落麻,
HS,3,510320,Other waste of wool or of fine animal hair,其他羊毛或动物细毛废料,
HS,3,510330,Waste of coarse animal hair,粗动物毛发废料,
HS,2,5104,Garnetted stock of wool or of fine or coarse animal hair.,用羊毛或细毛或粗毛制成的回收原料,
HS,3,510400,Garnetted stock of wool or of fine or coarse animal hair,羊毛或动物细毛或粗毛的回收纤维,
HS,2,5105,"Wool and fine or coarse animal hair, carded or combed (including combed wool in fragments).",羊毛和细毛或粗毛，已梳理或精梳（包括碎片精梳羊毛）,
HS,3,510510,Carded wool,粗梳羊毛,
HS,3,510521,Combed wool in fragments,精梳羊毛碎片,
HS,3,510529,Other,其他,
HS,3,510530,"Fine animal hair, carded or combed",细动物毛，梳理或梳理,
HS,3,510531,Of Kashmir (cashmere) goats,克什米尔（羊绒）山羊,
HS,3,510539,Other,其他,
HS,3,510540,"Coarse animal hair, carded or combed",粗动物毛，梳理或梳理,
HS,2,5106,"Yarn of carded wool, not put up for retail sale.",粗梳羊毛纱线，非供零售用,
HS,3,510610,Containing 85 % or more by weight of wool,含羊毛重量 85% 或以上,
HS,3,510620,Containing less than 85 % by weight of wool,含羊毛重量低于85%,
HS,2,5107,"Yarn of combed wool, not put up for retail sale.",精梳羊毛纱线，非供零售用,
HS,3,510710,Containing 85 % or more by weight of wool,含羊毛重量 85% 或以上,
HS,3,510720,Containing less than 85 % by weight of wool,含羊毛重量低于85%,
HS,2,5108,"Yarn of fine animal hair (carded or combed), not put up for retail sale.",非供零售用的细动物毛纱线（粗梳或精梳）,
HS,3,510810,Carded,梳理,
HS,3,510820,Combed,梳理,
HS,2,5109,"Yarn of wool or of fine animal hair, put up for retail sale.",供零售用的羊毛或动物细毛纱线,
HS,3,510910,Containing 85 % or more by weight of wool or of fine animal hair,含85%或以上重量的羊毛或动物细毛,
HS,3,510990,Other,其他,
HS,2,5110,"Yarn of coarse animal hair or of horsehair (including gimped horsehair yarn), whether or not put up for retail sale.",粗动物毛或马毛纱线（包括马毛杂锦纱线），不论是否供零售用,
HS,3,511000,"Yarn of coarse animal hair or of horsehair (including gimped horsehair yarn), whether or not put up for retail sale",粗动物毛或马毛纱线（包括马鬃花纱线），不论是否供零售,
HS,2,5111,Woven fabrics of carded wool or of carded fine animal hair.,由粗梳羊毛或粗梳细动物毛编织而成的织物,
HS,3,511111,Of a weight not exceeding 300 g/m²,重量不超过300克/平方米,
HS,3,511119,Other,其他,
HS,3,511120,"Other, mixed mainly or solely with man-made filaments",其他，主要或仅与化学纤维长丝混纺,
HS,3,511130,"Other, mixed mainly or solely with man-made staple fibres",其他，主要或仅与化学纤维短纤混纺,
HS,3,511190,Other,其他,
HS,2,5112,Woven fabrics of combed wool or of combed fine animal hair.,由精梳羊毛或精梳细动物毛编织而成的织物,
HS,3,511211,Of a weight not exceeding 200 g/m²,重量不超过200克/平方米,
HS,3,511219,Other,其他,
HS,3,511220,"Other, mixed mainly or solely with man-made filaments",其他，主要或仅与化学纤维长丝混纺,
HS,3,511230,"Other, mixed mainly or solely with man-made staple fibres",其他，主要或仅与化学纤维短纤混纺,
HS,3,511290,Other,其他,
HS,2,5113,Woven fabrics of coarse animal hair or of horsehair.,由粗动物毛或马毛编织而成的织物,
HS,3,511300,Woven fabrics of coarse animal hair or of horsehair,粗动物毛或马毛编织物,
HS,1,52,COTTON,棉布,
HS,2,5201,"Cotton, not carded or combed.",棉花，未经梳理或精梳,
HS,3,520100,"Cotton, not carded or combed",未梳理或未精梳的棉,
HS,2,5202,Cotton waste (including yarn waste and garnetted stock).,棉废料（包括废纱和回收棉纤维）,
HS,3,520210,Yarn waste (including thread waste),纱线废料（包括线头废料）,
HS,3,520291,Garnetted stock,回收木料,
HS,3,520299,Other,其他,
HS,2,5203,"Cotton, carded or combed.",棉，粗梳或精梳,
HS,3,520300,"Cotton, carded or combed",棉，粗梳或精梳,
HS,2,5204,"Cotton sewing thread, whether or not put up for retail sale.",棉缝纫线，不论是否供零售,
HS,3,520411,Containing 85 % or more by weight of cotton,含棉量 85% 或以上,
HS,3,520419,Other,其他,
HS,3,520420,Put up for retail sale,零售,
HS,2,5205,"Cotton yarn (other than sewing thread), containing 85 % or more by weight of cotton, not put up for retail sale.",棉纱（缝纫线除外），含棉量按重量计为 85％ 或以上，非供零售用,
HS,3,520511,"Measuring 714,29 decitex or more (not exceeding 14 metric number)",细度为 714.29 分特或以上（不超过 14 公制支数）,
HS,3,520512,"Measuring less than 714,29 decitex but not less than 232,56 decitex (exceeding 14 metric number but not exceeding 43 metric number)","细度小于 714,29 分特但不小于 232,56 分特（超过 14 公制支数但不超过 43 公制支数）",
HS,3,520513,"Measuring less than 232,56 decitex but not less than 192,31 decitex (exceeding 43 metric number but not exceeding 52 metric number)",细度小于 232.56 分特但不小于 192.31 分特（超过 43 公制支数但不超过 52 公制支数）,
HS,3,520514,"Measuring less than 192,31 decitex but not less than 125 decitex (exceeding 52 metric number but not exceeding 80 metric number)",细度小于 192.31 分特但不小于 125 分特（超过 52 公制支数但不超过 80 公制支数）,
HS,3,520515,Measuring less than 125 decitex (exceeding 80 metric number),细度小于 125 分特（超过 80 公制支数）,
HS,3,520521,"Measuring 714,29 decitex or more (not exceeding 14 metric number)",细度为 714.29 分特或以上（不超过 14 公制支数）,
HS,3,520522,"Measuring less than 714,29 decitex but not less than 232,56 decitex (exceeding 14 metric number but not exceeding 43 metric number)","细度小于 714,29 分特但不小于 232,56 分特（超过 14 公制支数但不超过 43 公制支数）",
HS,3,520523,"Measuring less than 232,56 decitex but not less than 192,31 decitex (exceeding 43 metric number but not exceeding 52 metric number)",细度小于 232.56 分特但不小于 192.31 分特（超过 43 公制支数但不超过 52 公制支数）,
HS,3,520524,"Measuring less than 192,31 decitex but not less than 125 decitex (exceeding 52 metric number but not exceeding 80 metric number)",细度小于 192.31 分特但不小于 125 分特（超过 52 公制支数但不超过 80 公制支数）,
HS,3,520525,Measuring less than 125 decitex (exceeding 80 metric number),细度小于 125 分特（超过 80 公制支数）,
HS,3,520526,"Measuring less than 125 decitex but not less than 106,38 decitex (exceeding 80 metric number but not exceeding 94 metric number)",细度小于 125 分特但不小于 106.38 分特（超过 80 公制支数但不超过 94 公制支数）,
HS,3,520527,"Measuring less than 106,38 decitex but not less than 83,33 decitex (exceeding 94 metric number but not exceeding 120 metric number)","细度小于 106,38 分特但不小于 83,33 分特（超过 94 公制支数但不超过 120 公制支数）",
HS,3,520528,"Measuring less than 83,33 decitex (exceeding 120 metric number)","细度小于 83,33 分特（超过 120 公制支数）",
HS,3,520531,"Measuring per single yarn 714,29 decitex or more (not exceeding 14 metric number per single yarn)","每根单纱细度为 714,29 分特或以上（每根单纱不超过 14 公制支数）",
HS,3,520532,"Measuring per single yarn less than 714,29 decitex but not less than 232,56 decitex (exceeding 14 metric number but not exceeding 43 metric number per single yarn)","每根单纱的细度小于 714,29 分特，但不小于 232,56 分特（每根单纱超过 14 公制支数，但不超过 43 公制支数）",
HS,3,520533,"Measuring per single yarn less than 232,56 decitex but not less than 192,31 decitex (exceeding 43 metric number but not exceeding 52 metric number per single yarn)",每根单纱的细度小于 232.56 分特，但不小于 192.31 分特（每根单纱的细度超过 43 公制支数，但不超过 52 公制支数）,
HS,3,520534,"Measuring per single yarn less than 192,31 decitex but not less than 125 decitex (exceeding 52 metric number but not exceeding 80 metric number per single yarn)",每根单纱的细度小于192.31分特但不小于125分特（每根单纱超过52公制支数但不超过80公制支数）,
HS,3,520535,Measuring per single yarn less than 125 decitex (exceeding 80 metric number per single yarn),单纱细度小于125分特（单纱超过80公制支数）,
HS,3,520541,"Measuring per single yarn 714,29 decitex or more (not exceeding 14 metric number per single yarn)","每根单纱细度为 714,29 分特或以上（每根单纱不超过 14 公制支数）",
HS,3,520542,"Measuring per single yarn less than 714,29 decitex but not less than 232,56 decitex (exceeding 14 metric number but not exceeding 43 metric number per single yarn)","每根单纱的细度小于 714,29 分特，但不小于 232,56 分特（每根单纱超过 14 公制支数，但不超过 43 公制支数）",
HS,3,520543,"Measuring per single yarn less than 232,56 decitex but not less than 192,31 decitex (exceeding 43 metric number but not exceeding 52 metric number per single yarn)",每根单纱的细度小于 232.56 分特，但不小于 192.31 分特（每根单纱的细度超过 43 公制支数，但不超过 52 公制支数）,
HS,3,520544,"Measuring per single yarn less than 192,31 decitex but not less than 125 decitex (exceeding 52 metric number but not exceeding 80 metric number per single yarn)",每根单纱的细度小于192.31分特但不小于125分特（每根单纱超过52公制支数但不超过80公制支数）,
HS,3,520545,Measuring per single yarn less than 125 decitex (exceeding 80 metric number per single yarn),单纱细度小于125分特（单纱超过80公制支数）,
HS,3,520546,"Measuring per single yarn less than 125 decitex but not less than 106,38 decitex (exceeding 80 metric number but not exceeding 94 metric number per single yarn)",每根单纱的细度小于 125 分特但不小于 106.38 分特（每根单纱超过 80 公制支数但不超过 94 公制支数）,
HS,3,520547,"Measuring per single yarn less than 106,38 decitex but not less than 83,33 decitex (exceeding 94 metric number but not exceeding 120 metric number per single yarn)","每根单纱的细度小于 106,38 分特，但不小于 83,33 分特（每根单纱的细度超过 94 公制支数，但不超过 120 公制支数）",
HS,3,520548,"Measuring per single yarn less than 83,33 decitex (exceeding 120 metric number per single yarn)","每根单纱的细度低于 83,33 分特（每根单纱的细度超过 120 公制支数）",
HS,2,5206,"Cotton yarn (other than sewing thread), containing less than 85 % by weight of cotton, not put up for retail sale.",棉纱（缝纫线除外），含棉量低于 85%（重量），非供零售用,
HS,3,520611,"Measuring 714,29 decitex or more (not exceeding 14 metric number)",细度为 714.29 分特或以上（不超过 14 公制支数）,
HS,3,520612,"Measuring less than 714,29 decitex but not less than 232,56 decitex (exceeding 14 metric number but not exceeding 43 metric number)","细度小于 714,29 分特但不小于 232,56 分特（超过 14 公制支数但不超过 43 公制支数）",
HS,3,520613,"Measuring less than 232,56 decitex but not less than 192,31 decitex (exceeding 43 metric number but not exceeding 52 metric number)",细度小于 232.56 分特但不小于 192.31 分特（超过 43 公制支数但不超过 52 公制支数）,
HS,3,520614,"Measuring less than 192,31 decitex but not less than 125 decitex (exceeding 52 metric number but not exceeding 80 metric number)",细度小于 192.31 分特但不小于 125 分特（超过 52 公制支数但不超过 80 公制支数）,
HS,3,520615,Measuring less than 125 decitex (exceeding 80 metric number),细度小于 125 分特（超过 80 公制支数）,
HS,3,520621,"Measuring 714,29 decitex or more (not exceeding 14 metric number)",细度为 714.29 分特或以上（不超过 14 公制支数）,
HS,3,520622,"Measuring less than 714,29 decitex but not less than 232,56 decitex (exceeding 14 metric number but not exceeding 43 metric number)","细度小于 714,29 分特但不小于 232,56 分特（超过 14 公制支数但不超过 43 公制支数）",
HS,3,520623,"Measuring less than 232,56 decitex but not less than 192,31 decitex (exceeding 43 metric number but not exceeding 52 metric number)",细度小于 232.56 分特但不小于 192.31 分特（超过 43 公制支数但不超过 52 公制支数）,
HS,3,520624,"Measuring less than 192,31 decitex but not less than 125 decitex (exceeding 52 metric number but not exceeding 80 metric number)",细度小于 192.31 分特但不小于 125 分特（超过 52 公制支数但不超过 80 公制支数）,
HS,3,520625,Measuring less than 125 decitex (exceeding 80 metric number),细度小于 125 分特（超过 80 公制支数）,
HS,3,520631,"Measuring per single yarn 714,29 decitex or more (not exceeding 14 metric number per single yarn)","每根单纱细度为 714,29 分特或以上（每根单纱不超过 14 公制支数）",
HS,3,520632,"Measuring per single yarn less than 714,29 decitex but not less than 232,56 decitex (exceeding 14 metric number but not exceeding 43 metric number per single yarn)","每根单纱的细度小于 714,29 分特，但不小于 232,56 分特（每根单纱超过 14 公制支数，但不超过 43 公制支数）",
HS,3,520633,"Measuring per single yarn less than 232,56 decitex but not less than 192,31 decitex (exceeding 43 metric number but not exceeding 52 metric number per single yarn)",每根单纱的细度小于 232.56 分特，但不小于 192.31 分特（每根单纱的细度超过 43 公制支数，但不超过 52 公制支数）,
HS,3,520634,"Measuring per single yarn less than 192,31 decitex but not less than 125 decitex (exceeding 52 metric number but not exceeding 80 metric number per single yarn)",每根单纱的细度小于192.31分特但不小于125分特（每根单纱超过52公制支数但不超过80公制支数）,
HS,3,520635,Measuring per single yarn less than 125 decitex (exceeding 80 metric number per single yarn),单纱细度小于125分特（单纱超过80公制支数）,
HS,3,520641,"Measuring per single yarn 714,29 decitex or more (not exceeding 14 metric number per single yarn)","每根单纱细度为 714,29 分特或以上（每根单纱不超过 14 公制支数）",
HS,3,520642,"Measuring per single yarn less than 714,29 decitex but not less than 232,56 decitex (exceeding 14 metric number but not exceeding 43 metric number per single yarn)","每根单纱的细度小于 714,29 分特，但不小于 232,56 分特（每根单纱超过 14 公制支数，但不超过 43 公制支数）",
HS,3,520643,"Measuring per single yarn less than 232,56 decitex but not less than 192,31 decitex (exceeding 43 metric number but not exceeding 52 metric number per single yarn)",每根单纱的细度小于 232.56 分特，但不小于 192.31 分特（每根单纱的细度超过 43 公制支数，但不超过 52 公制支数）,
HS,3,520644,"Measuring per single yarn less than 192,31 decitex but not less than 125 decitex (exceeding 52 metric number but not exceeding 80 metric number per single yarn)",每根单纱的细度小于192.31分特但不小于125分特（每根单纱超过52公制支数但不超过80公制支数）,
HS,3,520645,Measuring per single yarn less than 125 decitex (exceeding 80 metric number per single yarn),单纱细度小于125分特（单纱超过80公制支数）,
HS,2,5207,Cotton yarn (other than sewing thread) put up for retail sale.,用于零售的棉纱（缝纫线除外）,
HS,3,520710,Containing 85 % or more by weight of cotton,含棉量 85% 或以上,
HS,3,520790,Other,其他,
HS,2,5208,"Woven fabrics of cotton, containing 85 % or more by weight of cotton, weighing not more than 200 g/m2.",棉机织物，含棉量在 85％ 及以上，重量不超过 200 克/平方米,
HS,3,520811,"Plain weave, weighing not more than 100 g/m²",平纹，重量不超过100克/平方米,
HS,3,520812,"Plain weave, weighing more than 100 g/m²",平纹，重量超过 100 克/平方米,
HS,3,520813,"3-thread or 4-thread twill, including cross twill",线或 4 线斜纹布，包括交叉斜纹布,
HS,3,520819,Other fabrics,其他面料,
HS,3,520821,"Plain weave, weighing not more than 100 g/m²",平纹，重量不超过100克/平方米,
HS,3,520822,"Plain weave, weighing more than 100 g/m²",平纹，重量超过 100 克/平方米,
HS,3,520823,"3-thread or 4-thread twill, including cross twill",线或 4 线斜纹布，包括交叉斜纹布,
HS,3,520829,Other fabrics,其他面料,
HS,3,520831,"Plain weave, weighing not more than 100 g/m²",平纹，重量不超过100克/平方米,
HS,3,520832,"Plain weave, weighing more than 100 g/m²",平纹，重量超过 100 克/平方米,
HS,3,520833,"3-thread or 4-thread twill, including cross twill",线或 4 线斜纹布，包括交叉斜纹布,
HS,3,520839,Other fabrics,其他面料,
HS,3,520841,"Plain weave, weighing not more than 100 g/m²",平纹，重量不超过100克/平方米,
HS,3,520842,"Plain weave, weighing more than 100 g/m²",平纹，重量超过 100 克/平方米,
HS,3,520843,"3-thread or 4-thread twill, including cross twill",线或 4 线斜纹布，包括交叉斜纹布,
HS,3,520849,Other fabrics,其他面料,
HS,3,520851,"Plain weave, weighing not more than 100 g/m²",平纹，重量不超过100克/平方米,
HS,3,520852,"Plain weave, weighing more than 100 g/m²",平纹，重量超过 100 克/平方米,
HS,3,520853,"--3-thread or 4-thread twill, including cross twill",--3 线或 4 线斜纹，包括交叉斜纹,
HS,3,520859,Other fabrics,其他面料,
HS,2,5209,"Woven fabrics of cotton, containing 85 % or more by weight of cotton, weighing more than 200 g/m2.",棉机织物，含棉量在 85％ 及以上，重量超过 200 克/平方米,
HS,3,520911,Plain weave,平纹,
HS,3,520912,"3-thread or 4-thread twill, including cross twill",线或 4 线斜纹布，包括交叉斜纹布,
HS,3,520919,Other fabrics,其他面料,
HS,3,520921,Plain weave,平纹,
HS,3,520922,"3-thread or 4-thread twill, including cross twill",线或 4 线斜纹布，包括交叉斜纹布,
HS,3,520929,Other fabrics,其他面料,
HS,3,520931,Plain weave,平纹,
HS,3,520932,"3-thread or 4-thread twill, including cross twill",线或 4 线斜纹布，包括交叉斜纹布,
HS,3,520939,Other fabrics,其他面料,
HS,3,520941,Plain weave,平纹,
HS,3,520942,Denim,牛仔布,
HS,3,520943,"Other fabrics of 3-thread or 4-thread twill, including cross twill",其他三线或四线斜纹织物，包括交叉斜纹织物,
HS,3,520949,Other fabrics,其他面料,
HS,3,520951,Plain weave,平纹,
HS,3,520952,"3-thread or 4-thread twill, including cross twill",线或 4 线斜纹布，包括交叉斜纹布,
HS,3,520959,Other fabrics,其他面料,
HS,2,5210,"Woven fabrics of cotton, containing less than 85 % by weight of cotton, mixed mainly or solely with man-made fibres, weighing not more than 200 g/m2.",棉机织物，含棉重量低于 85％，主要或仅与化学纤维混纺，重量不超过 200 克/平方米,
HS,3,521011,Plain weave,平纹,
HS,3,521012,"--3-thread or 4-thread twill, including cross twill",--3 线或 4 线斜纹，包括交叉斜纹,
HS,3,521019,Other fabrics,其他面料,
HS,3,521021,Plain weave,平纹,
HS,3,521022,"--3-thread or 4-thread twill, including cross twill",--3 线或 4 线斜纹，包括交叉斜纹,
HS,3,521029,Other fabrics,其他面料,
HS,3,521031,Plain weave,平纹,
HS,3,521032,"3-thread or 4-thread twill, including cross twill",线或 4 线斜纹布，包括交叉斜纹布,
HS,3,521039,Other fabrics,其他面料,
HS,3,521041,Plain weave,平纹,
HS,3,521042,"--3-thread or 4-thread twill, including cross twill",--3 线或 4 线斜纹，包括交叉斜纹,
HS,3,521049,Other fabrics,其他面料,
HS,3,521051,Plain weave,平纹,
HS,3,521052,"--3-thread or 4-thread twill, including cross twill",--3 线或 4 线斜纹，包括交叉斜纹,
HS,3,521059,Other fabrics,其他面料,
HS,2,5211,"Woven fabrics of cotton, containing less than 85 % by weight of cotton, mixed mainly or solely with man-made fibres, weighing more than 200 g/m2.",棉机织物，含棉重量低于 85％，主要或仅与化学纤维混纺，重量超过 200 克/平方米,
HS,3,521111,Plain weave,平纹,
HS,3,521112,"3-thread or 4-thread twill, including cross twill",线或 4 线斜纹布，包括交叉斜纹布,
HS,3,521119,Other fabrics,其他面料,
HS,3,521120,Bleached,漂白,
HS,3,521121,Plain weave,平纹,
HS,3,521122,"--3-thread or 4-thread twill, including cross twill",--3 线或 4 线斜纹，包括交叉斜纹,
HS,3,521129,Other fabrics,其他面料,
HS,3,521131,Plain weave,平纹,
HS,3,521132,"3-thread or 4-thread twill, including cross twill",线或 4 线斜纹布，包括交叉斜纹布,
HS,3,521139,Other fabrics,其他面料,
HS,3,521141,Plain weave,平纹,
HS,3,521142,Denim,牛仔布,
HS,3,521143,"Other fabrics of 3-thread or 4-thread twill, including cross twill",其他三线或四线斜纹织物，包括交叉斜纹织物,
HS,3,521149,Other fabrics,其他面料,
HS,3,521151,Plain weave,平纹,
HS,3,521152,"3-thread or 4-thread twill, including cross twill",线或 4 线斜纹布，包括交叉斜纹布,
HS,3,521159,Other fabrics,其他面料,
HS,2,5212,Other woven fabrics of cotton.,其他棉机织物,
HS,3,521211,Unbleached,未漂白,
HS,3,521212,Bleached,漂白,
HS,3,521213,Dyed,染色,
HS,3,521214,Of yarns of different colours,不同颜色的纱线,
HS,3,521215,Printed,打印,
HS,3,521221,Unbleached,未漂白,
HS,3,521222,Bleached,漂白,
HS,3,521223,Dyed,染色,
HS,3,521224,Of yarns of different colours,不同颜色的纱线,
HS,3,521225,Printed,打印,
HS,1,53,OTHER VEGETABLE TEXTILE FIBRES; PAPER YARN AND WOVEN FABRICS OF PAPER YARN,其他植物纺织纤维；纸纱及纸纱机织物,
HS,2,5301,"Flax, raw or processed but not spun; flax tow and waste (including yarn waste and garnetted stock).",亚麻，原料或加工但未纺的亚麻；亚麻丝束及废料（包括废纱和回收纤维）,
HS,3,530110,"Flax, raw or retted",亚麻，生的或沤的,
HS,3,530121,Broken or scutched,破损或打毛,
HS,3,530129,Other,其他,
HS,3,530130,Flax tow and waste,亚麻丝束及废料,
HS,2,5302,"True hemp (Cannabis sativa L.), raw or processed but not spun; tow and waste of true hemp (including yarn waste and garnetted stock).",真麻（Cannabis sativa L.），未加工的或加工过的但未纺成纤维细胞的；真麻的丝束和废料（包括废纱和回收原料）,
HS,3,530210,"True hemp, raw or retted",真麻，生麻或沤麻,
HS,3,530290,Other,其他,
HS,2,5303,"Jute and other textile bast fibres (excluding flax, true hemp and ramie), raw or processed but not spun; tow and waste of these fibres (including yarn waste and garnetted stock).",黄麻及其他纺织韧皮纤维（不包括亚麻、大麻和苎麻），未经加工或经过加工但未纺成纤维；这些纤维的丝束和废料（包括废纱和回收纤维）,
HS,3,530310,"Jute and other textile bast fibres, raw or retted",黄麻及其他纺织用韧皮纤维，生的或沤的,
HS,3,530390,Other,其他,
HS,2,5304,"Sisal and other textile fibres of the genus Agave, raw or processed, but not spun; tow and waste of such fibres, incl. yarn waste and garnetted stock",剑麻及龙舌兰属的其他纺织纤维，未经加工或加工，但未纺制；此类纤维的丝束和废料，包括废纱和回收纤维,
HS,3,530410,"Sisal and other textile fibres of the genus Agave, raw",剑麻及龙舌兰属的其他纺织纤维，原料,
HS,3,530490,Other,其他,
HS,2,5305,"Coconut, abaca (Manila hemp or Musa textilis Nee), ramie and other vegetable textile fibres, not elsewhere specified or included, raw or processed but not spun; tow, noils and waste of these fibres (including yarn waste and garnetted stock).",椰子、马尼拉麻（马尼拉麻或芭蕉）、苎麻及其他未列名或未包括的植物纺织纤维，不论是原料还是加工过的但未纺成纱线；这些纤维的丝束、落纱及废料（包括废纱和回收纤维）,
HS,3,530500,"Coconut, abaca (Manila hemp or Musa textilis Nee), ramie and other vegetable textile fibres, not elsewhere specified or included, raw or processed but not spun; tow, noils and waste of these fibres (including yarn waste and garnetted stock)",椰子、马尼拉麻（马尼拉麻或芭蕉）、苎麻及其他未列名或未包括的植物纺织纤维，未经加工或未纺制；这些纤维的丝束、落棉及废料（包括废纱和回收纤维）,
HS,3,530511,Raw,生的,
HS,3,530519,Other,其他,
HS,3,530521,Raw,生的,
HS,3,530529,Other,其他,
HS,3,530590,Other,其他,
HS,3,530591,Raw,生的,
HS,3,530599,Other,其他,
HS,2,5306,Flax yarn.,亚麻纱,
HS,3,530610,Single,单身的,
HS,3,530620,Multiple (folded) or cabled,多条（折叠）或有线,
HS,2,5307,Yarn of jute or of other textile bast fibres of heading 53.03.,黄麻纱线或品目 53.03 的其他纺织韧皮纤维纱线,
HS,3,530710,Single,单身的,
HS,3,530720,Multiple (folded) or cabled,多条（折叠）或有线,
HS,2,5308,Yarn of other vegetable textile fibres; paper yarn.,其他植物纺织纤维纱线；纸纱,
HS,3,530810,Coir yarn,椰壳纱,
HS,3,530820,True hemp yarn,真麻纱,
HS,3,530830,Paper yarn,纸纱,
HS,3,530890,Other,其他,
HS,2,5309,Woven fabrics of flax.,亚麻编织的织物,
HS,3,530911,Unbleached or bleached,未漂白或漂白,
HS,3,530919,Other,其他,
HS,3,530921,Unbleached or bleached,未漂白或漂白,
HS,3,530929,Other,其他,
HS,2,5310,Woven fabrics of jute or of other textile bast fibres of heading 53.03.,黄麻或税目 53.03 的其他纺织韧皮纤维机织物,
HS,3,531010,Unbleached,未漂白,
HS,3,531090,Other,其他,
HS,2,5311,Woven fabrics of other vegetable textile fibres; woven fabrics of paper yarn.,其他植物纺织纤维机织物；纸纱机织物,
HS,3,531100,Woven fabrics of other vegetable textile fibres; woven fabrics of paper yarn,其他植物纺织纤维机织物；纸纱机织物,
HS,1,54,MAN-MADE FILAMENTS; STRIP AND THE LIKE OF MAN-MADE TEXTILE MATERIALS,化学制品长丝；化学制品扁条及类似品,
HS,2,5401,"Sewing thread of man-made filaments, whether or not put up for retail sale.",化学纤维长丝缝纫线，不论是否供零售,
HS,3,540110,Of synthetic filaments,合成纤维长丝,
HS,3,540120,Of artificial filaments,人造丝,
HS,2,5402,"Synthetic filament yarn (other than sewing thread), not put up for retail sale, including synthetic monofilament of less than 67 decitex.",非零售用合成长丝纱线（缝纫线除外），包括细度小于 67 分特的合成单丝,
HS,3,540210,High tenacity yarn of nylon or other polyamides,尼龙或其他聚酰胺的高强度纱线,
HS,3,540211,Of aramids,芳纶,
HS,3,540219,Other,其他,
HS,3,540220,"High tenacity yarn of polyesters, whether or not textured",聚酯高强力纱，不论是否变形,
HS,3,540231,"Of nylon or other polyamides, measuring per single yarn not more than 50 tex",尼龙或其他聚酰胺制成，每根单纱纤度不超过50特,
HS,3,540232,"Of nylon or other polyamides, measuring per single yarn more than 50 tex",尼龙或其他聚酰胺制成，单纱细度超过50特,
HS,3,540233,Of polyesters,聚酯纤维,
HS,3,540234,Of polypropylene,聚丙烯,
HS,3,540239,Other,其他,
HS,3,540241,Of nylon or other polyamides,尼龙或其他聚酰胺,
HS,3,540242,"Of polyesters, partially oriented",部分取向聚酯,
HS,3,540243,"Of polyesters, other",聚酯纤维、其他,
HS,3,540244,Elastomeric,弹性体,
HS,3,540245,"Other, of nylon or other polyamides",其他，尼龙或其他聚酰胺,
HS,3,540246,"Other, of polyesters, partially oriented",其他聚酯纤维，部分取向,
HS,3,540247,"Other, of polyesters",其他聚酯,
HS,3,540248,"Other, of polypropylene",其他聚丙烯,
HS,3,540249,Other,其他,
HS,3,540251,Of nylon or other polyamides,尼龙或其他聚酰胺,
HS,3,540252,Of polyesters,聚酯纤维,
HS,3,540253,Of polypropylene,聚丙烯,
HS,3,540259,Other,其他,
HS,3,540261,Of nylon or other polyamides,尼龙或其他聚酰胺,
HS,3,540262,Of polyesters,聚酯纤维,
HS,3,540263,Of polypropylene,聚丙烯,
HS,3,540269,Other,其他,
HS,2,5403,"Artificial filament yarn (other than sewing thread), not put up for retail sale, including artificial monofilament of less than 67 decitex.",非零售用人造长丝纱线（缝纫线除外），包括细度小于 67 分特的人造单丝,
HS,3,540310,High-tenacity yarn of viscose rayon,粘胶人造丝高强力纱,
HS,3,540320,Textured yarn,变形纱,
HS,3,540331,"Of viscose rayon, untwisted or with a twist not exceeding 120 turns per metre",粘胶人造丝制成，未加捻或捻度每米不超过120转,
HS,3,540332,"Of viscose rayon, with a twist exceeding 120 turns per metre",粘胶人造丝制成，捻度超过120转/米,
HS,3,540333,Of cellulose acetate,醋酸纤维素,
HS,3,540339,Other,其他,
HS,3,540341,Of viscose rayon,粘胶人造丝,
HS,3,540342,Of cellulose acetate,醋酸纤维素,
HS,3,540349,Other,其他,
HS,2,5404,"Synthetic monofilament of 67 decitex or more and of which no cross-sectional dimension exceeds 1 mm; strip and the like (for example, artificial straw) of synthetic textile materials of an apparent width not exceeding 5 mm.",纤度为 67 分特及以上的合成单丝，其横截面尺寸不超过 1 毫米；表观宽度不超过 5 毫米的合成纺织材料制成的条带及类似物（例如，人造草绳）,
HS,3,540410,Monofilament,单丝,
HS,3,540411,Elastomeric,弹性体,
HS,3,540412,"Other, of polypropylene",其他聚丙烯,
HS,3,540419,Other,其他,
HS,3,540490,Other,其他,
HS,2,5405,"Artificial monofilament of 67 decitex or more and of which no cross-sectional dimension exceeds 1 mm; strip and the like (for example, artificial straw) of artificial textile materials of an apparent width not exceeding 5 mm.",67分特及以上、横截面积不超过1毫米的人造单丝；表观宽度不超过5毫米的人造纺织材料制成的条带及类似物（例如，人造草绳）,
HS,3,540500,"Artificial monofilament of 67 decitex or more and of which no cross-sectional dimension exceeds 1 mm; strip and the like (for example, artificial straw), of artificial textile materials, of an apparent width not exceeding 5 mm",67分特及以上、横截面积不超过1毫米的人造单丝；人造纺织材料制成的条带及类似物（例如，人造草绳），表观宽度不超过5毫米,
HS,2,5406,"Man-made filament yarn (other than sewing thread), put up for retail sale.",化学长丝纱线（缝纫线除外），供零售用,
HS,3,540600,"Man-made filament yarn (other than sewing thread), put up for retail sale",化学长丝纱线（缝纫线除外），供零售用,
HS,3,540610,Synthetic filament yarn,合成长丝,
HS,3,540620,Artificial filament yarn,人造长丝,
HS,2,5407,"Woven fabrics of synthetic filament yarn, including woven fabrics obtained from materials of heading 54.04.",合成长丝纱机织织物，包括用税号 54.04 所列材料制得的机织织物,
HS,3,540710,Woven fabrics obtained from high-tenacity yarn of nylon or other polyamides or of polyesters,由尼龙或其他聚酰胺或聚酯的高强度纱线制成的机织织物,
HS,3,540720,Woven fabrics obtained from strip or the like,由条带或类似物制成的机织织物,
HS,3,540730,Fabrics specified in note 9 to Section XI,第 XI 部分注释 9 中指定的织物,
HS,3,540741,Unbleached or bleached,未漂白或漂白,
HS,3,540742,Dyed,染色,
HS,3,540743,Of yarns of different colours,不同颜色的纱线,
HS,3,540744,Printed,打印,
HS,3,540751,Unbleached or bleached,未漂白或漂白,
HS,3,540752,Dyed,染色,
HS,3,540753,Of yarns of different colours,不同颜色的纱线,
HS,3,540754,Printed,打印,
HS,3,540760,"Other woven fabrics, containing 85 % or more by weight of non-textured polyester filaments",其他机织织物，含非变形聚酯长丝重量85％及以上,
HS,3,540761,Containing 85 % or more by weight of non-textured polyester filaments,含85%或以上重量的非变形聚酯长丝,
HS,3,540769,Other,其他,
HS,3,540771,Unbleached or bleached,未漂白或漂白,
HS,3,540772,Dyed,染色,
HS,3,540773,Of yarns of different colours,不同颜色的纱线,
HS,3,540774,Printed,打印,
HS,3,540781,Unbleached or bleached,未漂白或漂白,
HS,3,540782,Dyed,染色,
HS,3,540783,Of yarns of different colours,不同颜色的纱线,
HS,3,540784,Printed,打印,
HS,3,540791,Unbleached or bleached,未漂白或漂白,
HS,3,540792,Dyed,染色,
HS,3,540793,Of yarns of different colours,不同颜色的纱线,
HS,3,540794,Printed,打印,
HS,2,5408,"Woven fabrics of artificial filament yarn, including woven fabrics obtained from materials of heading 54.05.",人造长丝纱编织的机织物，包括用税号 54.05 所列材料编织的机织物,
HS,3,540810,Woven fabrics obtained from high-tenacity yarn of viscose rayon,由粘胶人造丝高强力纱制成的机织织物,
HS,3,540821,Unbleached or bleached,未漂白或漂白,
HS,3,540822,Dyed,染色,
HS,3,540823,Of yarns of different colours,不同颜色的纱线,
HS,3,540824,Printed,打印,
HS,3,540831,Unbleached or bleached,未漂白或漂白,
HS,3,540832,Dyed,染色,
HS,3,540833,Of yarns of different colours,不同颜色的纱线,
HS,3,540834,Printed,打印,
HS,1,55,MAN-MADE STAPLE FIBRES,人造短纤维,
HS,2,5501,Synthetic filament tow.,合成长丝束,
HS,3,550110,Of nylon or other polyamides,尼龙或其他聚酰胺,
HS,3,550111,"Fibres; synthetic filament tow, of nylon or other polyamides, of aramids",纤维；尼龙或其他聚酰胺、芳纶的合成长丝束,
HS,3,550119,"Fibres; synthetic filament tow, of nylon or other polyamides, of other than aramids",纤维；尼龙或其他聚酰胺合成长丝束，芳纶除外,
HS,3,550120,Of polyesters,聚酯纤维,
HS,3,550130,Acrylic or modacrylic,腈纶或改性腈纶,
HS,3,550140,Of polypropylene,聚丙烯,
HS,3,550190,Other,其他,
HS,2,5502,Artificial filament tow.,人造长丝束,
HS,3,550200,Artificial filament tow.,人造长丝束,
HS,3,550210,Of cellulose acetate,醋酸纤维素,
HS,3,550290,Other,其他,
HS,2,5503,"Synthetic staple fibres, not carded, combed or otherwise processed for spinning.",合成短纤维，未经梳理、精梳或未经其他纺纱加工,
HS,3,550310,Of nylon or other polyamides,尼龙或其他聚酰胺,
HS,3,550311,Of aramids,芳纶,
HS,3,550319,Other,其他,
HS,3,550320,Of polyesters,聚酯纤维,
HS,3,550330,Acrylic or modacrylic,腈纶或改性腈纶,
HS,3,550340,Of polypropylene,聚丙烯,
HS,3,550390,Other,其他,
HS,2,5504,"Artificial staple fibres, not carded, combed or otherwise processed for spinning.",人造短纤维，未经梳理、精梳或未经其他纺纱加工,
HS,3,550410,Of viscose rayon,粘胶人造丝,
HS,3,550490,Other,其他,
HS,2,5505,made fibres.,制成的纤维,
HS,3,550510,Of synthetic fibres,合成纤维,
HS,3,550520,Of artificial fibres,人造纤维,
HS,2,5506,"Synthetic staple fibres, carded, combed or otherwise processed for spinning.",合成短纤维，经梳理、精梳或以其他方式加工以供纺纱,
HS,3,550610,Of nylon or other polyamides,尼龙或其他聚酰胺,
HS,3,550620,Of polyesters,聚酯纤维,
HS,3,550630,Acrylic or modacrylic,腈纶或改性腈纶,
HS,3,550640,Of polypropylene,聚丙烯,
HS,3,550690,Other,其他,
HS,2,5507,"Artificial staple fibres, carded, combed or otherwise processed for spinning.",人造短纤维，已梳理、精梳或以其他方式加工以供纺纱,
HS,3,550700,"Artificial staple fibres, carded, combed or otherwise processed for spinning",人造短纤维，已梳理、精梳或以其他方式加工以供纺纱,
HS,2,5508,"Sewing thread of man-made staple fibres, whether or not put up for retail sale.",人造纤维短纤缝纫线，不论是否供零售,
HS,3,550810,Of synthetic staple fibres,合成短纤维,
HS,3,550820,Of artificial staple fibres,人造短纤维,
HS,2,5509,"Yarn (other than sewing thread) of synthetic staple fibres, not put up for retail sale.",非零售用合成短纤维纱线（缝纫线除外）,
HS,3,550911,Single yarn,单纱,
HS,3,550912,Multiple (folded) or cabled yarn,多股（合股）纱或缆线纱,
HS,3,550921,Single yarn,单纱,
HS,3,550922,Multiple (folded) or cabled yarn,多股（合股）纱或缆线纱,
HS,3,550931,Single yarn,单纱,
HS,3,550932,Multiple (folded) or cabled yarn,多股（合股）纱或缆线纱,
HS,3,550941,Single yarn,单纱,
HS,3,550942,Multiple (folded) or cabled yarn,多股（合股）纱或缆线纱,
HS,3,550951,Mixed mainly or solely with artificial staple fibres,主要或单独与人造短纤维混合,
HS,3,550952,Mixed mainly or solely with wool or fine animal hair,主要或仅与羊毛或细动物毛混合,
HS,3,550953,Mixed mainly or solely with cotton,主要或单独与棉混合,
HS,3,550959,Other,其他,
HS,3,550961,Mixed mainly or solely with wool or fine animal hair,主要或仅与羊毛或细动物毛混合,
HS,3,550962,Mixed mainly or solely with cotton,主要或单独与棉混合,
HS,3,550969,Other,其他,
HS,3,550991,Mixed mainly or solely with wool or fine animal hair,主要或仅与羊毛或细动物毛混合,
HS,3,550992,Mixed mainly or solely with cotton,主要或单独与棉混合,
HS,3,550999,Other,其他,
HS,2,5510,"Yarn (other than sewing thread) of artificial staple fibres, not put up for retail sale.",非零售用人造短纤维纱线（缝纫线除外）,
HS,3,551011,Single yarn,单纱,
HS,3,551012,Multiple (folded) or cabled yarn,多股（合股）纱或缆线纱,
HS,3,551020,"Other yarn, mixed mainly or solely with wool or fine animal hair",其他纱线，主要或仅与羊毛或动物细毛混纺,
HS,3,551030,"Other yarn, mixed mainly or solely with cotton",其他纱线，主要或仅与棉混纺,
HS,3,551090,Other yarn,其他纱线,
HS,2,5511,"Yarn (other than sewing thread) of man-made staple fibres, put up for retail sale.",供零售用的人造短纤维纱线（缝纫线除外）,
HS,3,551110,"Of synthetic staple fibres, containing 85 % or more by weight of such fibres",合成短纤维制成，按重量计含85％或以上此类纤维,
HS,3,551120,"Of synthetic staple fibres, containing less than 85 % by weight of such fibres",合成短纤维制成，按重量计含合成短纤维少于 85%,
HS,3,551130,Of artificial staple fibres,人造短纤维,
HS,2,5512,"Woven fabrics of synthetic staple fibres, containing 85 % or more by weight of synthetic staple fibres.",合成短纤维机织织物，其中合成短纤维重量含量为 85％ 及以上,
HS,3,551211,Unbleached or bleached,未漂白或漂白,
HS,3,551219,Other,其他,
HS,3,551221,Unbleached or bleached,未漂白或漂白,
HS,3,551229,Other,其他,
HS,3,551291,Unbleached or bleached,未漂白或漂白,
HS,3,551299,Other,其他,
HS,2,5513,"Woven fabrics of synthetic staple fibres, containing less than 85 % by weight of such fibres, mixed mainly or solely with cotton, of a weight not exceeding 170 g/m².",合成短纤维机织织物，含合成短纤维重量低于 85％，主要或仅与棉混纺，重量不超过 170 克/平方米,
HS,3,551311,"Of polyester staple fibres, plain weave",涤纶短纤维，平纹编织,
HS,3,551312,"3-thread or 4-thread twill, including cross twill, of polyester staple fibres",涤纶短纤维制3股或4股斜纹布（包括交叉斜纹布）,
HS,3,551313,Other woven fabrics of polyester staple fibres,其他聚酯短纤机织物,
HS,3,551319,Other woven fabrics,其他机织物,
HS,3,551321,"Of polyester staple fibres, plain weave",涤纶短纤维，平纹编织,
HS,3,551322,"--3-thread or 4-thread twill, including cross twill, of polyester staple fibres",--涤纶短纤维制3股或4股斜纹布，包括交叉斜纹布,
HS,3,551323,Other woven fabrics of polyester staple fibres,其他聚酯短纤机织物,
HS,3,551329,Other woven fabrics,其他机织物,
HS,3,551331,"Of polyester staple fibres, plain weave",涤纶短纤维，平纹编织,
HS,3,551332,"--3-thread or 4-thread twill, including cross twill, of polyester staple fibres",--涤纶短纤维制3股或4股斜纹布，包括交叉斜纹布,
HS,3,551333,Other woven fabrics of polyester staple fibres,其他聚酯短纤机织物,
HS,3,551339,Other woven fabrics,其他机织物,
HS,3,551341,"Of polyester staple fibres, plain weave",涤纶短纤维，平纹编织,
HS,3,551342,"--3-thread or 4-thread twill, including cross twill, of polyester staple fibres",--涤纶短纤维制3股或4股斜纹布，包括交叉斜纹布,
HS,3,551343,Other woven fabrics of polyester staple fibres,其他聚酯短纤机织物,
HS,3,551349,Other woven fabrics,其他机织物,
HS,2,5514,"Woven fabrics of synthetic staple fibres, containing less than 85 % by weight of such fibres, mixed mainly or solely with cotton, of a weight exceeding 170 g/m².",合成短纤维机织织物，含合成短纤维重量未达 85％，主要或仅与棉混纺，重量超过 170 克/平方米,
HS,3,551411,"Of polyester staple fibres, plain weave",涤纶短纤维，平纹编织,
HS,3,551412,"3-thread or 4-thread twill, including cross twill, of polyester staple fibres",涤纶短纤维制3股或4股斜纹布（包括交叉斜纹布）,
HS,3,551413,Other woven fabrics of polyester staple fibres,其他聚酯短纤机织物,
HS,3,551419,Other woven fabrics,其他机织物,
HS,3,551421,"Of polyester staple fibres, plain weave",涤纶短纤维，平纹编织,
HS,3,551422,"3-thread or 4-thread twill, including cross twill, of polyester staple fibres",涤纶短纤维制3股或4股斜纹布（包括交叉斜纹布）,
HS,3,551423,Other woven fabrics of polyester staple fibres,其他聚酯短纤机织物,
HS,3,551429,Other woven fabrics,其他机织物,
HS,3,551430,Of yarns of different colours,不同颜色的纱线,
HS,3,551431,"Of polyester staple fibres, plain weave",涤纶短纤维，平纹编织,
HS,3,551432,"--3-thread or 4-thread twill, including cross twill, of polyester staple fibres",--涤纶短纤维制3股或4股斜纹布，包括交叉斜纹布,
HS,3,551433,Other woven fabrics of polyester staple fibres,其他聚酯短纤机织物,
HS,3,551439,Other woven fabrics,其他机织物,
HS,3,551441,"Of polyester staple fibres, plain weave",涤纶短纤维，平纹编织,
HS,3,551442,"3-thread or 4-thread twill, including cross twill, of polyester staple fibres",涤纶短纤维制3股或4股斜纹布（包括交叉斜纹布）,
HS,3,551443,Other woven fabrics of polyester staple fibres,其他聚酯短纤机织物,
HS,3,551449,Other woven fabrics,其他机织物,
HS,2,5515,Other woven fabrics of synthetic staple fibres.,其他合成纤维短纤机织物,
HS,3,551511,Mixed mainly or solely with viscose rayon staple fibres,主要或单独与粘胶人造丝短纤维混合,
HS,3,551512,Mixed mainly or solely with man-made filaments,主要或单独与化学纤维长丝混合,
HS,3,551513,Mixed mainly or solely with wool or fine animal hair,主要或仅与羊毛或细动物毛混合,
HS,3,551519,Other,其他,
HS,3,551521,Mixed mainly or solely with man-made filaments,主要或单独与化学纤维长丝混合,
HS,3,551522,Mixed mainly or solely with wool or fine animal hair,主要或仅与羊毛或细动物毛混合,
HS,3,551529,Other,其他,
HS,3,551591,Mixed mainly or solely with man-made filaments,主要或单独与化学纤维长丝混合,
HS,3,551592,Mixed mainly or solely with wool or fine animal hair,主要或仅与羊毛或细动物毛混合,
HS,3,551599,Other,其他,
HS,2,5516,Woven fabrics of artificial staple fibres.,人造短纤维编织的织物,
HS,3,551611,Unbleached or bleached,未漂白或漂白,
HS,3,551612,Dyed,染色,
HS,3,551613,Of yarns of different colours,不同颜色的纱线,
HS,3,551614,Printed,打印,
HS,3,551621,Unbleached or bleached,未漂白或漂白,
HS,3,551622,Dyed,染色,
HS,3,551623,Of yarns of different colours,不同颜色的纱线,
HS,3,551624,Printed,打印,
HS,3,551631,Unbleached or bleached,未漂白或漂白,
HS,3,551632,Dyed,染色,
HS,3,551633,Of yarns of different colours,不同颜色的纱线,
HS,3,551634,Printed,打印,
HS,3,551641,Unbleached or bleached,未漂白或漂白,
HS,3,551642,Dyed,染色,
HS,3,551643,Of yarns of different colours,不同颜色的纱线,
HS,3,551644,Printed,打印,
HS,3,551691,Unbleached or bleached,未漂白或漂白,
HS,3,551692,Dyed,染色,
HS,3,551693,Of yarns of different colours,不同颜色的纱线,
HS,3,551694,Printed,打印,
HS,1,56,"WADDING, FELT AND NONWOVENS; SPECIAL YARNS; TWINE, CORDAGE, ROPES AND CABLES AND ARTICLES THEREOF",絮片、毛毡及无纺布；特种纱线；线、绳、缆、索及其制品,
HS,2,5601,"Wadding of textile materials and articles thereof; textile fibres, not exceeding 5 mm in length (flock), textile dust and mill neps.",纺织材料絮片及其制品；长度不超过 5 毫米的纺织纤维（绒毛）、纺织粉末及纺织棉结,
HS,3,560110,"Sanitary towels and tampons, napkins and napkin liners for babies and similar sanitary articles, of wadding",卫生巾、卫生棉条、婴儿尿布、尿布衬垫及类似卫生用品，由填料制成,
HS,3,560121,Of cotton,棉花,
HS,3,560122,Of man-made fibres,人造纤维,
HS,3,560129,Other,其他,
HS,3,560130,Textile flock and dust and mill neps,纺织绒毛、灰尘和棉结,
HS,2,5602,"Felt, whether or not impregnated, coated, covered or laminated.",毛毡，不论是否浸渍、涂层、覆盖或层压,
HS,3,560210,Needleloom felt and stitch-bonded fibre fabrics,针刺毡和缝编纤维织物,
HS,3,560221,Of wool or fine animal hair,羊毛或细动物毛,
HS,3,560229,Of other textile materials,其他纺织材料,
HS,3,560290,Other,其他,
HS,2,5603,"Nonwovens, whether or not impregnated, coated, covered or laminated.",无纺布，不论是否浸渍、涂层、覆盖或层压,
HS,3,560300,"Nonwovens, whether or not impregnated, coated, covered or laminated",无纺布，不论是否浸渍、涂层、覆盖或层压,
HS,3,560311,Weighing not more than 25 g/m²,重量不超过25克/平方米,
HS,3,560312,Weighing more than 25 g/m² but not more than 70 g/m²,重量超过 25 克/平方米但不超过 70 克/平方米,
HS,3,560313,Weighing more than 70 g/m² but not more than 150 g/m²,重量超过 70 克/平方米但不超过 150 克/平方米,
HS,3,560314,Weighing more than 150 g/m²,重量超过 150 克/平方米,
HS,3,560391,Weighing not more than 25 g/m²,重量不超过25克/平方米,
HS,3,560392,Weighing more than 25 g/m² but not more than 70 g/m²,重量超过 25 克/平方米但不超过 70 克/平方米,
HS,3,560393,Weighing more than 70 g/m² but not more than 150 g/m²,重量超过 70 克/平方米但不超过 150 克/平方米,
HS,3,560394,Weighing more than 150 g/m²,重量超过 150 克/平方米,
HS,2,5604,"Rubber thread and cord, textile covered; textile yarn, and strip and the like of heading 54.04 or 54.05, impregnated, coated, covered or sheathed with rubber or plastics.",橡胶线及绳索，纺织品包覆；纺织纱线，以及税目 54.04 或 54.05 的扁条及类似品，用橡胶或塑料浸渍、涂覆、包覆或护套,
HS,3,560410,"Rubber thread and cord, textile covered",橡胶线和绳索，纺织品包覆,
HS,3,560420,"High tenacity yarn of polyesters, of nylon or other polyamides or of viscose rayon, impregnated or coated",聚酯、尼龙或其他聚酰胺或粘胶人造丝的高强度纱线，经浸渍或涂层,
HS,3,560490,Other,其他,
HS,2,5605,"Metallised yarn, whether or not gimped, being textile yarn, or strip or the like of heading 54.04 or 54.05, combined with metal in the form of thread, strip or powder or covered with metal.",含金属纱线，不论是否螺旋花线，为纺织纱线，或品目54.04或54.05的扁条或类似物，以线状、扁条或粉末状与金属结合，或以金属包覆,
HS,3,560500,"Metallised yarn, whether or not gimped, being textile yarn, or strip or the like of heading 5404 or 5405, combined with metal in the form of thread, strip or powder or covered with metal",金属化纱线，不论是否绞合，为纺织纱线，或品目 5404 或 5405 的带状或类似物，以线状、带状或粉末状与金属结合，或以金属包覆,
HS,2,5606,yarn.,纱,
HS,3,560600,"Gimped yarn, and strip and the like of heading 5404 or 5405, gimped (other than those of heading 5605 and gimped horsehair yarn); chenille yarn (including flock chenille yarn); loop wale-yarn",粗花松木纱线，以及品目 5404 或 5405 的扁条及类似品，带有粗花松木纱线（品目 5605 的扁条及马毛粗花松木纱线除外）；雪尼尔纱（包括植绒雪尼尔纱）；纵行起圈纱,
HS,2,5607,"Twine, cordage, ropes and cables, whether or not plaited or braided and whether or not impregnated, coated, covered or sheathed with rubber or plastics.",线绳、绳索、索及缆，不论是否编结或编织，也不论是否用橡胶或塑料浸渍、涂布、包覆或套覆,
HS,3,560710,Of jute or other textile bast fibres of heading 53.03,黄麻或品目53.03的其他纺织韧皮纤维,
HS,3,560721,Binder or baler twine,捆扎绳或打包绳,
HS,3,560729,Other,其他,
HS,3,560730,Of abaca (Manila hemp or Musa textilis Nee) or other hard (leaf) fibres,麻蕉（马尼拉麻或芭蕉）或其他硬质（叶）纤维,
HS,3,560741,Binder or baler twine,捆扎绳或打包绳,
HS,3,560749,Other,其他,
HS,3,560750,Of other synthetic fibres,其他合成纤维,
HS,3,560790,Other,其他,
HS,2,5608,"Knotted netting of twine, cordage or rope; made up fishing nets and other made up nets, of textile materials.",用线、绳或索制成的结网；用纺织材料制成的渔网和其他网,
HS,3,560811,Made-up fishing nets,自制渔网,
HS,3,560819,Other,其他,
HS,3,560890,Other,其他,
HS,2,5609,"Articles of yarn, strip or the like of heading 54.04 or 54.05, twine, cordage, rope or cables, not elsewhere specified or included.",品目 54.04 或 54.05 的纱线、扁条或类似物制品，以及未在其他税目中列明或包括的线、绳、索或缆,
HS,3,560900,"Articles of yarn, strip or the like of heading 5404 or 5405, twine, cordage, rope or cables, not elsewhere specified or included",未在其他类别中列明或包括的纱线、带子或类似物制品，细绳、绳索、缆绳，或品目 5404 或 5405 的物品,
HS,1,57,CARPETS AND OTHER TEXTILE FLOOR COVERINGS,地毯和其他纺织地板覆盖物,
HS,2,5701,"Carpets and other textile floor coverings, knotted, whether or not made up.",地毯及其他纺织地板覆盖物，打结的，不论是否制成,
HS,3,570110,Of wool or fine animal hair,羊毛或细动物毛,
HS,3,570190,Of other textile materials,其他纺织材料,
HS,2,5702,"Carpets and other textile floor coverings, woven, not tufted or flocked, whether or not made up, including “Kelem”, “Schumacks”, “Karamanie” and similar hand-woven rugs.",机织地毯及其他纺织地板覆盖物，非簇绒或非植绒，不论是否制成，包括“Kelem”、“Schumacks”、“Karamanie”和类似的手工编织地毯,
HS,3,570210,"‘Kelem’, ‘Schumacks’, ‘Karamanie’ and similar hand-woven rugs",“Kelem”、“Schumacks”、“Karamanie”及类似的手工编织地毯,
HS,3,570220,Floor coverings of coconut fibres (coir),椰子纤维（椰壳纤维）地板覆盖物,
HS,3,570231,Of wool or fine animal hair,羊毛或细动物毛,
HS,3,570232,Of man-made textile materials,人造纺织材料,
HS,3,570239,Of other textile materials,其他纺织材料,
HS,3,570241,Of wool or fine animal hair,羊毛或细动物毛,
HS,3,570242,Of man-made textile materials,人造纺织材料,
HS,3,570249,Of other textile materials,其他纺织材料,
HS,3,570250,"Other, not of pile construction, not made up",其他，非桩结构，未组装,
HS,3,570251,Of wool or fine animal hair,羊毛或细动物毛,
HS,3,570252,Of man-made textile materials,人造纺织材料,
HS,3,570259,Of other textile materials,其他纺织材料,
HS,3,570291,Of wool or fine animal hair,羊毛或细动物毛,
HS,3,570292,Of man-made textile materials,人造纺织材料,
HS,3,570299,Of other textile materials,其他纺织材料,
HS,2,5703,"Carpets and other textile floor coverings, tufted, whether or not made up.",簇绒地毯及其他纺织地板覆盖物，不论是否制成,
HS,3,570310,Of wool or fine animal hair,羊毛或细动物毛,
HS,3,570320,Of nylon or other polyamides,尼龙或其他聚酰胺,
HS,3,570321,"Carpets and other textile floor coverings; tufted, of nylon or other polyamides, whether or not made up",地毯及其他纺织地板覆盖物；簇绒，尼龙或其他聚酰胺，不论是否制成,
HS,3,570329,"Carpets; tufted, of nylon or other polyamides, whether or not made up",地毯；簇绒，尼龙或其他聚酰胺，不论是否制成,
HS,3,570330,Of other man-made textile materials,其他人造纺织材料,
HS,3,570331,"Carpets and other textile floor coverings; tufted, of other man-made textile materials (other than polyamides), whether or not made up",地毯和其他纺织地板覆盖物；簇绒，其他人造纺织材料（聚酰胺除外），不论是否制成,
HS,3,570339,"Carpets; tufted, of man-made textile materials (other than polyamides), whether of not made up",地毯；簇绒，人造纺织材料（聚酰胺除外），不论是否制成,
HS,3,570390,Of other textile materials,其他纺织材料,
HS,2,5704,"Carpets and other textile floor coverings, of felt, not tufted or flocked, whether or not made up.",毛毡地毯及其他纺织物铺地制品，非簇绒或非植绒，不论是否制成,
HS,3,570410,"Tiles, having a maximum surface area of 0,3 m²",瓷砖，最大表面积为 0.3 平方米,
HS,3,570420,"Tiles, having a maximum surface area exceeding 0,3 m², but not exceeding 1 m²",瓷砖，最大表面积超过 0.3 平方米，但不超过 1 平方米,
HS,3,570490,Other,其他,
HS,2,5705,"Other carpets and other textile floor coverings, whether or not made up.",其他地毯及其他纺织地板覆盖物，不论是否制成,
HS,3,570500,"Other carpets and other textile floor coverings, whether or not made up",其他地毯及其他纺织地板覆盖物，不论是否制成,
HS,1,58,SPECIAL WOVEN FABRICS; TUFTED TEXTILE FABRICS; LACE; TAPESTRIES; TRIMMINGS; EMBROIDERY,特种机织织物；簇绒纺织物；蕾丝；挂毯；饰物；刺绣,
HS,2,5801,"Woven pile fabrics and chenille fabrics, other than fabrics of heading 58.02 or 58.06.",机织绒头织物及雪尼尔织物，但税目 58.02 或 58.06 的织物除外,
HS,3,580110,Of wool or fine animal hair,羊毛或细动物毛,
HS,3,580121,Uncut weft pile fabrics,未切割纬绒织物,
HS,3,580122,Cut corduroy,剪灯芯绒,
HS,3,580123,Other weft pile fabrics,其他纬编绒织物,
HS,3,580124,"Warp pile fabrics, épinglé (uncut)",经编起绒织物，épinglé（未切割）,
HS,3,580125,"Warp pile fabrics, cut",经编绒布，切割,
HS,3,580126,Chenille fabrics,雪尼尔面料,
HS,3,580127,Warp pile fabrics,经编绒织物,
HS,3,580131,Uncut weft pile fabrics,未切割纬绒织物,
HS,3,580132,Cut corduroy,剪灯芯绒,
HS,3,580133,Other weft pile fabrics,其他纬编绒织物,
HS,3,580134,"Warp pile fabrics, épinglé (uncut)",经编起绒织物，épinglé（未切割）,
HS,3,580135,"Warp pile fabrics, cut",经编绒布，切割,
HS,3,580136,Chenille fabrics,雪尼尔面料,
HS,3,580137,Warp pile fabrics,经编绒织物,
HS,3,580190,Of other textile materials,其他纺织材料,
HS,2,5802,"Terry towelling and similar woven terry fabrics, other than narrow fabrics of heading 58.06; tufted textile fabrics, other than products of heading 57.03.",毛巾布及类似的机织毛巾布，但税目 58.06 的窄幅织物除外；簇绒纺织物，但税目 57.03 的产品除外,
HS,3,580210,"Fabrics; terry towelling and similar woven terry fabrics, of cotton, whether bleached or unbleached, excluding narrow fabrics of heading no. 5806",织物；毛巾布及类似的机织毛巾布，棉制，不论漂白或未漂白，但不包括税号 5806 的窄幅织物,
HS,3,580211,Unbleached,未漂白,
HS,3,580219,Other,其他,
HS,3,580220,"Terry towelling and similar woven terry fabrics, of other textile materials",其他纺织材料制毛巾布及类似的毛圈织物,
HS,3,580230,Tufted textile fabrics,簇绒纺织面料,
HS,2,5803,"Gauze, other than narrow fabrics of heading 58.06.",纱布，但税目 58.06 的窄幅织物除外,
HS,3,580300,"Gauze, other than narrow fabrics of heading 5806",纱布，除税目 5806 的窄幅织物外,
HS,3,580310,Of cotton,棉花,
HS,3,580390,Of other textile materials,其他纺织材料,
HS,2,5804,"Tulles and other net fabrics, not including woven, knitted or crocheted fabrics; lace in the piece, in strips or in motifs, other than fabrics of headings 60.02 to 60.06.",薄纱及其他网状织物，不包括机织、针织或钩编织物；成片、成条或成块的花边，但税目 60.02 至 60.06 的织物除外,
HS,3,580410,Tulles and other net fabrics,薄纱和其他网状织物,
HS,3,580421,Of man-made fibres,人造纤维,
HS,3,580429,Of other textile materials,其他纺织材料,
HS,3,580430,Handmade lace,手工蕾丝,
HS,2,5805,"Hand-woven tapestries of the type Gobelins, Flanders, Aubusson, Beauvais and the like, and needle-worked tapestries (for example, petit point, cross stitch), whether or not made up.",戈布兰、佛兰德斯、奥比松、博韦等类型的手工编织挂毯，以及针织挂毯（例如，小针绣、十字绣），不论是否制成,
HS,3,580500,"Hand-woven tapestries of the type Gobelins, Flanders, Aubusson, Beauvais and the like, and needle-worked tapestries (for example, petit point, cross stitch), whether or not made up",戈布兰、弗兰德斯、奥比松、博韦等类型的手工编织挂毯，以及针织挂毯（例如，小针绣、十字绣），不论是否制成,
HS,2,5806,"Narrow woven fabrics, other than goods of heading 58.07; narrow fabrics consisting of warp without weft assembled by means of an adhesive (bolducs).",窄幅机织物，但税目 58.07 的货品除外；由经线组成而无纬线并通过粘合剂组装的窄幅机织物（bolducs）,
HS,3,580610,Woven pile fabrics (including terry towelling and similar terry fabrics) and chenille fabrics,机织绒头织物（包括毛巾布和类似的毛巾布）和雪尼尔织物,
HS,3,580620,"Other woven fabrics, containing by weight 5 % or more of elastomeric yarn or rubber thread",其他机织物，按重量计含有5％及以上的弹性纱或橡胶线,
HS,3,580631,Of cotton,棉花,
HS,3,580632,Of man-made fibres,人造纤维,
HS,3,580639,Of other textile materials,其他纺织材料,
HS,3,580640,Fabrics consisting of warp without weft assembled by means of an adhesive (bolducs),由经线和纬线组成的织物，通过粘合剂组装而成（bolducs）,
HS,2,5807,"Labels, badges and similar articles of textile materials, in the piece, in strips or cut to shape or size, not embroidered.",标签、徽章及类似品，由纺织材料制成，成片、成条或裁剪成一定形状或尺寸，未经刺绣,
HS,3,580710,Woven,编织,
HS,3,580790,Other,其他,
HS,2,5808,"Braids in the piece; ornamental trimmings in the piece, without embroidery, other than knitted or crocheted; tassels, pompons and similar articles.",衣服上的辫子；衣服上的装饰边饰，非刺绣，针织或钩编的除外；流苏、绒球及类似物品,
HS,3,580810,"Braids, in the piece",辫子，在作品中,
HS,3,580890,Other,其他,
HS,2,5809,"Woven fabrics of metal thread and woven fabrics of metallised yarn of heading 56.05, of a kind used in apparel, as furnishing fabrics or for similar purposes, not elsewhere specified or included.",品目 56.05 的金属线机织织物及金属化纱机织织物，用于服装、装饰用织物或类似用途，未在其他地方列明或包括,
HS,3,580900,"Woven fabrics of metal thread and woven fabrics of metallised yarn of heading 5605, of a kind used in apparel, as furnishing fabrics or for similar purposes, not elsewhere specified or included",金属线编织的织物和标题5605的金属化纱线编织的织物，用于服装，作为家具织物或用于类似用途，未在其他地方指定或包括,
HS,2,5810,"Embroidery in the piece, in strips or in motifs.",以片状、条纹或图案形式进行刺绣,
HS,3,581010,Embroidery without visible ground,无底绣,
HS,3,581091,Of cotton,棉花,
HS,3,581092,Of man-made fibres,人造纤维,
HS,3,581099,Of other textile materials,其他纺织材料,
HS,2,5811,"Quilted textile products in the piece, composed of one or more layers of textile materials assembled with padding by stitching or otherwise, other than embroidery of heading 58.10.",成片绗缝纺织品，由一层或多层纺织材料通过缝合或其他方式与衬垫组装而成，但税目 58.10 的刺绣除外,
HS,3,581100,"Quilted textile products in the piece, composed of one or more layers of textile materials assembled with padding by stitching or otherwise, other than embroidery of heading 5810",成片绗缝纺织品，由一层或多层纺织材料通过缝合或其他方式与衬垫组装而成，但税目 5810 的刺绣除外,
HS,1,59,"IMPREGNATED, COATED, COVERED OR LAMINATED TEXTILE FABRICS; TEXTILE ARTICLES OF A KIND SUITABLE FOR INDUSTRIAL USE",浸渍、涂层、包覆或层压纺织物；适合工业用途的纺织制品,
HS,2,5901,"Textile fabrics coated with gum or amylaceous substances, of a kind used for the outer covers of books or the like; tracing cloth; prepared painting canvas; buckram and similar stiffened textile fabrics of a kind used for hat foundations.",涂有树胶或淀粉质物质的纺织物，用于书籍或类似物的封面；描图纸；准备好的油画布；硬麻布及类似的硬化纺织物，用于制作帽底,
HS,3,590110,"Textile fabrics coated with gum or amylaceous substances, of a kind used for the outer covers of books or the like",涂有树胶或淀粉质物质的纺织织物，用于书籍或类似物的封面,
HS,3,590190,Other,其他,
HS,2,5902,"Tyre cord fabric of high tenacity yarn of nylon or other polyamides, polyesters or viscose rayon.",采用尼龙或其他聚酰胺、聚酯或粘胶人造丝的高强度纱线制成的轮胎帘子布,
HS,3,590210,Of nylon or other polyamides,尼龙或其他聚酰胺,
HS,3,590220,Of polyesters,聚酯纤维,
HS,3,590290,Other,其他,
HS,2,5903,"Textile fabrics impregnated, coated, covered or laminated with plastics, other than those of heading 59.02.",用塑料浸渍、涂布、包覆或层压的纺织织物，但税目 59.02 的货品除外,
HS,3,590310,With poly(vinyl chloride),含聚氯乙烯,
HS,3,590320,With polyurethane,采用聚氨酯,
HS,3,590390,Other,其他,
HS,2,5904,"Linoleum, whether or not cut to shape; floor coverings consisting of a coating or covering applied on a textile backing, whether or not cut to shape.",油毡，无论是否切割成形；由在纺织背衬上施加的涂层或覆盖物组成的地板覆盖物，无论是否切割成形,
HS,3,590410,Linoleum,油布,
HS,3,590490,Other,其他,
HS,3,590491,With a base consisting of needleloom felt or nonwovens,以针织毡或无纺布为基底,
HS,3,590492,With other textile base,与其他纺织基地,
HS,2,5905,Textile wall coverings.,纺织墙面覆盖物,
HS,3,590500,Textile wall coverings,纺织墙面覆盖物,
HS,2,5906,"Rubberised textile fabrics, other than those of heading 59.02.",橡胶处理纺织物，但税目 59.02 的货品除外,
HS,3,590610,Adhesive tape of a width not exceeding 20 cm,宽度不超过20厘米的胶带,
HS,3,590691,Knitted or crocheted,针织或钩编,
HS,3,590699,Other,其他,
HS,2,5907,"Textile fabrics otherwise impregnated, coated or covered; painted canvas being theatrical scenery, studio back-cloths or the like.",以其他方式浸渍、涂覆或覆盖的纺织织物；用于戏剧布景、工作室背景布或类似物的彩绘帆布,
HS,3,590700,"Textile fabrics otherwise impregnated, coated or covered; painted canvas being theatrical scenery, studio backcloths or the like",以其他方式浸渍、涂层或覆盖的纺织织物；用于戏剧布景、工作室背景布或类似物的彩绘帆布,
HS,2,5908,"Textile wicks, woven, plaited or knitted , for lamps, stoves, lighters, candles or the like; incandescent gas mantles and tubular knitted gas mantle fabric therefor, whether or not impregnated.",用于灯、炉、打火机、蜡烛或类似物的纺织灯芯，机织、编织或针织；白炽气罩及用于白炽气罩的管状针织气罩织物，不论是否浸渍,
HS,3,590800,"Textile wicks, woven, plaited or knitted, for lamps, stoves, lighters, candles or the like; incandescent gas mantles and tubular knitted gas-mantle fabric therefor, whether or not impregnated",用于灯、炉、打火机、蜡烛或类似物的纺织灯芯，编织、编结或针织；白炽气罩及其管状针织气罩织物，不论是否浸渍,
HS,2,5909,"Textile hosepiping and similar textile tubing, with or without lining, armour or accessories of other materials.",纺织物软管及类似的纺织物管，无论有无衬里、铠装或其他材料的附件,
HS,3,590900,"Textile hosepiping and similar textile tubing, with or without lining, armour or accessories of other materials",纺织物软管及类似的纺织物管，无论有无衬里、铠装或其他材料配件,
HS,2,5910,"Transmission or conveyor belts or belting, of textile material, whether or not impregnated, coated, covered or laminated with plastics, or reinforced with metal or other material.",传动带或传送带或传送带，由纺织材料制成，不论是否用塑料浸渍、涂覆、覆盖或层压，或用金属或其他材料加固,
HS,3,591000,"Transmission or conveyor belts or belting, of textile material, whether or not impregnated, coated, covered or laminated with plastics, or reinforced with metal or other material",纺织材料制成的传动带或传送带或皮带，不论是否用塑料浸渍、涂层、覆盖或层压，或用金属或其他材料加固,
HS,2,5911,"Textile products and articles, for technical uses, specified in Note 7 to this Chapter.",本章注释7所列的技术用途纺织产品及制品,
HS,3,591110,"Textile fabrics, felt and felt-lined woven fabrics, coated, covered or laminated with rubber, leather or other material, of a kind used for card clothing, and similar fabrics of a kind used for other technical purposes, including narrow fabrics made of",纺织织物、毡和毡衬机织物，用橡胶、皮革或其他材料涂覆、覆盖或层压，用于针布，以及用于其他技术用途的类似织物，包括用橡胶、皮革或其他材料涂覆、覆盖或层压的窄幅织物,
HS,3,591120,"Bolting cloth, whether or not made up",筛布，无论是否制成,
HS,3,591131,Weighing less than 650 g/m²,重量小于 650 克/平方米,
HS,3,591132,Weighing 650 g/m² or more,重量为 650 g/m² 或以上,
HS,3,591140,"Straining cloth of a kind used in oil-presses or the like, including that of human hair",用于榨油机或类似设备的滤布，包括人发滤布,
HS,3,591190,Other,其他,
HS,1,60,KNITTED OR CROCHETED FABRICS,针织或钩编织物,
HS,2,6001,"Pile fabrics, including “long pile” fabrics and terry fabrics, knitted or crocheted.",绒头织物，包括“长绒头”织物和毛圈织物，针织或钩编,
HS,3,600110,‘Long pile’ fabrics,“长绒”面料,
HS,3,600121,Of cotton,棉花,
HS,3,600122,Of man-made fibres,人造纤维,
HS,3,600129,Of other textile materials,其他纺织材料,
HS,3,600191,Of cotton,棉花,
HS,3,600192,Of man-made fibres,人造纤维,
HS,3,600199,Of other textile materials,其他纺织材料,
HS,2,6002,"Knitted or crocheted fabrics of a width not exceeding 30 cm, containing by weight 5 % or more of elastomeric yarn or rubber thread, other than those of heading 60.01.",宽度不超过 30 厘米的针织物或钩编织物，按重量计含有 5％ 及以上的弹性纱或橡胶线，但税目 60.01 的货品除外,
HS,3,600210,"Of a width not exceeding 30 cm, containing by weight 5 % or more of elastomeric yarn or rubber thread",宽度不超过30厘米，按重量计含有5％或更多的弹性纱或橡胶线,
HS,3,600220,"Other, of a width not exceeding 30 cm",其他，宽度不超过30厘米,
HS,3,600230,"Of a width exceeding 30 cm, containing by weight 5 % or more of elastomeric yarn or rubber thread",宽度超过30厘米，按重量计含有5％或更多的弹性纱或橡胶线,
HS,3,600240,"Containing by weight 5 % or more of elastomeric yarn, but not containing rubber thread",按重量计含5%或以上弹性纱线，但不含橡胶线,
HS,3,600241,Of wool or fine animal hair,羊毛或细动物毛,
HS,3,600242,Of cotton,棉花,
HS,3,600243,Of man-made fibres,人造纤维,
HS,3,600249,Other,其他,
HS,3,600290,Other,其他,
HS,3,600291,Of wool or fine animal hair,羊毛或细动物毛,
HS,3,600292,Of cotton,棉花,
HS,3,600293,Of man-made fibres,人造纤维,
HS,3,600299,Other,其他,
HS,2,6003,"Knitted or crocheted fabrics of a width not exceeding 30 cm, other than those of heading 60.01 or 60.02.",宽度不超过 30 厘米的针织物或钩编织物，但税目 60.01 或 60.02 的货品除外,
HS,3,600310,Of wool or fine animal hair,羊毛或细动物毛,
HS,3,600320,Of cotton,棉花,
HS,3,600330,Of synthetic fibres,合成纤维,
HS,3,600340,Of artificial fibres,人造纤维,
HS,3,600390,Other,其他,
HS,2,6004,"Knitted or crocheted fabrics of a width exceeding 30 cm, containing by weight 5 % or more of elastomeric yarn or rubber thread, other than those of heading 60.01.",宽度超过 30 厘米的针织物或钩编织物，按重量计含有 5％或以上的弹性纱或橡胶线，但税目 60.01 的货品除外,
HS,3,600410,"Containing by weight 5 % or more of elastomeric yarn, but not containing rubber thread",按重量计含5%或以上弹性纱线，但不含橡胶线,
HS,3,600490,Other,其他,
HS,2,6005,"Warp knit fabrics (including those made on galloon knitting machines), other than those of headings 60.01 to 60.04.",经编织物（包括在装饰针织机上编织的经编织物），但税目 60.01 至 60.04 的织物除外,
HS,3,600510,Of wool or fine animal hair,羊毛或细动物毛,
HS,3,600521,Unbleached or bleached,未漂白或漂白,
HS,3,600522,Dyed,染色,
HS,3,600523,Of yarns of different colours,不同颜色的纱线,
HS,3,600524,Printed,打印,
HS,3,600531,Unbleached or bleached,未漂白或漂白,
HS,3,600532,Dyed,染色,
HS,3,600533,Of yarns of different colours,不同颜色的纱线,
HS,3,600534,Printed,打印,
HS,3,600535,Fabrics specified in subheading note 1 to this chapter,本章子目注释1中规定的织物,
HS,3,600536,"Other, unbleached or bleached",其他，未漂白或漂白,
HS,3,600537,"Other, dyed",其他，染色,
HS,3,600538,"Other, of yarns of different colours",其他，不同颜色的纱线,
HS,3,600539,"Other, printed",其他，印刷,
HS,3,600541,Unbleached or bleached,未漂白或漂白,
HS,3,600542,Dyed,染色,
HS,3,600543,Of yarns of different colours,不同颜色的纱线,
HS,3,600544,Printed,打印,
HS,3,600590,Other,其他,
HS,2,6006,Other knitted or crocheted fabrics.,其他针织或钩编织物,
HS,3,600610,Of wool or fine animal hair,羊毛或细动物毛,
HS,3,600621,Unbleached or bleached,未漂白或漂白,
HS,3,600622,Dyed,染色,
HS,3,600623,Of yarns of different colours,不同颜色的纱线,
HS,3,600624,Printed,打印,
HS,3,600631,Unbleached or bleached,未漂白或漂白,
HS,3,600632,Dyed,染色,
HS,3,600633,Of yarns of different colours,不同颜色的纱线,
HS,3,600634,Printed,打印,
HS,3,600641,Unbleached or bleached,未漂白或漂白,
HS,3,600642,Dyed,染色,
HS,3,600643,Of yarns of different colours,不同颜色的纱线,
HS,3,600644,Printed,打印,
HS,3,600690,Other,其他,
HS,1,61,"ARTICLES OF APPAREL AND CLOTHING ACCESSORIES, KNITTED OR CROCHETED",针织或钩编的服装及衣着附件,
HS,2,6101,"Men's or boys' overcoats, car-coats, capes, cloaks, anoraks (including ski-jackets), wind-cheaters, wind-jackets and similar articles, knitted or crocheted, other than those of heading 61.03.",男式大衣、汽车外套、披肩、斗篷、附有滑雪服的防寒服（包括滑雪夹克）、风衣、防风夹克及类似品，针织或钩编，但税目 61.03 的货品除外,
HS,3,610110,Of wool or fine animal hair,羊毛或细动物毛,
HS,3,610120,Of cotton,棉花,
HS,3,610130,Of man-made fibres,人造纤维,
HS,3,610190,Of other textile materials,其他纺织材料,
HS,2,6102,"jackets and similar articles, knitted or crocheted, other than those of heading 61.04.",针织或钩编的夹克及类似品，但税目 61.04 的货品除外,
HS,3,610210,Of wool or fine animal hair,羊毛或细动物毛,
HS,3,610220,Of cotton,棉花,
HS,3,610230,Of man-made fibres,人造纤维,
HS,3,610290,Of other textile materials,其他纺织材料,
HS,2,6103,"Men's or boys' suits, ensembles, jackets, blazers, trousers, bib and brace overalls, breeches and shorts (other than swimwear), knitted or crocheted.",男士或男孩的西服、套装、夹克、运动夹克、裤子、背带裤、马裤和短裤（泳装除外），针织或钩编,
HS,3,610310,Suits,西装,
HS,3,610311,Of wool or fine animal hair,羊毛或细动物毛,
HS,3,610312,Of synthetic fibres,合成纤维,
HS,3,610319,Of other textile materials,其他纺织材料,
HS,3,610321,Of wool or fine animal hair,羊毛或细动物毛,
HS,3,610322,Of cotton,棉花,
HS,3,610323,Of synthetic fibres,合成纤维,
HS,3,610329,Of other textile materials,其他纺织材料,
HS,3,610331,Of wool or fine animal hair,羊毛或细动物毛,
HS,3,610332,Of cotton,棉花,
HS,3,610333,Of synthetic fibres,合成纤维,
HS,3,610339,Of other textile materials,其他纺织材料,
HS,3,610341,Of wool or fine animal hair,羊毛或细动物毛,
HS,3,610342,Of cotton,棉花,
HS,3,610343,Of synthetic fibres,合成纤维,
HS,3,610349,Of other textile materials,其他纺织材料,
HS,2,6104,"Women's or girls' suits, ensembles, jackets, blazers, dresses, skirts, divided skirts, trousers, bib and brace overalls, breeches and shorts (other than swimwear), knitted or crocheted.",针织或钩编的女士或女孩套装、套装、夹克、运动夹克、连衣裙、裙子、裤裙、裤子、背带裤、马裤和短裤（泳装除外）,
HS,3,610411,Of wool or fine animal hair,羊毛或细动物毛,
HS,3,610412,Of cotton,棉花,
HS,3,610413,Of synthetic fibres,合成纤维,
HS,3,610419,Of other textile materials,其他纺织材料,
HS,3,610421,Of wool or fine animal hair,羊毛或细动物毛,
HS,3,610422,Of cotton,棉花,
HS,3,610423,Of synthetic fibres,合成纤维,
HS,3,610429,Of other textile materials,其他纺织材料,
HS,3,610431,Of wool or fine animal hair,羊毛或细动物毛,
HS,3,610432,Of cotton,棉花,
HS,3,610433,Of synthetic fibres,合成纤维,
HS,3,610439,Of other textile materials,其他纺织材料,
HS,3,610441,Of wool or fine animal hair,羊毛或细动物毛,
HS,3,610442,Of cotton,棉花,
HS,3,610443,Of synthetic fibres,合成纤维,
HS,3,610444,Of artificial fibres,人造纤维,
HS,3,610449,Of other textile materials,其他纺织材料,
HS,3,610451,Of wool or fine animal hair,羊毛或细动物毛,
HS,3,610452,Of cotton,棉花,
HS,3,610453,Of synthetic fibres,合成纤维,
HS,3,610459,Of other textile materials,其他纺织材料,
HS,3,610461,Of wool or fine animal hair,羊毛或细动物毛,
HS,3,610462,Of cotton,棉花,
HS,3,610463,Of synthetic fibres,合成纤维,
HS,3,610469,Of other textile materials,其他纺织材料,
HS,2,6105,"Men's or boys' shirts, knitted or crocheted.",男士或男孩的衬衫，针织或钩编,
HS,3,610510,Of cotton,棉花,
HS,3,610520,Of man-made fibres,人造纤维,
HS,3,610590,Of other textile materials,其他纺织材料,
HS,2,6106,"Women's or girls' blouses, shirts and shirt-blouses, knitted or crocheted.",女式或女童上衣、衬衫和衬衫式上衣，针织或钩编,
HS,3,610610,Of cotton,棉花,
HS,3,610620,Of man-made fibres,人造纤维,
HS,3,610690,Of other textile materials,其他纺织材料,
HS,2,6107,"Men's or boys' underpants, briefs, nightshirts, pyjamas, bathrobes, dressing gowns and similar articles, knitted or crocheted.",男式内裤、三角裤、睡衣、睡衣裤、浴袍、晨衣及类似品，针织或钩编,
HS,3,610711,Of cotton,棉花,
HS,3,610712,Of man-made fibres,人造纤维,
HS,3,610719,Of other textile materials,其他纺织材料,
HS,3,610721,Of cotton,棉花,
HS,3,610722,Of man-made fibres,人造纤维,
HS,3,610729,Of other textile materials,其他纺织材料,
HS,3,610791,Of cotton,棉花,
HS,3,610792,Of man-made fibres,人造纤维,
HS,3,610799,Of other textile materials,其他纺织材料,
HS,2,6108,"Women's or girls' slips, petticoats, briefs, panties, nightdresses, pyjamas, negligees, bathrobes, dressing gowns and similar articles, knitted or crocheted.",针织或钩编的女式衬裙、衬裙、三角裤、短内裤、睡衣、睡衣裤、睡袍、浴衣、晨衣及类似品,
HS,3,610811,Of man-made fibres,人造纤维,
HS,3,610819,Of other textile materials,其他纺织材料,
HS,3,610821,Of cotton,棉花,
HS,3,610822,Of man-made fibres,人造纤维,
HS,3,610829,Of other textile materials,其他纺织材料,
HS,3,610831,Of cotton,棉花,
HS,3,610832,Of man-made fibres,人造纤维,
HS,3,610839,Of other textile materials,其他纺织材料,
HS,3,610891,Of cotton,棉花,
HS,3,610892,Of man-made fibres,人造纤维,
HS,3,610899,Of other textile materials,其他纺织材料,
HS,2,6109,"T-shirts, singlets and other vests, knitted or crocheted.",T恤衫、汗衫及其他背心，针织或钩编,
HS,3,610910,Of cotton,棉花,
HS,3,610990,Of other textile materials,其他纺织材料,
HS,2,6110,"Jerseys, pullovers, cardigans, waistcoats and similar articles, knitted or crocheted.",针织或钩编的运动衫、套头衫、开襟羊毛衫、背心及类似品,
HS,3,611010,Of wool or fine animal hair,羊毛或细动物毛,
HS,3,611011,Of wool,羊毛,
HS,3,611012,Of Kashmir (cashmere) goats,克什米尔（羊绒）山羊,
HS,3,611019,Other,其他,
HS,3,611020,Of cotton,棉花,
HS,3,611030,Of man-made fibres,人造纤维,
HS,3,611090,Of other textile materials,其他纺织材料,
HS,2,6111,"Babies' garments and clothing accessories, knitted or crocheted.",婴儿服装及衣着附件，针织或钩编,
HS,3,611110,Of wool or fine animal hair,羊毛或细动物毛,
HS,3,611120,Of cotton,棉花,
HS,3,611130,Of synthetic fibres,合成纤维,
HS,3,611190,Of other textile materials,其他纺织材料,
HS,2,6112,"Track suits, ski suits and swimwear, knitted or crocheted.",运动服、滑雪服和泳装，针织或钩编,
HS,3,611211,Of cotton,棉花,
HS,3,611212,Of synthetic fibres,合成纤维,
HS,3,611219,Of other textile materials,其他纺织材料,
HS,3,611220,Ski suits,滑雪服,
HS,3,611231,Of synthetic fibres,合成纤维,
HS,3,611239,Of other textile materials,其他纺织材料,
HS,3,611241,Of synthetic fibres,合成纤维,
HS,3,611249,Of other textile materials,其他纺织材料,
HS,2,6113,"Garments, made up of knitted or crocheted fabrics of heading 59.03, 59.06 or 59.07.",由税目 59.03、59.06 或 59.07 的针织或钩编织物制成的服装,
HS,3,611300,"Garments, made up of knitted or crocheted fabrics of heading 5903, 5906 or 5907",由品目 5903、5906 或 5907 的针织或钩编织物制成的服装,
HS,2,6114,"Other garments, knitted or crocheted.",其他针织或钩编服装,
HS,3,611410,Of wool or fine animal hair,羊毛或细动物毛,
HS,3,611420,Of cotton,棉花,
HS,3,611430,Of man-made fibres,人造纤维,
HS,3,611490,Of other textile materials,其他纺织材料,
HS,2,6115,"Panty hose, tights, stockings, socks and other hosiery, including graduated compression hosiery (for example, stockings for varicose veins) and footwear without applied soles, knitted or crocheted.",连裤袜、紧身裤、长袜、短袜和其他袜类，包括渐进式压力袜（例如静脉曲张袜）和无底鞋，针织或钩编,
HS,3,611510,"Graduated compression hosiery (for example, stockings for varicose veins)",渐进式压力袜（例如静脉曲张袜）,
HS,3,611511,"Of synthetic fibres, measuring per single yarn less than 67 decitex",合成纤维制成，单纱细度小于67分特,
HS,3,611512,"Of synthetic fibres, measuring per single yarn 67 decitex or more",合成纤维制成，单纱细度67分特及以上,
HS,3,611519,Of other textile materials,其他纺织材料,
HS,3,611520,"Women's full-length or knee-length hosiery, measuring per single yarn less than 67 decitex",女式全长或膝长袜，每根单纱细度小于67分特,
HS,3,611521,"Of synthetic fibres, measuring per single yarn less than 67 decitex",合成纤维制成，单纱细度小于67分特,
HS,3,611522,"Of synthetic fibres, measuring per single yarn 67 decitex or more",合成纤维制成，单纱细度67分特及以上,
HS,3,611529,Of other textile materials,其他纺织材料,
HS,3,611530,"Other women's full-length or knee-length hosiery, measuring per single yarn less than 67 decitex",其他女式全长或膝长袜，每根单纱细度小于67分特,
HS,3,611591,Of wool or fine animal hair,羊毛或细动物毛,
HS,3,611592,Of cotton,棉花,
HS,3,611593,Of synthetic fibres,合成纤维,
HS,3,611594,Of wool or fine animal hair,羊毛或细动物毛,
HS,3,611595,Of cotton,棉花,
HS,3,611596,Of synthetic fibres,合成纤维,
HS,3,611599,Of other textile materials,其他纺织材料,
HS,2,6116,"Gloves, mittens and mitts, knitted or crocheted.",针织或钩编的手套、连指手套和露指手套,
HS,3,611610,"Impregnated, coated or covered with plastics or rubber",用塑料或橡胶浸渍、涂覆或覆盖,
HS,3,611691,Of wool or fine animal hair,羊毛或细动物毛,
HS,3,611692,Of cotton,棉花,
HS,3,611693,Of synthetic fibres,合成纤维,
HS,3,611699,Of other textile materials,其他纺织材料,
HS,2,6117,"Other made up clothing accessories, knitted or crocheted; knitted or crocheted parts of garments or of clothing accessories.",其他制成的针织或钩编的衣着附件；服装或衣着附件的针织或钩编部件,
HS,3,611710,"Shawls, scarves, mufflers, mantillas, veils and the like",披肩、围巾、围巾、头纱、面纱等,
HS,3,611720,"Ties, bow ties and cravats",领带、领结和领结,
HS,3,611780,Other accessories,其他配件,
HS,3,611790,Parts,部分,
HS,1,62,"ARTICLES OF APPAREL AND CLOTHING ACCESSORIES, NOT KNITTED OR CROCHETED",非针织或非钩编的服装及衣着附件,
HS,2,6201,"Men's or boys' overcoats, car-coats, capes, cloaks, anoraks (including ski-jackets), wind-cheaters, wind-jackets and similar articles, other than those of heading 62.03.",男式大衣、汽车外套、披肩、斗篷、附有滑雪服的防寒服（包括滑雪夹克）、风衣、防风夹克及类似品，但税目 62.03 的货品除外,
HS,3,620111,Of wool or fine animal hair,羊毛或细动物毛,
HS,3,620112,Of cotton,棉花,
HS,3,620113,Of man-made fibres,人造纤维,
HS,3,620119,Of other textile materials,其他纺织材料,
HS,3,620120,"Coats; men's or boys', overcoats, raincoats, car-coats, capes, cloaks, anoraks (including ski-jackets) and similar articles, of wool or fine animal hair, other than those of heading no. 6203 (not knitted or crocheted)",大衣；男式大衣、雨衣、轻便外套、披肩、斗篷、滑雪夹克（包括滑雪服）及类似品，羊毛或动物细毛制，但税目6203的货品除外（非针织或钩编）,
HS,3,620130,"Coats; men's or boys', overcoats, raincoats, car-coats, capes, cloaks, anoraks (including ski-jackets) and similar articles, of cotton, other than those of heading no. 6203 (not knitted or crocheted)",大衣；男式大衣、雨衣、轻便外套、披肩、斗篷、滑雪夹克（包括滑雪夹克）及类似品，棉制，税号6203的商品除外（非针织或钩编）,
HS,3,620140,"Coats; men's or boys', overcoats, raincoats, car-coats, capes, cloaks, anoraks (including ski-jackets) and similar articles, of man-made fibres, other than those of heading no. 6203 (not knitted or crocheted)",大衣；男式大衣、雨衣、轻便外套、披肩、斗篷、滑雪夹克（包括滑雪夹克）及类似品，化学纤维制，但税目6203的货品除外（非针织或钩编）,
HS,3,620190,"Coats; men's or boys', overcoats, rain-coats, car-coats, capes, cloaks and similar, of textile materials (other than wool, fine animal hair, cotton or man-made fibres), other than those of heading no. 6203 (not knitted or crocheted)",大衣；男式大衣、雨衣、汽车大衣、披肩、斗篷及类似品，用纺织材料（羊毛、动物细毛、棉或人造纤维除外）制成，但税目6203的货品除外（非针织或钩编）,
HS,3,620191,Of wool or fine animal hair,羊毛或细动物毛,
HS,3,620192,Of cotton,棉花,
HS,3,620193,Of man-made fibres,人造纤维,
HS,3,620199,Of other textile materials,其他纺织材料,
HS,2,6202,"Women's or girls' overcoats, car-coats, capes, cloaks, anoraks (including ski-jackets), wind-cheaters, wind-jackets and similar articles, other than those of heading 62.04.",女式大衣、汽车外套、披肩、斗篷、附有滑雪服的防寒服（包括滑雪夹克）、风衣、防风夹克及类似品，但税目 62.04 的货品除外,
HS,3,620211,Of wool or fine animal hair,羊毛或细动物毛,
HS,3,620212,Of cotton,棉花,
HS,3,620213,Of man-made fibres,人造纤维,
HS,3,620219,Of other textile materials,其他纺织材料,
HS,3,620220,"Coats; women's or girls', overcoats, raincoats, car-coats, capes, cloaks anoraks (including ski-jackets) and similar articles, of wool or fine animal hair, other than those of heading no. 6204 (not knitted or crocheted)",大衣；女式大衣、雨衣、轻便外套、披肩、斗篷、滑雪夹克（包括滑雪服）及类似品，羊毛或动物细毛制，但税目6204的货品除外（非针织或钩编）,
HS,3,620230,"Coats; women's or girls', overcoats, raincoats, car-coats, capes, cloaks anoraks (including ski-jackets) and similar articles, of cotton, other than those of heading no. 6204 (not knitted or crocheted)",大衣；女式大衣、雨衣、轻便外套、披肩、斗篷、滑雪夹克（包括滑雪夹克）及类似品，棉制，税号 6204 的货品除外（非针织或钩编）,
HS,3,620240,"Coats; women's or girls', overcoats, raincoats, car-coats, capes, cloaks anoraks (including ski-jackets) and similar articles, of man-made fibres, other than those of heading no. 6204 (not knitted or crocheted)",大衣；女式大衣、雨衣、轻便外套、披肩、斗篷、滑雪夹克（包括滑雪夹克）及类似品，化学纤维制，税号6204的货品除外（非针织或钩编）,
HS,3,620290,"Coats; women's or girls', overcoats, raincoats, car-coats, capes, cloaks and similar articles, of textile materials (other than wool, fine animal hair, cotton or man-made fibres), other than those of heading no. 6204 (not knitted or crocheted)",大衣；女式大衣、雨衣、汽车大衣、披肩、斗篷及类似品，用纺织材料（羊毛、动物细毛、棉或人造纤维除外）制成，但税目6204的货品除外（非针织或钩编）,
HS,3,620291,Of wool or fine animal hair,羊毛或细动物毛,
HS,3,620292,Of cotton,棉花,
HS,3,620293,Of man-made fibres,人造纤维,
HS,3,620299,Of other textile materials,其他纺织材料,
HS,2,6203,"Men's or boys' suits, ensembles, jackets, blazers, trousers, bib and brace overalls, breeches and shorts (other than swimwear).",男士或男孩的西装、套装、夹克、运动夹克、裤子、背带裤、马裤和短裤（泳装除外）,
HS,3,620311,Of wool or fine animal hair,羊毛或细动物毛,
HS,3,620312,Of synthetic fibres,合成纤维,
HS,3,620319,Of other textile materials,其他纺织材料,
HS,3,620321,Of wool or fine animal hair,羊毛或细动物毛,
HS,3,620322,Of cotton,棉花,
HS,3,620323,Of synthetic fibres,合成纤维,
HS,3,620329,Of other textile materials,其他纺织材料,
HS,3,620331,Of wool or fine animal hair,羊毛或细动物毛,
HS,3,620332,Of cotton,棉花,
HS,3,620333,Of synthetic fibres,合成纤维,
HS,3,620339,Of other textile materials,其他纺织材料,
HS,3,620341,Of wool or fine animal hair,羊毛或细动物毛,
HS,3,620342,Of cotton,棉花,
HS,3,620343,Of synthetic fibres,合成纤维,
HS,3,620349,Of other textile materials,其他纺织材料,
HS,2,6204,"Women's or girls' suits, ensembles, jackets, blazers, dresses, skirts, divided skirts, trousers, bib and brace overalls, breeches and shorts (other than swimwear).",女士或女孩的套装、套装、夹克、运动夹克、连衣裙、裙子、裤裙、裤子、背带裤、马裤和短裤（泳装除外）,
HS,3,620411,Of wool or fine animal hair,羊毛或细动物毛,
HS,3,620412,Of cotton,棉花,
HS,3,620413,Of synthetic fibres,合成纤维,
HS,3,620419,Of other textile materials,其他纺织材料,
HS,3,620421,Of wool or fine animal hair,羊毛或细动物毛,
HS,3,620422,Of cotton,棉花,
HS,3,620423,Of synthetic fibres,合成纤维,
HS,3,620429,Of other textile materials,其他纺织材料,
HS,3,620431,Of wool or fine animal hair,羊毛或细动物毛,
HS,3,620432,Of cotton,棉花,
HS,3,620433,Of synthetic fibres,合成纤维,
HS,3,620439,Of other textile materials,其他纺织材料,
HS,3,620441,Of wool or fine animal hair,羊毛或细动物毛,
HS,3,620442,Of cotton,棉花,
HS,3,620443,Of synthetic fibres,合成纤维,
HS,3,620444,Of artificial fibres,人造纤维,
HS,3,620449,Of other textile materials,其他纺织材料,
HS,3,620451,Of wool or fine animal hair,羊毛或细动物毛,
HS,3,620452,Of cotton,棉花,
HS,3,620453,Of synthetic fibres,合成纤维,
HS,3,620459,Of other textile materials,其他纺织材料,
HS,3,620461,Of wool or fine animal hair,羊毛或细动物毛,
HS,3,620462,Of cotton,棉花,
HS,3,620463,Of synthetic fibres,合成纤维,
HS,3,620469,Of other textile materials,其他纺织材料,
HS,2,6205,Men's or boys' shirts.,男士或男孩的衬衫,
HS,3,620510,Of wool or fine animal hair,羊毛或细动物毛,
HS,3,620520,Of cotton,棉花,
HS,3,620530,Of man-made fibres,人造纤维,
HS,3,620590,Of other textile materials,其他纺织材料,
HS,2,6206,"Women's or girls' blouses, shirts and shirt-blouses.",女士或女孩的衬衫、衬衣和女式衬衫,
HS,3,620610,Of silk or silk waste,丝绸或废丝,
HS,3,620620,Of wool or fine animal hair,羊毛或细动物毛,
HS,3,620630,Of cotton,棉花,
HS,3,620640,Of man-made fibres,人造纤维,
HS,3,620690,Of other textile materials,其他纺织材料,
HS,2,6207,"Men's or boys' singlets and other vests, underpants, briefs, nightshirts, pyjamas, bathrobes, dressing gowns and similar articles.",男式背心及其他背心、内裤、三角裤、睡衣、睡衣裤、浴袍、晨衣及类似物品,
HS,3,620711,Of cotton,棉花,
HS,3,620719,Of other textile materials,其他纺织材料,
HS,3,620721,Of cotton,棉花,
HS,3,620722,Of man-made fibres,人造纤维,
HS,3,620729,Of other textile materials,其他纺织材料,
HS,3,620791,Of cotton,棉花,
HS,3,620792,Of man-made fibres,人造纤维,
HS,3,620799,Of other textile materials,其他纺织材料,
HS,2,6208,"Women's or girls' singlets and other vests, slips, petticoats, briefs, panties, nightdresses, pyjamas, negligees, bathrobes, dressing gowns and similar articles.",女式背心及其他背心、衬裙、衬裙、三角裤、短内裤、睡衣、睡衣裤、睡袍、浴衣、晨衣及类似品,
HS,3,620811,Of man-made fibres,人造纤维,
HS,3,620819,Of other textile materials,其他纺织材料,
HS,3,620821,Of cotton,棉花,
HS,3,620822,Of man-made fibres,人造纤维,
HS,3,620829,Of other textile materials,其他纺织材料,
HS,3,620891,Of cotton,棉花,
HS,3,620892,Of man-made fibres,人造纤维,
HS,3,620899,Of other textile materials,其他纺织材料,
HS,2,6209,Babies' garments and clothing accessories.,婴儿服装及服饰配件,
HS,3,620910,Of wool or fine animal hair,羊毛或细动物毛,
HS,3,620920,Of cotton,棉花,
HS,3,620930,Of synthetic fibres,合成纤维,
HS,3,620990,Of other textile materials,其他纺织材料,
HS,2,6210,"Garments, made up of fabrics of heading 56.02, 56.03, 59.03, 59.06 or 59.07.",由税目 56.02、56.03、59.03、59.06 或 59.07 的织物制成的服装,
HS,3,621010,Of fabrics of heading 5602 or 5603,品目 5602 或 5603 的织物,
HS,3,621020,"Other garments, of the type described in subheadings 620111 to 620119",子目 620111 至 620119 所述类型的其他服装,
HS,3,621030,"Other garments, of the type described in subheadings 620211 to 620219",子目 620211 至 620219 所述类型的其他服装,
HS,3,621040,Other men's or boys' garments,其他男式或男童服装,
HS,3,621050,Other women's or girls' garments,其他女式或女童服装,
HS,2,6211,"Track suits, ski suits and swimwear; other garments.",运动服、滑雪服和泳装；其他服装,
HS,3,621111,Men's or boys',男式或男童,
HS,3,621112,Women's or girls',女士或女孩,
HS,3,621120,Ski suits,滑雪服,
HS,3,621131,Of wool or fine animal hair,羊毛或细动物毛,
HS,3,621132,Of cotton,棉花,
HS,3,621133,Of man-made fibres,人造纤维,
HS,3,621139,Of other textile materials,其他纺织材料,
HS,3,621141,Of wool or fine animal hair,羊毛或细动物毛,
HS,3,621142,Of cotton,棉花,
HS,3,621143,Of man-made fibres,人造纤维,
HS,3,621149,Of other textile materials,其他纺织材料,
HS,2,6212,"Brassieres, girdles, corsets, braces, suspenders, garters and similar articles and parts thereof, whether or not knitted or crocheted.",胸罩、束腰、紧身胸衣、吊带、吊袜带、袜带及类似物品及其零件，不论是否针织或钩编,
HS,3,621210,Brassières,胸罩,
HS,3,621220,Girdles and panty girdles,束腹带和紧身裤,
HS,3,621230,Corselettes,紧身胸衣,
HS,3,621290,Other,其他,
HS,2,6213,Handkerchiefs.,手帕,
HS,3,621310,Of silk or silk waste,丝绸或废丝,
HS,3,621320,Of cotton,棉花,
HS,3,621390,Of other textile materials,其他纺织材料,
HS,2,6214,"Shawls, scarves, mufflers, mantillas, veils and the like.",披肩、围巾、围巾、头纱、面纱等,
HS,3,621410,Of silk or silk waste,丝绸或废丝,
HS,3,621420,Of wool or fine animal hair,羊毛或细动物毛,
HS,3,621430,Of synthetic fibres,合成纤维,
HS,3,621440,Of artificial fibres,人造纤维,
HS,3,621490,Of other textile materials,其他纺织材料,
HS,2,6215,"Ties, bow ties and cravats.",领带、领结和领结,
HS,3,621510,Of silk or silk waste,丝绸或废丝,
HS,3,621520,Of man-made fibres,人造纤维,
HS,3,621590,Of other textile materials,其他纺织材料,
HS,2,6216,"Gloves, mittens and mitts.",手套、连指手套和露指手套,
HS,3,621600,"Gloves, mittens and mitts",手套、连指手套和露指手套,
HS,2,6217,"Other made up clothing accessories; parts of garments or of clothing accessories, other than those of heading 62.12.",其他制成的衣着附件；服装零件或衣着附件，但税目 62.12 的货品除外,
HS,3,621710,Accessories,配件,
HS,3,621790,Parts,部分,
HS,1,63,OTHER MADE-UP TEXTILE ARTICLES; SETS; WORN CLOTHING AND WORN TEXTILE ARTICLES; RAGS,其他纺织制品；成套物品；旧衣服及旧纺织制品；碎布,
HS,2,6301,Blankets and travelling rugs.,毯子和旅行毯,
HS,3,630110,Electric blankets,电热毯,
HS,3,630120,"Blankets (other than electric blankets) and travelling rugs, of wool or of fine animal hair",羊毛或动物细毛制成的毛毯（电热毯除外）和旅行毯,
HS,3,630130,"Blankets (other than electric blankets) and travelling rugs, of cotton",棉制毛毯（电热毯除外）及旅行毯,
HS,3,630140,"Blankets (other than electric blankets) and travelling rugs, of synthetic fibres",合成纤维制毛毯（电热毯除外）及旅行毯,
HS,3,630190,Other blankets and travelling rugs,其他毛毯和旅行毯,
HS,2,6302,"Bed linen, table linen, toilet linen and kitchen linen.",床单、桌布、卫生间亚麻布和厨房亚麻布,
HS,3,630210,"Bedlinen, knitted or crocheted",针织或钩编的床上用品,
HS,3,630221,Of cotton,棉花,
HS,3,630222,Of man-made fibres,人造纤维,
HS,3,630229,Of other textile materials,其他纺织材料,
HS,3,630231,Of cotton,棉花,
HS,3,630232,Of man-made fibres,人造纤维,
HS,3,630239,Of other textile materials,其他纺织材料,
HS,3,630240,"Table linen, knitted or crocheted",针织或钩编的桌布,
HS,3,630251,Of cotton,棉花,
HS,3,630252,Of flax,亚麻,
HS,3,630253,Of man-made fibres,人造纤维,
HS,3,630259,Of other textile materials,其他纺织材料,
HS,3,630260,"Toilet linen and kitchen linen, of terry towelling or similar terry fabrics, of cotton",盥洗用及厨房用织物，毛巾布或类似的毛巾织物，棉制,
HS,3,630291,Of cotton,棉花,
HS,3,630292,Of flax,亚麻,
HS,3,630293,Of man-made fibres,人造纤维,
HS,3,630299,Of other textile materials,其他纺织材料,
HS,2,6303,Curtains (including drapes) and interior blinds; curtain or bed valances.,窗帘（包括帷帘）和室内百叶窗；窗帘或床帷,
HS,3,630311,Of cotton,棉花,
HS,3,630312,Of synthetic fibres,合成纤维,
HS,3,630319,Of other textile materials,其他纺织材料,
HS,3,630391,Of cotton,棉花,
HS,3,630392,Of synthetic fibres,合成纤维,
HS,3,630399,Of other textile materials,其他纺织材料,
HS,2,6304,"Other furnishing articles, excluding those of heading 94.04.",其他家具用品，但不包括税目 94.04 的家具用品,
HS,3,630411,Knitted or crocheted,针织或钩编,
HS,3,630419,Other,其他,
HS,3,630420,Bed nets specified in subheading note 1 to this chapter,本章子目注释1中规定的蚊帐,
HS,3,630491,Knitted or crocheted,针织或钩编,
HS,3,630492,"Not knitted or crocheted, of cotton",非针织或钩编，棉质,
HS,3,630493,"Not knitted or crocheted, of synthetic fibres",非针织或钩编，合成纤维制,
HS,3,630499,"Not knitted or crocheted, of other textile materials",非针织或钩编，其他纺织材料制,
HS,2,6305,"Sacks and bags, of a kind used for the packing of goods.",用于包装货物的麻袋和袋子,
HS,3,630510,Of jute or of other textile bast fibres of heading 5303,黄麻或税目 5303 的其他纺织韧皮纤维,
HS,3,630520,Of cotton,棉花,
HS,3,630531,Of polyethylene or polypropylene strip or the like,聚乙烯或聚丙烯带或类似物,
HS,3,630532,Flexible intermediate bulk containers,柔性中型散装容器,
HS,3,630533,"Other, of polyethylene or polypropylene strip or the like",其他聚乙烯或聚丙烯带或类似物,
HS,3,630539,Other,其他,
HS,3,630590,Of other textile materials,其他纺织材料,
HS,2,6306,"Tarpaulins, awnings and sunblinds; tents; sails for boats, sailboards or landcraft; camping goods.",防水油布、遮篷和遮阳帘；帐篷；船帆、帆板或陆地船只用帆；露营用品,
HS,3,630611,Of cotton,棉花,
HS,3,630612,Of synthetic fibres,合成纤维,
HS,3,630619,Of other textile materials,其他纺织材料,
HS,3,630621,Of cotton,棉花,
HS,3,630622,Of synthetic fibres,合成纤维,
HS,3,630629,Of other textile materials,其他纺织材料,
HS,3,630630,Sails,帆,
HS,3,630631,Of synthetic fibres,合成纤维,
HS,3,630639,Of other textile materials,其他纺织材料,
HS,3,630640,Pneumatic mattresses,充气床垫,
HS,3,630641,Of cotton,棉花,
HS,3,630649,Of other textile materials,其他纺织材料,
HS,3,630690,Other,其他,
HS,3,630691,Of cotton,棉花,
HS,3,630699,Of other textile materials,其他纺织材料,
HS,2,6307,"Other made up articles, including dress patterns.",其他制成品，包括服装图案,
HS,3,630710,"Floorcloths, dishcloths, dusters and similar cleaning cloths",地板布、洗碗布、抹布和类似的清洁布,
HS,3,630720,Life jackets and lifebelts,救生衣和救生带,
HS,3,630790,Other,其他,
HS,2,6308,"Sets consisting of woven fabric and yarn, whether or not with accessories, for making up into rugs, tapestries, embroidered table cloths or serviettes, or similar textile articles, put up in packings for retail sale.",由机织织物和纱线组成的套件，无论是否带有附件，用于制作地毯、挂毯、绣花桌布或餐巾，或类似的纺织品，以零售包装出售,
HS,3,630800,"Sets consisting of woven fabric and yarn, whether or not with accessories, for making up into rugs, tapestries, embroidered tablecloths or serviettes, or similar textile articles, put up in packings for retail sale",由机织织物和纱线组成的套装，无论是否带有附件，用于制作地毯、挂毯、绣花桌布或餐巾，或类似的纺织品，以零售包装出售,
HS,2,6309,Worn clothing and other worn articles.,破旧的衣服和其他破旧的物品,
HS,3,630900,Worn clothing and other worn articles,破旧的衣服和其他破旧物品,
HS,2,6310,"Used or new rags, scrap twine, cordage, rope and cables and worn out articles of twine, cordage, rope or cables, of textile materials.",纺织材料制成的旧或新的碎布、废线、绳、索、缆以及破旧的线、绳、索、缆制品,
HS,3,631010,Sorted,已排序,
HS,3,631090,Other,其他,
HS,1,64,"FOOTWEAR, GAITERS AND THE LIKE; PARTS OF SUCH ARTICLES",鞋类、绑腿及类似品；此类物品的零件,
HS,2,6401,"Waterproof footwear with outer soles and uppers of rubber or of plastics, the uppers of which are neither fixed to the sole nor assembled by stitching, riveting, nailing, screwing, plugging or similar processes.",防水鞋，其外底和鞋面由橡胶或塑料制成，鞋面未固定在鞋底上，也未通过缝接、铆接、钉接、拧接、塞接或类似工艺组装,
HS,3,640110,Footwear incorporating a protective metal toecap,带有保护性金属鞋头的鞋,
HS,3,640191,Covering the knee,遮盖膝盖,
HS,3,640192,Covering the ankle but not covering the knee,遮住脚踝但不遮住膝盖,
HS,3,640199,Other,其他,
HS,2,6402,Other footwear with outer soles and uppers of rubber or plastics.,外底及鞋面由橡胶或塑料制成的其他鞋靴,
HS,3,640211,Ski-boots and cross-country ski footwear,滑雪靴和越野滑雪鞋,
HS,3,640212,"Ski-boots, cross-country ski footwear and snowboard boots",滑雪靴、越野滑雪鞋和滑雪板靴,
HS,3,640219,Other,其他,
HS,3,640220,Footwear with upper straps or thongs assembled to the sole by means of plugs,鞋面带或鞋带通过塞子组装到鞋底的鞋类,
HS,3,640230,"Other footwear, incorporating a protective metal toe-cap",带有保护性金属鞋头的其他鞋,
HS,3,640291,Covering the ankle,遮盖脚踝,
HS,3,640299,Other,其他,
HS,2,6403,"Footwear with outer soles of rubber, plastics, leather or composition leather and uppers of leather.",鞋底由橡胶、塑料、皮革或合成皮革制成，鞋面由皮革制成的鞋类,
HS,3,640311,Ski-boots and cross-country ski footwear,滑雪靴和越野滑雪鞋,
HS,3,640312,"Ski-boots, cross-country ski footwear and snowboard boots",滑雪靴、越野滑雪鞋和滑雪板靴,
HS,3,640319,Other,其他,
HS,3,640320,"Footwear with outer soles of leather, and uppers which consist of leather straps across the instep and around the big toe",鞋底为皮革，鞋面由横跨脚背和大脚趾的皮带组成,
HS,3,640330,"Footwear made on a base or platform of wood, not having an inner sole or a protective metal toe-cap",以木质底座或平台制成的鞋，没有鞋垫或保护性金属鞋头,
HS,3,640340,"Other footwear, incorporating a protective metal toecap",带有保护性金属鞋头的其他鞋,
HS,3,640351,Covering the ankle,遮盖脚踝,
HS,3,640359,Other,其他,
HS,3,640391,Covering the ankle,遮盖脚踝,
HS,3,640399,Other,其他,
HS,2,6404,"Footwear with outer soles of rubber, plastics, leather or composition leather and uppers of textile materials.",鞋底由橡胶、塑料、皮革或合成皮革制成，鞋面由纺织材料制成的鞋类,
HS,3,640411,"Sports footwear; tennis shoes, basketball shoes, gym shoes, training shoes and the like",运动鞋；网球鞋、篮球鞋、体操鞋、训练鞋等,
HS,3,640419,Other,其他,
HS,3,640420,Footwear with outer soles of leather or composition leather,外底由皮革或合成皮革制成的鞋类,
HS,2,6405,Other footwear.,其他鞋类,
HS,3,640510,With uppers of leather or composition leather,鞋面采用皮革或合成皮革,
HS,3,640520,With uppers of textile materials,鞋面采用纺织材料,
HS,3,640590,Other,其他,
HS,2,6406,"Parts of footwear (including uppers whether or not attached to soles other than outer soles); removable in-soles, heel cushions and similar articles; gaiters, leggings and similar articles, and parts thereof.",鞋类零件（包括鞋面，不论是否附在外底以外的鞋底上）；可拆卸的鞋内底、鞋跟垫及类似物品；绑腿、护腿及类似物品，及其零件,
HS,3,640610,"Uppers and parts thereof, other than stiffeners",鞋面及其零件（加强筋除外）,
HS,3,640620,"Outer soles and heels, of rubber or plastics",橡胶或塑料外底及鞋跟,
HS,3,640690,Other,其他,
HS,3,640691,Of wood,木材,
HS,3,640699,Of other materials,其他材料,
HS,1,65,HEADGEAR AND PARTS THEREOF,头饰及其零件,
HS,2,6501,"Hat-forms, hat bodies and hoods of felt, neither blocked to shape nor with made brims; plateaux and manchons (including slit manchons), of felt.",帽形、帽身和帽兜，由毛毡制成，既没有定型也没有帽檐；高顶帽和短檐帽（包括开缝短檐帽），由毛毡制成,
HS,3,650100,"Hat-forms, hat bodies and hoods of felt, neither blocked to shape nor with made brims; plateaux and manchons (including slit manchons), of felt",毛毡制的帽形、帽身和帽兜，既非定型也非帽檐；毛毡制的高顶帽和短檐帽（包括开缝短檐帽）,
HS,2,6502,"Hat-shapes, plaited or made by assembling strips of any material, neither blocked to shape, nor with made brims, nor lined, nor trimmed.",帽子形状，由任何材料的条带编织而成或组装而成，既没有定型，也没有帽檐，也没有衬里，也没有修剪,
HS,3,650200,"Hat-shapes, plaited or made by assembling strips of any material, neither blocked to shape, nor with made brims, nor lined, nor trimmed",帽子形状，由任何材料制成的条带编织而成或组装而成，既没有定型，也没有帽檐，也没有衬里，也没有修剪,
HS,2,6503,"Felt hats and other felt headgear, made from the hat bodies, hoods or plateaux of heading 6501, whether or not lined or trimmed (excl. made by assembling strips or pieces of felt, and toy and carnival headgear)",毡帽及其他毡头饰，由税目 6501 的帽身、帽兜或高台制成，不论是否有衬里或饰边（不包括由组装毡条或毡块制成的毡帽，以及玩具和嘉年华头饰）,
HS,3,650300,"Felt hats and other felt headgear, made from the hat bodies, hoods or plateaux of heading 65.01, whether or not lined or trimmed.",毡帽及其他毡头饰，由税号65.01的帽身、帽兜或顶盖制成，不论是否有衬里或饰边,
HS,2,6504,"Hats and other headgear, plaited or made by assembling strips of any material, whether or not lined or trimmed.",帽子和其他头饰，由任何材料制成的编织物或条带组装而成，不论是否有衬里或饰边,
HS,3,650400,"Hats and other headgear, plaited or made by assembling strips of any material, whether or not lined or trimmed",帽子和其他头饰，由任何材料制成的编织物或条带组装而成，无论是否有衬里或饰边,
HS,2,6505,"Hats and other headgear, knitted or crocheted, or made up from lace, felt or other textile fabric, in the piece (but not in strips), whether or not lined or trimmed; hair-nets of any material, whether or not lined or trimmed.",帽子及其他头饰，针织或钩编，或用花边、毛毡或其他纺织物制成，成片（但不包括条状），不论有无衬里或饰边；任何材料的发网，不论有无衬里或饰边,
HS,3,650500,"Hats and other headgear, knitted or crocheted, or made up from lace, felt or other textile fabric, in the piece (but not in strips), whether or not lined or trimmed; hairnets of any material, whether or not lined or trimmed",针织或钩编的帽子和其他头饰，或由蕾丝、毛毡或其他纺织物制成的整块帽子（但不包括条状帽子），不论是否有衬里或饰边；任何材质的发网，不论是否有衬里或饰边,
HS,3,650510,Hair-nets,发网,
HS,3,650590,Other,其他,
HS,2,6506,"Other headgear, whether or not lined or trimmed.",其他头饰，不论是否有衬里或饰边,
HS,3,650610,Safety headgear,安全帽,
HS,3,650691,Of rubber or of plastics,橡胶或塑料,
HS,3,650692,Of furskin,毛皮,
HS,3,650699,Of other materials,其他材料,
HS,2,6507,"Head-bands, linings, covers, hat foundations, hat frames, peaks and chinstraps, for headgear.",头饰用的头带、衬里、帽套、帽底、帽框、帽檐和下巴带,
HS,3,650700,"Headbands, linings, covers, hat foundations, hat frames, peaks and chinstraps, for headgear",头饰用头带、衬里、罩、帽底、帽框、帽檐和下巴带,
HS,1,66,"UMBRELLAS, SUN UMBRELLAS, WALKING STICKS, SEAT-STICKS, WHIPS, RIDING-CROPS AND PARTS THEREOF",雨伞、太阳伞、手杖、马鞭、马鞭及其零件,
HS,2,6601,"Umbrellas and sun umbrellas (including walking-stick umbrellas, garden umbrellas and similar umbrellas).",雨伞和太阳伞（包括手杖伞、花园伞和类似的雨伞）,
HS,3,660110,Garden or similar umbrellas,花园或类似的遮阳伞,
HS,3,660191,Having a telescopic shaft,具有伸缩轴,
HS,3,660199,Other,其他,
HS,2,6602,"Walking-sticks, seat-sticks, whips, riding-crops and the like.",手杖、马杖、鞭子、马鞭等等,
HS,3,660200,"Walking sticks, seat-sticks, whips, riding-crops and the like",手杖、马杖、鞭子、马鞭及类似品,
HS,2,6603,"Parts, trimmings and accessories of articles of heading 66.01 or 66.02.",税目 66.01 或 66.02 所列物品的零件、饰件及附件,
HS,3,660310,Handles and knobs,手柄和旋钮,
HS,3,660320,"Umbrella frames, including frames mounted on shafts (sticks)",伞架，包括安装在轴（杆）上的伞架,
HS,3,660390,Other,其他,
HS,1,67,PREPARED FEATHERS AND DOWN AND ARTICLES MADE OF FEATHERS OR OF DOWN; ARTIFICIAL FLOWERS; ARTICLES OF HUMAN HAIR,已加工的羽毛及羽绒以及羽毛或羽绒制品；人造花；人发制品,
HS,2,6701,"Skins and other parts of birds with their feathers or down, feathers, parts of feathers, down and articles thereof (other than goods of heading 05.05 and worked quills and scapes).",带有羽毛或绒毛的鸟皮及其他部分、羽毛、部分羽毛、绒毛及其制品（税号 05.05 的货品及已加工的羽毛管和羽茎除外）,
HS,3,670100,"Skins and other parts of birds with their feathers or down, feathers, parts of feathers, down and articles thereof (other than goods of heading 0505 and worked quills and scapes)",带有羽毛或绒毛的鸟皮及其他部分、羽毛、羽毛的一部分、绒毛及其制品（税号 0505 的货品及已加工的羽毛管和羽茎除外）,
HS,2,6702,"Artificial flowers, foliage and fruit and parts thereof; articles made of artificial flowers, foliage or fruit.",人造花、叶、果及其零件；用人造花、叶或果制成的物品,
HS,3,670210,Of plastics,塑料,
HS,3,670290,Of other materials,其他材料,
HS,2,6703,"Human hair, dressed, thinned, bleached or otherwise worked; wool or other animal hair or other textile materials, prepared for use in making wigs or the like.",经过修整、打薄、漂白或以其他方式加工的人发；羊毛或其他动物毛发或其他纺织材料，用于制作假发或类似物,
HS,3,670300,"Human hair, dressed, thinned, bleached or otherwise worked; wool or other animal hair or other textile materials, prepared for use in making wigs or the like",经过修整、打薄、漂白或以其他方式加工的人发；用于制作假发或类似物的羊毛或其他动物毛发或其他纺织材料,
HS,2,6704,"Wigs, false beards, eyebrows and eyelashes, switches and the like, of human or animal hair or of textile materials; articles of human hair not elsewhere specified or included.",假发、假胡须、假眉毛、假睫毛、假发条及类似品，由人发或动物毛发或纺织材料制成；未在其他地方列明或包括的人发制品,
HS,3,670411,Complete wigs,完整的假发,
HS,3,670419,Other,其他,
HS,3,670420,Of human hair,人类头发,
HS,3,670490,Of other materials,其他材料,
HS,1,68,"ARTICLES OF STONE, PLASTER, CEMENT, ASBESTOS, MICA OR SIMILAR MATERIALS",石料、石膏、水泥、石棉、云母或类似材料制品,
HS,2,6801,"Setts, curbstones and flagstones, of natural stone (except slate).",天然石材（板岩除外）制成的方石、路缘石和石板,
HS,3,680100,"Setts, curbstones and flagstones, of natural stone (except slate)",天然石料（板岩除外）制成的方石、路缘石和石板,
HS,2,6802,"Worked monumental or building stone (except slate) and articles thereof, other than goods of heading 68.01; mosaic cubes and the like, of natural stone (including slate), whether or not on a backing; artificially coloured granules, chippings and powder, o",已加工的纪念碑或建筑用石料（板岩除外）及其制品，但税目 68.01 的货品除外；天然石料（包括板岩）制成的马赛克方块及类似品，不论有无背衬；人工着色的颗粒、碎片和粉末，,
HS,3,680210,"Tiles, cubes and similar articles, whether or not rectangular (including square), the largest surface area of which is capable of being enclosed in a square the side of which is less than 7 cm; artificially coloured granules, chippings and powder",瓷砖、立方体及类似物品，无论是否为矩形（包括正方形），其最大表面积能够被围成边长小于7厘米的正方形；人工着色的颗粒、碎片和粉末,
HS,3,680221,"Marble, travertine and alabaster",大理石、石灰华和雪花石膏,
HS,3,680222,Other calcareous stone,其他石灰质石材,
HS,3,680223,Granite,花岗岩,
HS,3,680229,Other stone,其他石材,
HS,3,680291,"Marble, travertine and alabaster",大理石、石灰华和雪花石膏,
HS,3,680292,Other calcareous stone,其他石灰质石材,
HS,3,680293,Granite,花岗岩,
HS,3,680299,Other stone,其他石材,
HS,2,6803,Worked slate and articles of slate or of agglomerated slate.,加工过的板岩以及板岩或聚合板岩制品,
HS,3,680300,Worked slate and articles of slate or of agglomerated slate,加工板岩及板岩或块状板岩制品,
HS,2,6804,"Millstones, grindstones, grinding wheels and the like, without frameworks, for grinding, sharpening, polishing, trueing or cutting, hand sharpening or polishing stones, and parts thereof, of natural stone, of agglomerated natural or artificial abrasives,",磨石、磨石、砂轮及类似品，无框架，用于研磨、刃磨、抛光、修整或切割，手工刃磨或抛光石及其零件，由天然石料、天然或人造磨料集合而成，,
HS,3,680410,"Millstones and grindstones for milling, grinding or pulping",用于铣削、研磨或制浆的磨石和砂轮,
HS,3,680421,Of agglomerated synthetic or natural diamond,聚集的合成或天然钻石,
HS,3,680422,Of other agglomerated abrasives or of ceramics,其他聚集磨料或陶瓷,
HS,3,680423,Of natural stone,天然石材,
HS,3,680430,Hand sharpening or polishing stones,手工磨刀石或抛光石,
HS,2,6805,"Natural or artificial abrasive powder or grain, on a base of textile material, of paper, of paperboard or of other materials, whether or not cut to shape or sewn or otherwise made up.",以纺织材料、纸、纸板或其他材料为基底的天然或人造磨料粉末或颗粒，不论是否切割成形、缝合或以其他方式制成,
HS,3,680510,On a base of woven textile fabric only,仅以编织纺织面料为基础,
HS,3,680520,On a base of paper or paperboard only,仅以纸或纸板为基底,
HS,3,680530,On a base of other materials,在其他材料的基础上,
HS,2,6806,"Slag wool, rock wool and similar mineral wools; exfoliated vermiculite, expanded clays, foamed slag and similar expanded mineral materials; mixtures and articles of heat-insulating, sound-insulating or sound-absorbing mineral materials, other than those o",矿渣棉、岩棉及类似的矿棉；膨胀蛭石、膨胀粘土、泡沫矿渣及类似的膨胀矿物材料；隔热、隔音或吸音矿物材料的混合物及制品，但不包括,
HS,3,680610,"Slag-wool, rock-wool and similar mineral wools (including intermixtures thereof), in bulk, sheets or rolls",矿渣棉、岩棉及类似的矿棉（包括其混合物），散装、片状或卷状,
HS,3,680620,"Exfoliated vermiculite, expanded clays, foamed slag and similar expanded mineral materials (including intermixtures thereof)",膨胀蛭石、膨胀粘土、泡沫矿渣及类似的膨胀矿物材料（包括其混合物）,
HS,3,680690,Other,其他,
HS,2,6807,"Articles of asphalt or of similar material (for example, petroleum bitumen or coal tar pitch).",沥青或类似材料（例如石油沥青或煤焦油沥青）制成的制品,
HS,3,680710,In rolls,卷装,
HS,3,680790,Other,其他,
HS,2,6808,"Panels, boards, tiles, blocks and similar articles of vegetable fibre, of straw or of shavings, chips, particles, sawdust or other waste, of wood, agglomerated with cement, plaster or other mineral binders.",用植物纤维、稻草、刨花、木片、木粒、锯末或其他木材废料制成的板材、板块、瓦片、块体及类似品，以水泥、石膏或其他矿物粘合剂粘结而成,
HS,3,680800,"Panels, boards, tiles, blocks and similar articles of vegetable fibre, of straw or of shavings, chips, particles, sawdust or other waste of wood, agglomerated with cement, plaster or other mineral binders",用植物纤维、稻草、刨花、木片、木粒、锯末或其他木质废料制成的板材、板材、瓦片、木块及类似制品，用水泥、石膏或其他矿物粘合剂粘结而成,
HS,2,6809,Articles of plaster or of compositions based on plaster.,石膏制品或以石膏为基础的合成物制品,
HS,3,680911,Faced or reinforced with paper or paperboard only,仅用纸或纸板覆盖或加固,
HS,3,680919,Other,其他,
HS,3,680990,Other articles,其他文章,
HS,2,6810,"Articles of cement, of concrete or of artificial stone, whether or not reinforced.",水泥、混凝土或人造石制品，不论是否增强,
HS,3,681011,Building blocks and bricks,积木和砖块,
HS,3,681019,Other,其他,
HS,3,681020,Pipes,管道,
HS,3,681091,Prefabricated structural components for building or civil engineering,用于建筑或土木工程的预制结构部件,
HS,3,681099,Other,其他,
HS,2,6811,"Articles of asbestos-cement, of cellulose fibre-cement or the like.",石棉水泥制品、纤维素纤维水泥制品或类似制品,
HS,3,681110,Corrugated sheets,瓦楞板,
HS,3,681120,"Other sheets, panels, tiles and similar articles",其他板材、板材、瓷砖及类似品,
HS,3,681130,"Tubes, pipes and tube or pipe fittings",管材、管道和管件,
HS,3,681140,Containing asbestos,含石棉,
HS,3,681181,Corrugated sheets,瓦楞板,
HS,3,681182,"Other sheets, panels, tiles and similar articles",其他板材、板材、瓷砖及类似品,
HS,3,681183,"Tubes, pipes and tube or pipe fittings",管材、管道和管件,
HS,3,681189,Other articles,其他文章,
HS,3,681190,Other articles,其他文章,
HS,2,6812,"Fabricated asbestos fibres; mixtures with a basis of asbestos or with a basis of asbestos and magnesium carbonate; articles of such mixtures or of asbestos (for example, thread, woven fabric, clothing, headgear, footwear, gaskets), whether or not reinforc",加工过的石棉纤维；以石棉为基本成分或以石棉和碳酸镁为基本成分的混合物；由此类混合物或石棉制成的物品（例如，线、机织织物、衣服、头饰、鞋类、垫圈），不论是否增强,
HS,3,681210,Fabricated asbestos fibres; mixtures with a basis of asbestos or with a basis of asbestos and magnesium carbonate,加工石棉纤维；以石棉为基本成分或以石棉和碳酸镁为基本成分的混合物,
HS,3,681220,Yarn and thread,纱线,
HS,3,681230,"Cords and string, whether or not plaited",绳及细绳，不论是否编织,
HS,3,681240,Woven or knitted fabric,机织或针织面料,
HS,3,681250,"Clothing, clothing accessories, footwear and headgear",服装、服饰配件、鞋帽,
HS,3,681260,"Paper, millboard and felt",纸、纸板和毛毡,
HS,3,681270,"Compressed asbestos fibre jointing, in sheets or rolls",压缩石棉纤维接缝，片状或卷状,
HS,3,681280,Of crocidolite,青石棉,
HS,3,681290,Other,其他,
HS,3,681291,"Clothing, clothing accessories, footwear and headgear",服装、服饰配件、鞋帽,
HS,3,681292,"Paper, millboard and felt",纸、纸板和毛毡,
HS,3,681293,"Compressed asbestos fibre jointing, in sheets or rolls",压缩石棉纤维接缝，片状或卷状,
HS,3,681299,Other,其他,
HS,2,6813,"Friction material and articles thereof (for example, sheets, rolls, strips, segments, discs, washers, pads), not mounted, for brakes, for clutches or the like, with a basis of asbestos, of other mineral substances or of cellulose, whether or not combined",摩擦材料及其制品（例如，片材、卷材、带材、段材、盘材、垫圈、衬垫），用于制动器、离合器或类似装置，未安装，以石棉、其他矿物质或纤维素为基本成分，不论是否组合,
HS,3,681310,Brake linings and pads,刹车片和刹车衬片,
HS,3,681320,Containing asbestos,含石棉,
HS,3,681381,Brake linings and pads,刹车片和刹车衬片,
HS,3,681389,Other,其他,
HS,3,681390,Other,其他,
HS,2,6814,"Worked mica and articles of mica, including agglomerated or reconstituted mica, whether or not on a support of paper, paperboard or other materials.",加工过的云母和云母制品，包括聚集或再生云母，不论是否在纸、纸板或其他材料的支撑上,
HS,3,681410,"Plates, sheets and strips of agglomerated or reconstituted mica, whether or not on a support",聚合或重组云母板、片和条，无论是否在支撑物上,
HS,3,681490,Other,其他,
HS,2,6815,"Articles of stone or of other mineral substances (including carbon fibres, articles of carbon fibres and articles of peat), not elsewhere specified or included.",未在其他类别列明或包括的石制品或其他矿物质制品（包括碳纤维、碳纤维制品和泥炭制品）,
HS,3,681510,Non-electrical articles of graphite or other carbon,石墨或其他碳的非电气制品,
HS,3,681511,Stone or other mineral substances not elsewhere specified or included; carbon fibres for non-electrical uses,未在其他地方列明或包括的石材或其他矿物质；非电气用途的碳纤维,
HS,3,681512,Stone or other mineral substances not elsewhere specified or included; fabrics of carbon fibres for non-electrical uses,未在其他地方列明或包括的石材或其他矿物质；非电气用途的碳纤维织物,
HS,3,681513,Stone or other mineral substances not elsewhere specified or included; articles of carbon fibres for non-electrical uses,未在其他地方列明或包括的石材或其他矿物质；非电气用途的碳纤维制品,
HS,3,681519,Stone or other mineral substances not elsewhere specified or included; non-electrical articles of graphite or carbon n.e.c. in heading 6815,其他地方未列明或包括的石头或其他矿物质；税目 6815 中未列明的非电气石墨或碳制品,
HS,3,681520,Articles of peat,泥炭制品,
HS,3,681591,"Containing magnesite, dolomite or chromite",含有菱镁矿、白云石或铬铁矿,
HS,3,681599,Other,其他,
HS,1,69,CERAMIC PRODUCTS,陶瓷产品,
HS,2,6901,"Bricks, blocks, tiles and other ceramic goods of siliceous fossil meals (for example, kieselguhr, tripolite or diatomite) or of similar siliceous earths.",硅质化石粉（例如，硅藻土、硅藻土或硅藻土）或类似硅质土制成的砖、块、瓦和其他陶瓷制品,
HS,3,690100,"Bricks, blocks, tiles and other ceramic goods of siliceous fossil meals (for example, kieselguhr, tripolite or diatomite) or of similar siliceous earths",硅质化石粉（例如硅藻土、硅藻土或硅藻土）或类似硅质土制成的砖、块、瓦和其他陶瓷制品,
HS,2,6902,"Refractory bricks, blocks, tiles and similar refractory ceramic constructional goods, other than those of siliceous fossil meals or similar siliceous earths.",耐火砖、块、瓦及类似的耐火陶瓷建筑制品，但硅质化石粉或类似的硅质土制成的除外,
HS,3,690210,"Containing, by weight, singly or together, more than 50 % of the elements Mg, Ca or Cr, expressed as MgO, CaO or Cr2O3",按重量计，单独或合计含有超过 50% 的元素 Mg、Ca 或 Cr，以 MgO、CaO 或 Cr2O3 表示,
HS,3,690220,"Containing, by weight, more than 50 % of alumina (Al2O3), of silica (SiO2) or of a mixture or compound of these products",按重量计，含有超过 50% 的氧化铝 (Al2O3)、二氧化硅 (SiO2) 或这些产品的混合物或化合物,
HS,3,690290,Other,其他,
HS,2,6903,"Other refractory ceramic goods (for example, retorts, crucibles, muffles, nozzles, plugs, supports, cupels, tubes, pipes, sheaths and rods), other than those of siliceous fossil meals or of similar siliceous earths.",其他耐火陶瓷制品（例如，蒸馏器、坩埚、隔焰炉、喷嘴、塞子、支架、灰皿、管子、套管和棒），但硅质化石粉或类似的硅质土制成的除外,
HS,3,690310,"Containing, by weight, more than 50 % of graphite or other carbon or of a mixture of these products",按重量计，含有超过 50% 的石墨或其他碳或这些产品的混合物,
HS,3,690320,"Containing, by weight, more than 50 % of alumina (Al2O3) or of a mixture or compound of alumina and of silica (SiO2)",按重量计，含有超过 50% 的氧化铝 (Al2O3) 或氧化铝和二氧化硅 (SiO2) 的混合物或化合物,
HS,3,690390,Other,其他,
HS,2,6904,"Ceramic building bricks, flooring blocks, support or filler tiles and the like.",陶瓷建筑砖、地板砖、支撑或填充砖等,
HS,3,690410,Building bricks,积木,
HS,3,690490,Other,其他,
HS,2,6905,"Roofing tiles, chimney-pots, cowls, chimney liners, architectural ornaments and other ceramic constructional goods.",屋顶瓦片、烟囱帽、烟囱帽、烟囱衬管、建筑装饰品和其他陶瓷建筑制品,
HS,3,690510,Roofing tiles,屋顶瓦片,
HS,3,690590,Other,其他,
HS,2,6906,"Ceramic pipes, conduits, guttering and pipe fittings.",陶瓷管道、导管、排水沟和管件,
HS,3,690600,"Ceramic pipes, conduits, guttering and pipe fittings",陶瓷管道、导管、排水沟和管件,
HS,2,6907,"Unglazed ceramic flags and paving, hearth or wall tiles; unglazed ceramic mosaic cubes and the like, whether or not on a backing.",未上釉的陶瓷石板和铺路砖、壁炉砖或墙砖；未上釉的陶瓷马赛克立方体及类似品，不论是否带背衬,
HS,3,690710,"Tiles, cubes and similar articles, whether or not rectangular, the largest surface area of which is capable of being enclosed in a square the side of which is less than 7 cm",瓷砖、立方体及类似物品，无论是否矩形，其最大表面积能够被围成边长小于 7 厘米的正方形,
HS,3,690721,"Of a water absorption coefficient by weight not exceeding 0,5 %",吸水系数（重量）不超过0.5%,
HS,3,690722,"Of a water absorption coefficient by weight exceeding 0,5 % but not exceeding 10 %",吸水系数（重量）超过 0.5% 但不超过 10%,
HS,3,690723,Of a water absorption coefficient by weight exceeding 10 %,吸水率（重量）超过10%,
HS,3,690730,"Mosaic cubes and the like, other than those of subheading 690740",马赛克立方体及类似品，但子目 690740 的商品除外,
HS,3,690740,Finishing ceramics,陶瓷精加工,
HS,3,690790,Other,其他,
HS,2,6908,"Glazed ceramic flags and paving, hearth or wall tiles; glazed ceramic mosaic cubes and the like, whether or not on a backing.",釉面陶瓷石板及铺路砖、壁炉砖或墙砖；釉面陶瓷马赛克立方体及类似品，不论是否带背衬,
HS,3,690810,"Tiles, cubes and similar articles, whether or not rectangular, the largest surface area of which is capable of being enclosed in a square the side of which is less than 7 cm",瓷砖、立方体及类似物品，无论是否矩形，其最大表面积能够被围成边长小于 7 厘米的正方形,
HS,3,690890,Other,其他,
HS,2,6909,"Ceramic wares for laboratory, chemical or other technical uses; ceramic troughs, tubs and similar receptacles of a kind used in agriculture; ceramic pots, jars and similar articles of a kind used for the conveyance or packing of goods.",实验室、化学或其他技术用途的陶瓷器皿；农业用陶瓷槽、盆及类似容器；用于运输或包装货物的陶瓷壶、罐及类似物品,
HS,3,690911,Of porcelain or china,瓷器或瓷器,
HS,3,690912,Articles having a hardness equivalent to 9 or more on the Mohs scale,莫氏硬度为9或以上的物品,
HS,3,690919,Other,其他,
HS,3,690990,Other,其他,
HS,2,6910,"Ceramic sinks, wash basins, wash basin pedestals, baths, bidets, water closet pans, flushing cisterns, urinals and similar sanitary fixtures.",陶瓷水槽、洗脸盆、洗脸盆底座、浴缸、坐浴盆、抽水马桶、冲水箱、小便池和类似的卫生设备,
HS,3,691010,Of porcelain or china,瓷器或瓷器,
HS,3,691090,Other,其他,
HS,2,6911,"Tableware, kitchenware, other household articles and toilet articles, of porcelain or china.",瓷器或瓷器制的餐具、厨房用具、其他家居用品及盥洗用品,
HS,3,691110,Tableware and kitchenware,餐具和厨具,
HS,3,691190,Other,其他,
HS,2,6912,"Ceramic tableware, kitchenware, other household articles and toilet articles, other than of porcelain or china.",陶瓷餐具、厨房用具、其他家居用品及盥洗用品（瓷器或瓷器除外）,
HS,3,691200,"Ceramic tableware, kitchenware, other household articles and toilet articles, other than of porcelain or china",陶瓷餐具、厨房用具、其他家居用品及盥洗用品（瓷器或瓷器除外）,
HS,2,6913,Statuettes and other ornamental ceramic articles.,小雕像和其他装饰陶瓷物品,
HS,3,691310,Of porcelain or china,瓷器或瓷器,
HS,3,691390,Other,其他,
HS,2,6914,Other ceramic articles.,其他陶瓷制品,
HS,3,691410,Of porcelain or china,瓷器或瓷器,
HS,3,691490,Other,其他,
HS,1,70,GLASS AND GLASSWARE,玻璃和玻璃器皿,
HS,2,7001,Cullet and other waste and scrap of glass; glass in the mass.,碎玻璃及其他玻璃废料和碎屑；大块玻璃,
HS,3,700100,Cullet and other waste and scrap of glass; glass in the mass,碎玻璃及其他玻璃废碎料；大块玻璃,
HS,2,7002,"Glass in balls (other than microspheres of heading 70.18), rods or tubes, unworked.",未经加工的玻璃球（税号 70.18 的微球除外）、玻璃棒或玻璃管,
HS,3,700210,Balls,球,
HS,3,700220,Rods,杆,
HS,3,700231,Of fused quartz or other fused silica,熔融石英或其他熔融硅石,
HS,3,700232,Of other glass having a linear coefficient of expansion not exceeding 5 × 10–6 per Kelvin within a temperature range of 0 °C to 300 °C,在 0°C 至 300°C 的温度范围内，线性膨胀系数不超过 5×10-6/开尔文的其他玻璃,
HS,3,700239,Other,其他,
HS,2,7003,"Cast glass and rolled glass, in sheets or profiles, whether or not having an absorbent, reflecting or non-reflecting layer, but not otherwise worked.",铸造玻璃和压延玻璃，无论是板材还是型材，不论是否具有吸收层、反射层或非反射层，但未经其他加工,
HS,3,700311,"Coloured throughout the mass (body tinted), opacified, flashed or having an absorbent or reflecting layer",整个物体呈彩色（体色）、不透明、闪光或具有吸收层或反射层,
HS,3,700312,"Coloured throughout the mass (body tinted), opacified, flashed or having an absorbent, reflecting or non-reflecting layer",整个物体呈彩色（体色）、不透明、闪光或具有吸收层、反射层或非反射层,
HS,3,700319,Other,其他,
HS,3,700320,Wired sheets,有线床单,
HS,3,700330,Profiles,个人资料,
HS,2,7004,"Drawn glass and blown glass, in sheets, whether or not having an absorbent, reflecting or non-reflecting layer, but not otherwise worked.",拉制玻璃及吹制玻璃，片状，不论是否具有吸收层、反射层或非反射层，但未经其他加工,
HS,3,700410,"Glass, coloured throughout the mass (body tinted), opacified, flashed or having an absorbent or reflecting layer",玻璃，整体着色（本体着色），不透明，闪光或具有吸收层或反射层,
HS,3,700420,"Glass, coloured throughout the mass (body tinted), opacified, flashed or having an absorbent, reflecting or non-reflecting layer",玻璃，整体着色（本体着色），不透明，闪光或具有吸收层，反射层或非反射层,
HS,3,700490,Other glass,其他玻璃,
HS,2,7005,"Float glass and surface ground or polished glass, in sheets, whether or not having an absorbent, reflecting or non-reflecting layer, but not otherwise worked.",浮法玻璃及表面磨砂或抛光玻璃，片状，不论是否具有吸收层、反射层或非反射层，但未经其他加工,
HS,3,700510,"Non-wired glass, having an absorbent, reflecting or non-reflecting layer",具有吸收层、反射层或非反射层的无线玻璃,
HS,3,700521,"Coloured throughout the mass (body tinted), opacified, flashed or merely surface ground",整个体块着色（体色）、不透明、闪光或仅仅是表面底色,
HS,3,700529,Other,其他,
HS,3,700530,Wired glass,夹丝玻璃,
HS,2,7006,"Glass of heading 70.03, 70.04 or 70.05, bent, edge-worked, engraved, drilled, enamelled or otherwise worked, but not framed or fitted with other materials.",税目 70.03、70.04 或 70.05 的玻璃，经弯曲、磨边、雕刻、钻孔、上釉或以其他方式加工，但未用其他材料镶框或装配,
HS,3,700600,"Glass of heading 7003, 7004 or 7005, bent, edge-worked, engraved, drilled, enamelled or otherwise worked, but not framed or fitted with other materials",7003、7004 或 7005 类玻璃，经弯曲、磨边、雕刻、钻孔、上釉或以其他方式加工，但未用其他材料镶框或安装,
HS,2,7007,"Safety glass, consisting of toughened (tempered) or laminated glass.",安全玻璃，由钢化玻璃或夹层玻璃制成,
HS,3,700711,"Of size and shape suitable for incorporation in vehicles, aircraft, spacecraft or vessels",尺寸和形状适合安装在车辆、飞机、航天器或船舶上,
HS,3,700719,Other,其他,
HS,3,700721,"Of size and shape suitable for incorporation in vehicles, aircraft, spacecraft or vessels",尺寸和形状适合安装在车辆、飞机、航天器或船舶上,
HS,3,700729,Other,其他,
HS,2,7008,Multiple-walled insulating units of glass.,多壁玻璃绝缘单元,
HS,3,700800,Multiple-walled insulating units of glass,多壁玻璃绝缘单元,
HS,2,7009,"Glass mirrors, whether or not framed, including rear-view mirrors.",玻璃镜，无论是否带框，包括后视镜,
HS,3,700910,Rear-view mirrors for vehicles,车辆后视镜,
HS,3,700991,Unframed,无框的,
HS,3,700992,Framed,框架,
HS,2,7010,"Carboys, bottles, flasks, jars, pots, phials, ampoules and other containers, of glass, of a kind used for the conveyance or packing of goods; preserving jars of glass; stoppers, lids and other closures, of glass.",用于运输或包装货物的玻璃大瓶、瓶子、烧瓶、罐、壶、小瓶、安瓿瓶及其他玻璃容器；玻璃保鲜罐；玻璃塞、玻璃盖及其他封闭装置,
HS,3,701010,Ampoules,安瓿,
HS,3,701020,"Stoppers, lids and other closures",瓶塞、盖子和其他封盖,
HS,3,701090,Other,其他,
HS,3,701091,Exceeding 1 l,超过1升,
HS,3,701092,Exceeding 0.33 l but not exceeding 1 l,超过0.33升但不超过1升,
HS,3,701093,Exceeding 0.15 l but not exceeding 0.33 l,超过0.15升但不超过0.33升,
HS,3,701094,Not exceeding 0.15 l,不超过0.15升,
HS,2,7011,"Glass envelopes (including bulbs and tubes), open, and glass parts thereof, without fittings, for electric lamps, cathode-ray tubes or the like.",用于电灯、阴极射线管或类似物的敞开的玻璃外壳（包括灯泡和灯管）及其玻璃部件（无配件）,
HS,3,701110,For electric lighting,用于电力照明,
HS,3,701120,For cathode ray tubes,用于阴极射线管,
HS,3,701190,Other,其他,
HS,2,7012,Glass inners for vacuum flasks or for other vacuum vessels,真空瓶或其他真空容器的玻璃内胆,
HS,3,701200,Glass inners for vacuum flasks or for other vacuum vessels.,真空瓶或其他真空容器的玻璃内胆,
HS,2,7013,"Glassware of a kind used for table, kitchen, toilet, office, indoor decoration or similar purposes (other than that of heading 70.10 or 70.18).",用于餐桌、厨房、卫生间、办公室、室内装饰或类似用途的玻璃器皿（税目 70.10 或 70.18 的货品除外）,
HS,3,701310,Of glass ceramics,玻璃陶瓷,
HS,3,701321,Of lead crystal,铅水晶,
HS,3,701322,Of lead crystal,铅水晶,
HS,3,701328,Other,其他,
HS,3,701329,Other,其他,
HS,3,701331,Of lead crystal,铅水晶,
HS,3,701332,Of glass having a linear co-efficient of expansion not exceeding 5x10-6 per Kelvin within a temperature range of 0°C to 300°C,由玻璃制成，其线性膨胀系数在 0°C 至 300°C 的温度范围内不超过 5x10-6/开尔文,
HS,3,701333,Of lead crystal,铅水晶,
HS,3,701337,Other,其他,
HS,3,701339,Other,其他,
HS,3,701341,Of lead crystal,铅水晶,
HS,3,701342,Of glass having a linear coefficient of expansion not exceeding 5 × 10–6 per Kelvin within a temperature range of 0 °C to 300 °C,由在 0°C 至 300°C 的温度范围内线性膨胀系数不超过 5×10-6/开尔文的玻璃制成,
HS,3,701349,Other,其他,
HS,3,701391,Of lead crystal,铅水晶,
HS,3,701399,Other,其他,
HS,2,7014,"Signalling glassware and optical elements of glass (other than those of heading 70.15), not optically worked.",未经光学加工的信号玻璃器皿及玻璃光学元件（税目 70.15 的货品除外）,
HS,3,701400,"Signalling glassware and optical elements of glass (other than those of heading 7015), not optically worked",信号玻璃器皿及玻璃光学元件（税目7015的除外），未经光学加工,
HS,2,7015,"corrective or corrective spectacles, curved, bent, hollowed or the like, not optically worked; hollow glass spheres and their segments, for the manufacture of such glasses.",矫正眼镜或矫正用眼镜，曲面、弯角、空心或类似形状，未经光学加工；用于制造此类眼镜的空心玻璃球及其扇形体,
HS,3,701510,Glasses for corrective spectacles,矫正眼镜,
HS,3,701590,Other,其他,
HS,2,7016,"Paving blocks, slabs, bricks, squares, tiles and other articles of pressed or moulded glass, whether or not wired, of a kind used for building or construction purposes; glass cubes and other glass smallwares, whether or not on a backing, for mosaics or si",用于建筑或施工目的的压制或模压玻璃块、板、砖、方块、瓷砖和其他制品，不论是否嵌有金属丝；用于马赛克或马赛克的玻璃立方体和其他玻璃小件，不论是否带有背衬,
HS,3,701610,"Glass cubes and other glass smallwares, whether or not on a backing, for mosaics or similar decorative purposes",玻璃方块和其他玻璃小件，无论是否有背衬，用于马赛克或类似的装饰目的,
HS,3,701690,Other,其他,
HS,2,7017,"Laboratory, hygienic or pharmaceutical glassware, whether or not graduated or calibrated.",实验室、卫生或制药玻璃器皿，不论是否刻度或校准,
HS,3,701710,Of fused quartz or other fused silica,熔融石英或其他熔融硅石,
HS,3,701720,Of other glass having a linear coefficient of expansion not exceeding 5 × 10–6 per Kelvin within a temperature range of 0 °C to 300 °C,在 0°C 至 300°C 的温度范围内，线性膨胀系数不超过 5×10-6/开尔文的其他玻璃,
HS,3,701790,Other,其他,
HS,2,7018,"Glass beads, imitation pearls, imitation precious or semi-precious stones and similar glass smallwares, and articles thereof other than imitation jewellery; glass eyes other than prosthetic articles; statuettes and other ornaments of lamp-worked glass, ot",玻璃珠、仿珍珠、仿宝石或半宝石及类似的玻璃小件，及其制品（仿制珠宝除外）；玻璃眼（假体除外）；小雕像及其他灯工玻璃饰品等,
HS,3,701810,"Glass beads, imitation pearls, imitation precious or semi-precious stones and similar glass smallwares",玻璃珠、仿珍珠、仿宝石或半宝石及类似的玻璃小件,
HS,3,701820,Glass microspheres not exceeding 1 mm in diameter,直径不超过1毫米的玻璃微球,
HS,3,701890,Other,其他,
HS,2,7019,"Glass fibres (including glass wool) and articles thereof (for example, yarn, woven fabrics).",玻璃纤维（包括玻璃棉）及其制品（例如，纱线、机织织物）,
HS,3,701910,"Slivers, rovings, yarn and chopped strands",条子、粗纱、纱线和短切原丝,
HS,3,701911,"Chopped strands, of a length of not more than 50 mm",短切原丝，长度不超过50毫米,
HS,3,701912,Rovings,粗纱,
HS,3,701913,"Glass fibres; (including glass wool), yarns and slivers",玻璃纤维（包括玻璃棉）、纱线及条子,
HS,3,701914,"Glass fibres; (including glass wool), mechanically bonded mats",玻璃纤维（包括玻璃棉）、机械粘合垫,
HS,3,701915,"Glass fibres; (including glass wool), chemically bonded mats",玻璃纤维（包括玻璃棉）、化学粘合垫,
HS,3,701919,Other,其他,
HS,3,701920,"Woven fabrics, including narrow fabrics",机织织物，包括窄幅织物,
HS,3,701931,Mats,垫子,
HS,3,701932,Thin sheets (voiles),薄片（巴里纱）,
HS,3,701939,Other,其他,
HS,3,701940,Woven fabrics of rovings,粗纱机织物,
HS,3,701951,Of a width not exceeding 30 cm,宽度不超过30厘米,
HS,3,701952,"Of a width exceeding 30 cm, plain weave, weighing less than 250 g/m², of filaments measuring per single yarn not more than 136 tex",宽度超过 30 厘米，平纹编织，重量小于 250 克/平方米，每根单纱的长丝含量不超过 136 特,
HS,3,701959,Other,其他,
HS,3,701961,Glass fibres; mechanically bonded fabrics and closed woven fabrics of rovings,玻璃纤维；机械粘合织物和粗纱密织织物,
HS,3,701962,Glass fibres; non-woven mechanically bonded fabrics and closed fabrics of rovings,玻璃纤维；机械粘合无纺布和粗纱密合织物,
HS,3,701963,"Glass fibres; mechanically bonded fabrics and closed woven fabrics, plain weave, of yarns, not coated or laminated (other than rovings)",玻璃纤维；机械粘合织物和紧密编织织物，平纹，纱线，未涂层或层压（粗纱除外）,
HS,3,701964,"Glass fibres; closed woven fabrics, plain weave, of yarns, coated or laminated, (other than rovings)",玻璃纤维；纱线制成的平纹密织织物，涂层或层压，（粗纱除外）,
HS,3,701965,Glass fibres; open woven fabrics of a width not exceeding 30cm,玻璃纤维；宽度不超过30厘米的开放式编织织物,
HS,3,701966,Glass fibres; open woven fabrics of a width exceeding 30cm,玻璃纤维；宽度超过30厘米的开放式机织织物,
HS,3,701969,Glass fibres; fabrics n.e.c. in item no. 7019.6,玻璃纤维；7019.6 项下的织物,
HS,3,701971,Glass fibres; chemically bonded fabrics,玻璃纤维；化学粘合织物,
HS,3,701972,"Glass fibres; chemically bonded fabrics, closed fabrics n.e.c. in heading 7019",玻璃纤维；化学粘合织物、7019 品目下的封闭织物,
HS,3,701973,"Glass fibres; chemically bonded fabrics, open fabrics n.e.c. in heading 7019",玻璃纤维；化学粘合织物、品目 7019 中的开放式织物,
HS,3,701980,Glass fibres; glass wool and articles thereof,玻璃纤维；玻璃棉及其制品,
HS,3,701990,Other,其他,
HS,2,7020,Other articles of glass.,其他玻璃制品,
HS,3,702000,Other articles of glass,其他玻璃制品,
HS,1,71,"NATURAL OR CULTURED PEARLS, PRECIOUS OR SEMI-PRECIOUS STONES, PRECIOUS METALS, METALS CLAD WITH PRECIOUS METAL, AND ARTICLES THEREOF; IMITATION JEWELLERY; COIN",天然或养殖珍珠、宝石或半宝石、贵金属、包贵金属及其制品；仿首饰；硬币,
HS,2,7101,"Pearls, natural or cultured, whether or not worked or graded but not strung, mounted or set; pearls, natural or cultured, temporarily strung for convenience of transport.",天然或养殖珍珠，不论是否加工或分级，但未串珠、镶嵌或镶嵌；为方便运输而临时串珠的天然或养殖珍珠,
HS,3,710110,Natural pearls,天然珍珠,
HS,3,710121,Unworked,未加工,
HS,3,710122,Worked,工作过,
HS,2,7102,"Diamonds, whether or not worked, but not mounted or set.",钻石，不论是否加工，但未镶嵌或安装,
HS,3,710210,Unsorted,未分类,
HS,3,710221,"Unworked or simply sawn, cleaved or bruted",未加工或简单锯切、劈开或粗加工,
HS,3,710229,Other,其他,
HS,3,710231,"Unworked or simply sawn, cleaved or bruted",未加工或简单锯切、劈开或粗加工,
HS,3,710239,Other,其他,
HS,2,7103,"precious stones, temporarily strung for convenience of transport.",宝石，为了方便运输而临时串起来,
HS,3,710310,Unworked or simply sawn or roughly shaped,未加工或简单锯切或粗糙成型,
HS,3,710391,"Rubies, sapphires and emeralds",红宝石、蓝宝石和祖母绿,
HS,3,710399,Other,其他,
HS,2,7104,"Synthetic or reconstructed precious or semi-precious stones, whether or not worked or graded but not strung, mounted or set; ungraded synthetic or reconstructed precious or semi-precious stones, temporarily strung for convenience of transport.",合成或再造宝石或半宝石，不论是否加工或分级，但未穿串、镶嵌或镶嵌；未分级的合成或再造宝石或半宝石，为方便运输而临时穿串,
HS,3,710410,Piezoelectric quartz,压电石英,
HS,3,710420,"Other, unworked or simply sawn or roughly shaped",其他，未加工或简单锯切或粗糙成型,
HS,3,710421,"Stones; diamonds, unworked or simply sawn or roughly shaped",宝石；钻石，未加工或简单锯切或粗略成型,
HS,3,710429,"Stones; synthetic or reconstructed precious or semi-precious n.e.c. in heading 7104, unworked or simply sawn or roughly shaped",宝石；合成或再造宝石或半宝石（税号 7104），未经加工或简单锯切或粗略成型,
HS,3,710490,Other,其他,
HS,3,710491,"Stones; diamonds, n.e.c. in heading 7104, worked or graded but not strung, mounted or set; ungraded synthetic or reconstructed precious or semi-precious stones, temporarily strung for convenience of transport",宝石；钻石（税目 7104 中的其他商品），已加工或分级，但未穿串、镶嵌或镶嵌；未分级的合成或再造宝石或半宝石，为方便运输而临时穿串,
HS,3,710499,"Stones; synthetic or reconstructed precious or semi-precious n.e.c. in heading 7104, worked or graded but not strung, mounted or set; ungraded synthetic or reconstructed precious or semi-precious stones, temporarily strung for convenience of transport",宝石；合成或再造宝石或半宝石（税目 7104 中未列明），已加工或分级但未穿串、镶嵌或镶嵌；未分级合成或再造宝石或半宝石，为方便运输而临时穿串,
HS,2,7105,precious stones.,宝石,
HS,3,710510,Of diamonds,钻石,
HS,3,710590,Other,其他,
HS,2,7106,"Silver (including silver plated with gold or platinum), unwrought or in semi-manufactured forms, or in powder form.",银（包括镀金或镀铂的银），未锻造或半制成品，或粉末状,
HS,3,710610,Powder,粉末,
HS,3,710691,Unwrought,未锻造,
HS,3,710692,Semi-manufactured,半成品,
HS,2,7107,manufactured.,制造,
HS,3,710700,"Base metals clad with silver, not further worked than semi-manufactured",贱金属镀银，未经进一步加工，仅制成半成品,
HS,2,7108,"Gold (including gold plated with platinum) unwrought or in semi-manufactured forms, or in powder form.",未锻造或半制成品或粉末状的黄金（包括镀铂金）,
HS,3,710811,Powder,粉末,
HS,3,710812,Other unwrought forms,其他未锻造形式,
HS,3,710813,Other semi-manufactured forms,其他半成品形式,
HS,3,710820,Monetary,货币,
HS,2,7109,"Base metals or silver, clad with gold, not further worked than semi-manufactured.",贱金属或银，镀金，未经进一步加工，仅制成半成品,
HS,3,710900,"Base metals or silver, clad with gold, not further worked than semi-manufactured",贱金属或银，镀金，未经过半成品加工,
HS,2,7110,"Platinum, unwrought or in semi-manufactured forms, or in powder form.",铂金，未锻造或半制成品，或粉末形式,
HS,3,711011,Unwrought or in powder form,未锻造或粉末状,
HS,3,711019,Other,其他,
HS,3,711021,Unwrought or in powder form,未锻造或粉末状,
HS,3,711029,Other,其他,
HS,3,711031,Unwrought or in powder form,未锻造或粉末状,
HS,3,711039,Other,其他,
HS,3,711041,Unwrought or in powder form,未锻造或粉末状,
HS,3,711049,Other,其他,
HS,2,7111,"Base metals, silver or gold, clad with platinum, not further worked than semi-manufactured.",贱金属，银或金，镀铂，未经半成品进一步加工,
HS,3,711100,"Base metals, silver or gold, clad with platinum, not further worked than semi-manufactured",贱金属，银或金，镀铂，未经过半成品加工,
HS,2,7112,"Waste and scrap of precious metal or of metal clad with precious metal; other waste and scrap containing precious metal or precious metal compounds, of a kind used principally for the recovery of precious metal.",贵金属或包贵金属的废碎料；其他含有贵金属或贵金属化合物的废碎料，主要用于回收贵金属,
HS,3,711210,"Of gold, including metal clad with gold but excluding sweepings containing other precious metals",黄金制品，包括包金金属，但不包括含有其他贵金属的残渣,
HS,3,711220,"Of platinum, including metal clad with platinum but excluding sweepings containing other precious metals",铂金制品，包括包铂金的金属，但不包括含有其他贵金属的残渣,
HS,3,711230,Ash containing precious metal or precious-metal compounds,含贵金属或贵金属化合物的灰烬,
HS,3,711290,Other,其他,
HS,3,711291,"Of gold, including metal clad with gold but excluding sweepings containing other precious metals",黄金制品，包括包金金属，但不包括含有其他贵金属的残渣,
HS,3,711292,"Of platinum, including metal clad with platinum but excluding sweepings containing other precious metals",铂金制品，包括包铂金的金属，但不包括含有其他贵金属的残渣,
HS,3,711299,Other,其他,
HS,2,7113,"Articles of jewellery and parts thereof, of precious metal or of metal clad with precious metal.",由贵金属或包贵金属制成的珠宝首饰及其零件,
HS,3,711311,"Of silver, whether or not plated or clad with other precious metal",银制，不论是否镀或包覆其他贵金属,
HS,3,711319,"Of other precious metal, whether or not plated or clad with precious metal",其他贵金属制成，不论是否镀或包覆贵金属,
HS,3,711320,Of base metal clad with precious metal,贱金属包覆贵金属,
HS,2,7114,"Articles of goldsmiths' or silversmiths' wares and parts thereof, of precious metal or of metal clad with precious metal.",由贵金属或包贵金属制成的金匠或银匠制品及其零件,
HS,3,711411,"Of silver, whether or not plated or clad with other precious metal",银制，不论是否镀或包覆其他贵金属,
HS,3,711419,"Of other precious metal, whether or not plated or clad with precious metal",其他贵金属制成，不论是否镀或包覆贵金属,
HS,3,711420,Of base metal clad with precious metal,贱金属包覆贵金属,
HS,2,7115,Other articles of precious metal or of metal clad with precious metal.,其他贵金属制品或包贵金属制品,
HS,3,711510,"Catalysts in the form of wire cloth or grill, of platinum",铂制金属丝布或金属格栅催化剂,
HS,3,711590,Other,其他,
HS,2,7116,"Articles of natural or cultured pearls, precious or semi-precious stones (natural, synthetic or reconstructed).",天然或养殖珍珠、宝石或半宝石（天然、合成或再生）制品,
HS,3,711610,Of natural or cultured pearls,天然或养殖珍珠,
HS,3,711620,"Of precious or semi-precious stones (natural, synthetic or reconstructed)",宝石或半宝石（天然、合成或再造）,
HS,2,7117,Imitation jewellery.,仿制珠宝,
HS,3,711711,Cuff links and studs,袖扣和饰钉,
HS,3,711719,Other,其他,
HS,3,711790,Other,其他,
HS,2,7118,Coin.,硬币,
HS,3,711810,"Coin (other than gold coin), not being legal tender",硬币（金币除外），非法定货币,
HS,3,711890,Other,其他,
HS,1,72,IRON AND STEEL,钢铁,
HS,2,7201,"Pig iron and spiegeleisen in pigs, blocks or other primary forms.",生铁和镜铁，呈生铁锭、块状或其他初级形状,
HS,3,720110,"Non-alloy pig iron containing by weight 0,5 % or less of phosphorus",按重量计含磷0.5%或以下的非合金生铁,
HS,3,720120,"Non-alloy pig iron containing by weight more than 0,5 % of phosphorus",按重量计含磷量超过0.5%的非合金生铁,
HS,3,720130,Alloy pig iron,合金生铁,
HS,3,720140,Spiegeleisen,镜中人,
HS,3,720150,Alloy pig iron; spiegeleisen,合金生铁；镜铁,
HS,2,7202,Ferro-alloys.,铁合金,
HS,3,720211,Containing by weight more than 2 % of carbon,按重量计含碳量超过2%,
HS,3,720219,Other,其他,
HS,3,720221,Containing by weight more than 55 % of silicon,按重量计含硅量超过55%,
HS,3,720229,Other,其他,
HS,3,720230,Ferro-silico-manganese,硅锰铁,
HS,3,720241,Containing by weight more than 4 % of carbon,按重量计含碳量超过4%,
HS,3,720249,Other,其他,
HS,3,720250,Ferro-silico-chromium,硅铬铁,
HS,3,720260,Ferro-nickel,镍铁,
HS,3,720270,Ferro-molybdenum,钼铁,
HS,3,720280,Ferro-tungsten and ferro-silico-tungsten,钨铁和硅钨铁,
HS,3,720291,Ferro-titanium and ferro-silico-titanium,钛铁和硅钛铁,
HS,3,720292,Ferro-vanadium,钒铁,
HS,3,720293,Ferro-niobium,铌铁,
HS,3,720299,Other,其他,
HS,2,7203,"Ferrous products obtained by direct reduction of iron ore and other spongy ferrous products, in lumps, pellets or similar forms; iron having a minimum purity by weight of 99.94 %, in lumps, pellets or similar forms.",通过直接还原铁矿石和其他海绵状黑色金属产品而获得的黑色金属产品，呈块状、球状或类似形状；按重量计算纯度至少为 99.94% 的铁，呈块状、球状或类似形状,
HS,3,720310,Ferrous products obtained by direct reduction of iron ore,通过铁矿石直接还原获得的黑色金属产品,
HS,3,720390,Other,其他,
HS,2,7204,Ferrous waste and scrap; remelting scrap ingots of iron or steel.,黑色金属废料和碎屑；重熔废铁或钢锭,
HS,3,720410,Waste and scrap of cast iron,铸铁废碎料,
HS,3,720421,Of stainless steel,不锈钢材质,
HS,3,720429,Other,其他,
HS,3,720430,Waste and scrap of tinned iron or steel,镀锡钢铁废碎料,
HS,3,720441,"Turnings, shavings, chips, milling waste, sawdust, filings, trimmings and stampings, whether or not in bundles",车削件、刨花、碎片、铣削废料、锯末、锉屑、边角料及冲压件，不论是否成捆,
HS,3,720449,Other,其他,
HS,3,720450,Remelting scrap ingots,废钢锭重熔,
HS,2,7205,"Granules and powders, of pig iron, spiegeleisen, iron or steel.",生铁、镜铁、铁或钢的颗粒和粉末,
HS,3,720510,Granules,颗粒,
HS,3,720521,Of alloy steel,合金钢,
HS,3,720529,Other,其他,
HS,2,7206,Iron and non-alloy steel in ingots or other primary forms (excluding iron of heading 72.03).,铸锭或其他初级形状的铁及非合金钢（税目 72.03 的铁除外）,
HS,3,720610,Ingots,锭,
HS,3,720690,Other,其他,
HS,2,7207,Semi-finished products of iron or non-alloy steel.,铁或非合金钢的半成品,
HS,3,720711,"Of rectangular (including square) cross-section, the width measuring less than twice the thickness",横截面为矩形（包括正方形），宽度小于厚度的两倍,
HS,3,720712,"Other, of rectangular (other than square) cross-section",其他，矩形（正方形除外）横截面,
HS,3,720719,Other,其他,
HS,3,720720,"Containing by weight 0,25 % or more of carbon",按重量计含碳0.25%或更多,
HS,2,7208,"Flat-rolled products of iron or non-alloy steel, of a width of 600 mm or more, hot-rolled, not clad, plated or coated.",宽度为 600 毫米或以上的热轧铁或非合金钢扁平轧材，未经包覆、镀层或涂层,
HS,3,720810,"In coils, not further worked than hot-rolled, with patterns in relief",卷材，未经热轧进一步加工，带有浮雕图案,
HS,3,720811,Of a thickness exceeding 10 mm,厚度超过10毫米,
HS,3,720812,"Of a thickness of 4,75 mm or more but not exceeding 10 mm",厚度为 4.75 毫米或以上，但不超过 10 毫米,
HS,3,720813,"Of a thickness of 3 mm or more but less than 4,75 mm",厚度为 3 毫米或以上但小于 4.75 毫米,
HS,3,720814,Of a thickness of less than 3 mm,厚度小于3毫米,
HS,3,720821,Of a thickness exceeding 10 mm,厚度超过10毫米,
HS,3,720822,"Of a thickness of 4,75 mm or more but not exceeding 10 mm",厚度为 4.75 毫米或以上，但不超过 10 毫米,
HS,3,720823,"Of a thickness of 3 mm or more but less than 4,75 mm",厚度为 3 毫米或以上但小于 4.75 毫米,
HS,3,720824,Of a thickness of less than 3 mm,厚度小于3毫米,
HS,3,720825,"Of a thickness of 4,75 mm or more",厚度为4.75毫米或以上,
HS,3,720826,"Of a thickness of 3 mm or more but less than 4,75 mm",厚度为 3 毫米或以上但小于 4.75 毫米,
HS,3,720827,Of a thickness of less than 3 mm,厚度小于3毫米,
HS,3,720831,"Rolled on four faces or in a closed box pass, of a width not exceeding 1 250 mm and of a thickness of not less than 4 mm, without patterns in relief",四面轧制或封闭式箱式轧制，宽度不超过1250毫米，厚度不小于4毫米，无浮雕图案,
HS,3,720832,"Other, of a thickness exceeding 10 mm",其他，厚度超过10毫米,
HS,3,720833,"Other, of a thickness of 4,75 mm or more but not exceeding 10 mm",其他，厚度为 4.75 毫米或以上，但不超过 10 毫米,
HS,3,720834,"Other, of a thickness of 3 mm or more but less than 4,75 mm",其他，厚度为 3 毫米或以上，但小于 4.75 毫米,
HS,3,720835,"Other, of a thickness of less than 3 mm",其他，厚度小于3毫米,
HS,3,720836,Of a thickness exceeding 10 mm,厚度超过10毫米,
HS,3,720837,"Of a thickness of 4,75 mm or more but not exceeding 10 mm",厚度为 4.75 毫米或以上，但不超过 10 毫米,
HS,3,720838,"Of a thickness of 3 mm or more but less than 4,75 mm",厚度为 3 毫米或以上但小于 4.75 毫米,
HS,3,720839,Of a thickness of less than 3 mm,厚度小于3毫米,
HS,3,720840,"Not in coils, not further worked than hot-rolled, with patterns in relief",非卷材，未经热轧进一步加工，且带有浮雕图案,
HS,3,720841,"Rolled on four faces or in a closed box pass, of a width not exceeding 1 250 mm and of a thickness of not less than 4 mm, without patterns in relief",四面轧制或封闭式箱式轧制，宽度不超过1250毫米，厚度不小于4毫米，无浮雕图案,
HS,3,720842,"Other, of a thickness exceeding 10 mm",其他，厚度超过10毫米,
HS,3,720843,"Other, of a thickness of 4,75 mm or more but not exceeding 10 mm",其他，厚度为 4.75 毫米或以上，但不超过 10 毫米,
HS,3,720844,"Other, of a thickness of 3 mm or more but less than 4,75 mm",其他，厚度为 3 毫米或以上，但小于 4.75 毫米,
HS,3,720845,"Other, of a thickness of less than 3 mm",其他，厚度小于3毫米,
HS,3,720851,Of a thickness exceeding 10 mm,厚度超过10毫米,
HS,3,720852,"Of a thickness of 4,75 mm or more but not exceeding 10 mm",厚度为 4.75 毫米或以上，但不超过 10 毫米,
HS,3,720853,"Of a thickness of 3 mm or more but less than 4,75 mm",厚度为 3 毫米或以上但小于 4.75 毫米,
HS,3,720854,Of a thickness of less than 3 mm,厚度小于3毫米,
HS,3,720890,Other,其他,
HS,2,7209,"Flat-rolled products of iron or non-alloy steel, of a width of 600 mm or more, cold-rolled (cold-reduced), not clad, plated or coated.",宽度为 600 毫米或以上的铁或非合金钢扁轧产品，冷轧（冷轧），未包覆、镀层或涂层,
HS,3,720911,Of a thickness of 3 mm or more,厚度为3毫米或以上,
HS,3,720912,Of a thickness exceeding 1 mm but less than 3 mm,厚度超过1毫米但小于3毫米,
HS,3,720913,"Of a thickness of 0,5 mm or more but not exceeding 1 mm",厚度为0.5毫米或以上，但不超过1毫米,
HS,3,720914,"Of a thickness of less than 0,5 mm",厚度小于0.5毫米,
HS,3,720915,Of a thickness of 3 mm or more,厚度为3毫米或以上,
HS,3,720916,Of a thickness exceeding 1 mm but less than 3 mm,厚度超过1毫米但小于3毫米,
HS,3,720917,"Of a thickness of 0,5 mm or more but not exceeding 1 mm",厚度为0.5毫米或以上，但不超过1毫米,
HS,3,720918,"Of a thickness of less than 0,5 mm",厚度小于0.5毫米,
HS,3,720921,Of a thickness of 3 mm or more,厚度为3毫米或以上,
HS,3,720922,Of a thickness exceeding 1 mm but less than 3 mm,厚度超过1毫米但小于3毫米,
HS,3,720923,"Of a thickness of 0,5 mm or more but not exceeding 1 mm",厚度为0.5毫米或以上，但不超过1毫米,
HS,3,720924,"Of a thickness of less than 0,5 mm",厚度小于0.5毫米,
HS,3,720925,Of a thickness of 3 mm or more,厚度为3毫米或以上,
HS,3,720926,Of a thickness exceeding 1 mm but less than 3 mm,厚度超过1毫米但小于3毫米,
HS,3,720927,"Of a thickness of 0,5 mm or more but not exceeding 1 mm",厚度为0.5毫米或以上，但不超过1毫米,
HS,3,720928,"Of a thickness of less than 0,5 mm",厚度小于0.5毫米,
HS,3,720931,Of a thickness of 3 mm or more,厚度为3毫米或以上,
HS,3,720932,Of a thickness exceeding 1 mm but less than 3 mm,厚度超过1毫米但小于3毫米,
HS,3,720933,"Of a thickness of 0,5 mm or more but not exceeding 1 mm",厚度为0.5毫米或以上，但不超过1毫米,
HS,3,720934,"Of a thickness of less than 0,5 mm",厚度小于0.5毫米,
HS,3,720941,Of a thickness of 3 mm or more,厚度为3毫米或以上,
HS,3,720942,Of a thickness exceeding 1 mm but less than 3 mm,厚度超过1毫米但小于3毫米,
HS,3,720943,"Of a thickness of 0,5 mm or more but not exceeding 1 mm",厚度为0.5毫米或以上，但不超过1毫米,
HS,3,720944,"Of a thickness of less than 0,5 mm",厚度小于0.5毫米,
HS,3,720990,Other,其他,
HS,2,7210,"Flat-rolled products of iron or non-alloy steel, of a width of 600 mm or more, clad, plated or coated.",宽度为 600 毫米及以上的铁或非合金钢扁平轧材，经包覆、镀覆或涂层,
HS,3,721011,"Of a thickness of 0,5 mm or more",厚度为0.5毫米或以上,
HS,3,721012,"Of a thickness of less than 0,5 mm",厚度小于0.5毫米,
HS,3,721020,"Plated or coated with lead, including terne-plate",镀铅或涂铅，包括镀铅锡板,
HS,3,721030,Electrolytically plated or coated with zinc,电解镀锌或涂锌,
HS,3,721031,Of steel of a thickness of less than 3 mm and having a minimum yield point of 275 MPa or of a thickness of 3 mm or more and having a minimum yield point of 355 MPa,厚度小于 3 毫米、最小屈服点为 275 兆帕的钢材，或厚度为 3 毫米或以上、最小屈服点为 355 兆帕的钢材,
HS,3,721039,Other,其他,
HS,3,721041,Corrugated,瓦楞,
HS,3,721049,Other,其他,
HS,3,721050,Plated or coated with chromium oxides or with chromium and chromium oxides,镀或涂有氧化铬或铬和氧化铬,
HS,3,721060,Plated or coated with aluminium,镀铝或涂铝,
HS,3,721061,Plated or coated with aluminium-zinc alloys,镀或涂铝锌合金,
HS,3,721069,Other,其他,
HS,3,721070,"Painted, varnished or coated with plastics",涂漆、上漆或涂塑料,
HS,3,721090,Other,其他,
HS,2,7211,"Flat-rolled products of iron or non-alloy steel, of a width of less than 600 mm, not clad, plated or coated.",宽度小于 600 毫米、未经包覆、镀层或涂层的铁或非合金钢平板轧材,
HS,3,721111,"Rolled on four faces or in a closed box pass, of a width exceeding 150 mm and a thickness of not less than 4 mm, not in coils and without patterns in relief",四面轧制或封闭式箱式轧制，宽度超过150毫米，厚度不小于4毫米，非卷材，无浮雕图案,
HS,3,721112,"Other, of a thickness of 4,75 mm or more",其他，厚度为4.75毫米或以上,
HS,3,721113,"Rolled on four faces or in a closed box pass, of a width exceeding 150 mm and a thickness of not less than 4 mm, not in coils and without patterns in relief",四面轧制或封闭式箱式轧制，宽度超过150毫米，厚度不小于4毫米，非卷材，无浮雕图案,
HS,3,721114,"Other, of a thickness of 4,75 mm or more",其他，厚度为4.75毫米或以上,
HS,3,721119,Other,其他,
HS,3,721121,"Rolled on four faces or in a closed box pass, of a width exceeding 150 mm and a thickness of not less than 4 mm, not in coils and without patterns in relief",四面轧制或封闭式箱式轧制，宽度超过150毫米，厚度不小于4毫米，非卷材，无浮雕图案,
HS,3,721122,"Other, of a thickness of 4,75 mm or more",其他，厚度为4.75毫米或以上,
HS,3,721123,"Containing by weight less than 0,25 % of carbon",按重量计含碳量低于0.25%,
HS,3,721129,Other,其他,
HS,3,721130,"Not further worked than cold-rolled (cold-reduced), of a thickness of less than 3 mm and having a minimum yield point of 275 MPa or of a thickness of 3 mm or more and having a minimum yield point of 355 MPa",未经冷轧（冷轧）进一步加工，厚度小于 3 毫米，最小屈服点为 275 兆帕，或厚度为 3 毫米或以上，最小屈服点为 355 兆帕,
HS,3,721141,"Containing by weight less than 0,25 % of carbon",按重量计含碳量低于0.25%,
HS,3,721149,Other,其他,
HS,3,721190,Other,其他,
HS,2,7212,"Flat-rolled products of iron or non-alloy steel, of a width of less than 600 mm, clad, plated or coated.",宽度小于 600 毫米的铁或非合金钢扁平轧材，经包覆、镀层或涂层处理,
HS,3,721210,Plated or coated with tin,镀锡或涂锡,
HS,3,721220,Electrolytically plated or coated with zinc,电解镀锌或涂锌,
HS,3,721221,Of steel of a thickness of less than 3 mm and having a minimum yield point of 275 MPa or of a thickness of 3 mm or more and having a minimum yield point of 355 MPa,厚度小于 3 毫米、最小屈服点为 275 兆帕的钢材，或厚度为 3 毫米或以上、最小屈服点为 355 兆帕的钢材,
HS,3,721229,Other,其他,
HS,3,721230,Otherwise plated or coated with zinc,以其他方式镀锌或涂锌,
HS,3,721240,"Painted, varnished or coated with plastics",涂漆、上漆或涂塑料,
HS,3,721250,Otherwise plated or coated,否则镀层或涂层,
HS,3,721260,Clad,包覆,
HS,2,7213,"Bars and rods, hot-rolled, in irregularly wound coils, of iron or non-alloy steel.",热轧铁或非合金钢条、杆，卷成不规则形状,
HS,3,721310,"Containing indentations, ribs, grooves or other deformations produced during the rolling process",含有在轧制过程中产生的压痕、肋条、凹槽或其他变形,
HS,3,721320,"Other, of free-cutting steel",其他易切削钢,
HS,3,721331,Of circular cross-section measuring less than 14 mm in diameter,圆形横截面，直径小于14毫米,
HS,3,721339,Other,其他,
HS,3,721341,Of circular cross-section measuring less than 14 mm in diameter,圆形横截面，直径小于14毫米,
HS,3,721349,Other,其他,
HS,3,721350,"Other, containing by weight 0,6 % or more of carbon",其他，按重量计含碳量为0.6%及以上,
HS,3,721391,Of circular cross-section measuring less than 14 mm in diameter,圆形横截面，直径小于14毫米,
HS,3,721399,Other,其他,
HS,2,7214,"Other bars and rods of iron or non-alloy steel, not further worked than forged, hot-rolled, hot-drawn or hot-extruded, but including those twisted after rolling.",其他铁或非合金钢条、杆，除锻造、热轧、热拉或热挤压外未进一步加工，但包括轧制后扭曲者,
HS,3,721410,Forged,锻造,
HS,3,721420,"Containing indentations, ribs, grooves or other deformations produced during the rolling process or twisted after rolling",含有在轧制过程中产生的压痕、肋条、凹槽或其他变形或轧制后扭曲,
HS,3,721430,"Other, of free-cutting steel",其他易切削钢,
HS,3,721440,"Other, containing by weight less than 0,25 % of carbon",其他，按重量计含碳量低于0.25%,
HS,3,721450,"Other, containing by weight 0,25 % or more but less than 0,6 % of carbon",其他，按重量计含碳量0.25％及以上，但少于0.6％,
HS,3,721460,"Other, containing by weight 0,6 % or more of carbon",其他，按重量计含碳量为0.6%及以上,
HS,3,721491,Of rectangular (other than square) cross-section,横截面为矩形（正方形除外）,
HS,3,721499,Other,其他,
HS,2,7215,Other bars and rods of iron or non-alloy steel.,其他铁或非合金钢条、杆,
HS,3,721510,"Of free-cutting steel, not further worked than cold-formed or cold-finished",由易切削钢制成，除冷成型或冷精加工外未进一步加工,
HS,3,721520,"Other, not further worked than cold-formed or cold-finished, containing by weight less than 0,25 % of carbon",其他，未经冷成型或冷精加工，按重量计含碳量低于0.25%,
HS,3,721530,"Other, not further worked than cold-formed or cold-finished, containing by weight 0,25 % or more but less than 0,6 % of carbon",其他，未经冷成型或冷精加工，按重量计含碳量为0.25％或以上但小于0.6％,
HS,3,721540,"Other, not further worked than cold-formed or cold-finished, containing by weight 0,6 % or more of carbon",其他，未经冷成型或冷精加工，按重量计含碳量为0.6％及以上,
HS,3,721550,"Other, not further worked than cold-formed or cold-finished",其他，除冷成型或冷加工外未进一步加工,
HS,3,721590,Other,其他,
HS,2,7216,"Angles, shapes and sections of iron or non-alloy steel.",铁或非合金钢的角钢、型钢和截面钢,
HS,3,721610,"U, I or H sections, not further worked than hot-rolled, hot-drawn or extruded, of a height of less than 80 mm",U型钢、I型钢或H型钢，未经热轧、热拉或挤压后进一步加工，高度小于80毫米,
HS,3,721621,L sections,L型钢,
HS,3,721622,T sections,型截面,
HS,3,721631,U sections,U型钢,
HS,3,721632,I sections,部分,
HS,3,721633,H sections,H型钢,
HS,3,721640,"L or T sections, not further worked than hot-rolled, hot-drawn or extruded, of a height of 80 mm or more",高度为 80 毫米及以上的 L 型钢或 T 型钢，未经热轧、热拉或挤压后进一步加工,
HS,3,721650,"Other angles, shapes and sections, not further worked than hot-rolled, hot-drawn or extruded",其他角钢、型钢及型材，除热轧、热拉或挤压外未进一步加工,
HS,3,721660,"Angles, shapes and sections, not further worked than cold-formed or cold finished",角钢、型钢和型材，除冷成型或冷精加工外未进一步加工,
HS,3,721661,Obtained from flat-rolled products,从扁平轧制产品中获得,
HS,3,721669,Other,其他,
HS,3,721690,Other,其他,
HS,3,721691,Cold-formed or cold-finished from flat-rolled products,采用扁平轧制产品冷成型或冷精加工,
HS,3,721699,Other,其他,
HS,2,7217,Wire of iron or non-alloy steel.,铁丝或非合金钢丝,
HS,3,721710,"Not plated or coated, whether or not polished",未镀层或涂层，无论是否抛光,
HS,3,721711,"Not plated or coated, whether or not polished",未镀层或涂层，无论是否抛光,
HS,3,721712,Plated or coated with zinc,镀锌或涂锌,
HS,3,721713,Plated or coated with other base metals,镀或涂有其他贱金属,
HS,3,721719,Other,其他,
HS,3,721720,Plated or coated with zinc,镀锌或涂锌,
HS,3,721721,"Not plated or coated, whether or not polished",未镀层或涂层，无论是否抛光,
HS,3,721722,Plated or coated with zinc,镀锌或涂锌,
HS,3,721723,Plated or coated with other base metals,镀或涂有其他贱金属,
HS,3,721729,Other,其他,
HS,3,721730,Plated or coated with other base metals,镀或涂有其他贱金属,
HS,3,721731,"Not plated or coated, whether or not polished",未镀层或涂层，无论是否抛光,
HS,3,721732,Plated or coated with zinc,镀锌或涂锌,
HS,3,721733,Plated or coated with other base metals,镀或涂有其他贱金属,
HS,3,721739,Other,其他,
HS,3,721790,Other,其他,
HS,2,7218,Stainless steel in ingots or other primary forms; semi-finished products of stainless steel.,钢锭或其他初级形状的不锈钢；不锈钢半成品,
HS,3,721810,Ingots and other primary forms,锭和其他初级形状,
HS,3,721890,Other,其他,
HS,3,721891,Of rectangular (other than square) cross-section,横截面为矩形（正方形除外）,
HS,3,721899,Other,其他,
HS,2,7219,"Flat-rolled products of stainless steel, of a width of 600 mm or more.",宽度为 600 毫米及以上的不锈钢扁轧产品,
HS,3,721911,Of a thickness exceeding 10 mm,厚度超过10毫米,
HS,3,721912,"Of a thickness of 4,75 mm or more but not exceeding 10 mm",厚度为 4.75 毫米或以上，但不超过 10 毫米,
HS,3,721913,"Of a thickness of 3 mm or more but less than 4,75 mm",厚度为 3 毫米或以上但小于 4.75 毫米,
HS,3,721914,Of a thickness of less than 3 mm,厚度小于3毫米,
HS,3,721921,Of a thickness exceeding 10 mm,厚度超过10毫米,
HS,3,721922,"Of a thickness of 4,75 mm or more but not exceeding 10 mm",厚度为 4.75 毫米或以上，但不超过 10 毫米,
HS,3,721923,"Of a thickness of 3 mm or more but less than 4,75 mm",厚度为 3 毫米或以上但小于 4.75 毫米,
HS,3,721924,Of a thickness of less than 3 mm,厚度小于3毫米,
HS,3,721931,"Of a thickness of 4,75 mm or more",厚度为4.75毫米或以上,
HS,3,721932,"Of a thickness of 3 mm or more but less than 4,75 mm",厚度为 3 毫米或以上但小于 4.75 毫米,
HS,3,721933,Of a thickness exceeding 1 mm but less than 3 mm,厚度超过1毫米但小于3毫米,
HS,3,721934,"Of a thickness of 0,5 mm or more but not exceeding 1 mm",厚度为0.5毫米或以上，但不超过1毫米,
HS,3,721935,"Of a thickness of less than 0,5 mm",厚度小于0.5毫米,
HS,3,721990,Other,其他,
HS,2,7220,"Flat-rolled products of stainless steel, of a width of less than 600 mm.",宽度小于 600 毫米的不锈钢扁轧产品,
HS,3,722011,"Of a thickness of 4,75 mm or more",厚度为4.75毫米或以上,
HS,3,722012,"Of a thickness of less than 4,75 mm",厚度小于4.75毫米,
HS,3,722020,Not further worked than cold-rolled (cold-reduced),未经过冷轧（冷轧）以外的进一步加工,
HS,3,722090,Other,其他,
HS,2,7221,"Bars and rods, hot-rolled, in irregularly wound coils, of stainless steel.",不锈钢热轧条钢和杆材，卷成不规则形状,
HS,3,722100,"Bars and rods, hot-rolled, in irregularly wound coils, of stainless steel",不锈钢热轧条、杆，卷成不规则形状,
HS,2,7222,"Other bars and rods of stainless steel; angles, shapes and sections of stainless steel.",其他不锈钢条、杆；不锈钢角钢、型钢及型材,
HS,3,722210,"Bars and rods, not further worked than hot-rolled, hot-drawn or extruded",棒材和杆材，未经热轧、热拉或挤压后进一步加工,
HS,3,722211,Of circular cross-section,圆形横截面,
HS,3,722219,Other,其他,
HS,3,722220,"Bars and rods, not further worked than cold-formed or cold-finished",棒材和杆材，除冷成型或冷精加工外未进一步加工,
HS,3,722230,Other bars and rods,其他棒材,
HS,3,722240,"Angles, shapes and sections",角度、形状和截面,
HS,2,7223,Wire of stainless steel.,不锈钢丝,
HS,3,722300,Wire of stainless steel,不锈钢丝,
HS,2,7224,Other alloy steel in ingots or other primary forms; semi-finished products of other alloy steel.,锭或其他初级形状的其他合金钢；其他合金钢的半成品,
HS,3,722410,Ingots and other primary forms,锭和其他初级形状,
HS,3,722490,Other,其他,
HS,2,7225,"Flat-rolled products of other alloy steel, of a width of 600 mm or more.",宽度为600毫米及以上的其他合金钢平板轧材产品,
HS,3,722510,Of silicon-electrical steel,硅电钢,
HS,3,722511,Grain-oriented,谷物导向,
HS,3,722519,Other,其他,
HS,3,722520,Of high speed steel,高速钢,
HS,3,722530,"Other, not further worked than hot-rolled, in coils",其他，除热轧外未进一步加工，卷材,
HS,3,722540,"Other, not further worked than hot-rolled, not in coils",其他，未经热轧进一步加工，非卷材,
HS,3,722550,"Other, not further worked than cold-rolled (cold-reduced)",其他，除冷轧（冷轧）外未进一步加工,
HS,3,722590,Other,其他,
HS,3,722591,Electrolytically plated or coated with zinc,电解镀锌或涂锌,
HS,3,722592,Otherwise plated or coated with zinc,以其他方式镀锌或涂锌,
HS,3,722599,Other,其他,
HS,2,7226,"Flat-rolled products of other alloy steel, of a width of less than 600 mm.",宽度小于600毫米的其他合金钢平板轧材产品,
HS,3,722610,Of silicon-electrical steel,硅电钢,
HS,3,722611,Grain-oriented,谷物导向,
HS,3,722619,Other,其他,
HS,3,722620,Of high-speed steel,高速钢,
HS,3,722691,Not further worked than hot-rolled,未进行比热轧更进一步的加工,
HS,3,722692,Not further worked than cold-rolled (cold-reduced),未经过冷轧（冷轧）以外的进一步加工,
HS,3,722693,Electrolytically plated or coated with zinc,电解镀锌或涂锌,
HS,3,722694,Otherwise plated or coated with zinc,以其他方式镀锌或涂锌,
HS,3,722699,Other,其他,
HS,2,7227,"Bars and rods, hot-rolled, in irregularly wound coils, of other alloy steel.",其他合金钢热轧条钢及杆钢，卷成不规则形状,
HS,3,722710,Of high-speed steel,高速钢,
HS,3,722720,Of silico-manganese steel,硅锰钢,
HS,3,722790,Other,其他,
HS,2,7228,"Other bars and rods of other alloy steel; angles, shapes and sections, of other alloy steel; hollow drill bars and rods, of alloy or non-alloy steel.",其他合金钢制的其他条、杆；其他合金钢制的角钢、型钢及型材；合金或非合金钢制的空心钻杆、棒,
HS,3,722810,"Bars and rods, of high-speed steel",高速钢棒材,
HS,3,722820,"Bars and rods, of silico-manganese steel",硅锰钢条、杆,
HS,3,722830,"Other bars and rods, not further worked than hot-rolled, hot-drawn or extruded",其他条、杆，除热轧、热拉或挤压外未进一步加工,
HS,3,722840,"Other bars and rods, not further worked than forged",其他条、杆，除锻造外未进一步加工,
HS,3,722850,"Other bars and rods, not further worked than cold-formed or cold-finished",其他棒材及杆材，除冷成型或冷精加工外未进一步加工,
HS,3,722860,Other bars and rods,其他棒材,
HS,3,722870,"Angles, shapes and sections",角度、形状和截面,
HS,3,722880,Hollow drill bars and rods,空心钻杆和钻杆,
HS,2,7229,Wire of other alloy steel.,其他合金钢丝,
HS,3,722910,Of high speed steel,高速钢,
HS,3,722920,Of silico-manganese steel,硅锰钢,
HS,3,722990,Other,其他,
HS,1,73,ARTICLES OF IRON OR STEEL,钢铁制品,
HS,2,7301,"Sheet piling of iron or steel, whether or not drilled, punched or made from assembled elements; welded angles, shapes and sections, of iron or steel.",钢铁制的板桩，不论是否钻孔、冲孔或由组装元件制成；钢铁制的焊接角钢、型钢和截面钢,
HS,3,730110,Sheet piling,钢板桩,
HS,3,730120,"Angles, shapes and sections",角度、形状和截面,
HS,2,7302,"Railway or tramway track construction material of iron or steel, the following : rails, check-rails and rack rails, switch blades, crossing frogs, point rods and other crossing pieces, sleepers (cross-ties), fish-plates, chairs, chair wedges, sole plates",铁路或电车轨道用钢铁建造材料，包括：钢轨、护轨和齿轨、道岔刀片、道岔辙叉、道岔杆和其他道岔件、枕木（枕木）、鱼尾板、座轨、座轨楔、底板,
HS,3,730210,Rails,轨道,
HS,3,730220,Sleepers (cross-ties),枕木（枕木）,
HS,3,730230,"Switch blades, crossing frogs, point rods and other crossing pieces",道岔叶片、道岔辙叉、道岔杆及其他道岔件,
HS,3,730240,Fish-plates and sole plates,鱼尾板和底板,
HS,3,730290,Other,其他,
HS,2,7303,"Tubes, pipes and hollow profiles, of cast iron.",铸铁管、管道和空心型材,
HS,3,730300,"Tubes, pipes and hollow profiles, of cast iron",铸铁管、管子和空心型材,
HS,2,7304,"Tubes, pipes and hollow profiles, seamless, of iron (other than cast iron) or steel.",无缝铁（铸铁除外）或钢管、管材及空心型材,
HS,3,730410,Line pipe of a kind used for oil or gas pipelines,用于石油或天然气管道的一种管线管,
HS,3,730411,Of stainless steel,不锈钢材质,
HS,3,730419,Other,其他,
HS,3,730420,"Casing, tubing and drill pipe, of a kind used in drilling for oil or gas",用于石油或天然气钻探的套管、油管和钻杆,
HS,3,730421,Drill pipe,钻杆,
HS,3,730422,Drill pipe of stainless steel,不锈钢钻杆,
HS,3,730423,Other drill pipe,其他钻杆,
HS,3,730424,"Other, of stainless steel",其他不锈钢,
HS,3,730429,Other,其他,
HS,3,730431,Cold-drawn or cold-rolled (cold-reduced),冷拉或冷轧（冷轧）,
HS,3,730439,Other,其他,
HS,3,730441,Cold-drawn or cold-rolled (cold-reduced),冷拉或冷轧（冷轧）,
HS,3,730449,Other,其他,
HS,3,730451,Cold-drawn or cold-rolled (cold-reduced),冷拉或冷轧（冷轧）,
HS,3,730459,Other,其他,
HS,3,730490,Other,其他,
HS,2,7305,"Other tubes and pipes (for example, welded, riveted or similarly closed), having circular cross-sections, the external diameter of which exceeds 406.4 mm, of iron or steel.",其他铁或钢管（例如，焊接、铆接或类似封闭的管），具有圆形横截面，其外径超过 406.4 毫米,
HS,3,730511,Longitudinally submerged arc welded,纵向埋弧焊,
HS,3,730512,"Other, longitudinally welded",其他，纵向焊接,
HS,3,730519,Other,其他,
HS,3,730520,Casing of a kind used in drilling for oil or gas,用于石油或天然气钻探的一种套管,
HS,3,730531,Longitudinally welded,纵向焊接,
HS,3,730539,Other,其他,
HS,3,730590,Other,其他,
HS,2,7306,"Other tubes, pipes and hollow profiles (for example, open seam or welded, riveted or similarly closed), of iron or steel.",其他铁或钢管及空心型材（例如，开缝或焊接、铆接或类似封闭的）,
HS,3,730610,Line pipe of a kind used for oil or gas pipelines,用于石油或天然气管道的一种管线管,
HS,3,730611,"Welded, of stainless steel",焊接，不锈钢,
HS,3,730619,Other,其他,
HS,3,730620,Casing and tubing of a kind used in drilling for oil or gas,用于石油或天然气钻探的套管和油管,
HS,3,730621,"Welded, of stainless steel",焊接，不锈钢,
HS,3,730629,Other,其他,
HS,3,730630,"Other, welded, of circular cross-section, of iron or non-alloy steel",其他圆形截面焊接铁或非合金钢管,
HS,3,730640,"Other, welded, of circular cross-section, of stainless steel",其他圆形截面不锈钢焊接管,
HS,3,730650,"Other, welded, of circular cross-section, of other alloy steel",其他合金钢焊接圆截面钢管,
HS,3,730660,"Other, welded, of non-circular cross-section",其他非圆形截面焊接管,
HS,3,730661,Of square or rectangular cross-section,横截面为正方形或矩形,
HS,3,730669,Of other non-circular cross-section,其他非圆形截面,
HS,3,730690,Other,其他,
HS,2,7307,"Tube or pipe fittings (for example, couplings, elbows, sleeves), of iron or steel.",铁或钢制成的管子或管道配件（例如，接头、弯头、套管）,
HS,3,730711,Of non-malleable cast iron,非可锻铸铁,
HS,3,730719,Other,其他,
HS,3,730721,Flanges,法兰,
HS,3,730722,"Threaded elbows, bends and sleeves",螺纹弯头、弯头和套管,
HS,3,730723,Butt welding fittings,对焊管件,
HS,3,730729,Other,其他,
HS,3,730791,Flanges,法兰,
HS,3,730792,"Threaded elbows, bends and sleeves",螺纹弯头、弯头和套管,
HS,3,730793,Butt welding fittings,对焊管件,
HS,3,730799,Other,其他,
HS,2,7308,"Structures (excluding prefabricated buildings of heading 94.06) and parts of structures (for example, bridges and bridge-sections, lock-gates, towers, lattice masts, roofs, roofing frame-works, doors and windows and their frames and thresholds for doors,",结构物（不包括税目94.06的预制建筑物）及其部件（例如，桥梁及桥梁段、闸门、塔楼、格构桅杆、屋顶、屋架、门窗及其框架、门槛、,
HS,3,730810,Bridges and bridge-sections,桥梁和桥梁段,
HS,3,730820,Towers and lattice masts,塔和桁架桅杆,
HS,3,730830,"Doors, windows and their frames and thresholds for doors",门、窗及其框架和门槛,
HS,3,730840,"Equipment for scaffolding, shuttering, propping or pit-propping",脚手架、模板、支撑或基坑支撑设备,
HS,3,730890,Other,其他,
HS,2,7309,"Reservoirs, tanks, vats and similar containers for any material (other than compressed or liquefied gas), of iron or steel, of a capacity exceeding 300 l, whether or not lined or heat-insulated, but not fitted with mechanical or thermal equipment.",用于盛装任何物质（压缩或液化气体除外）的储罐、储槽、储桶及类似容器，由钢铁制成，容量超过 300 升，不论有无衬里或隔热，但未安装机械或热力设备,
HS,3,730900,"Reservoirs, tanks, vats and similar containers for any material (other than compressed or liquefied gas), of iron or steel, of a capacity exceeding 300 l, whether or not lined or heat-insulated, but not fitted with mechanical or thermal equipment",用于盛装任何物质（压缩或液化气体除外）的储罐、储槽、储桶及类似容器，由钢铁制成，容量超过 300 升，不论有无衬里或隔热，但未安装机械或热力设备,
HS,2,7310,"insulated, but not fitted with mechanical or thermal equ",绝缘，但未安装机械或热设备,
HS,3,731010,Of a capacity of 50 l or more,容量为 50 升或以上,
HS,3,731021,Cans which are to be closed by soldering or crimping,通过焊接或压接封闭的罐头,
HS,3,731029,Other,其他,
HS,2,7311,"Containers for compressed or liquefied gas, of iron or steel.",装有压缩或液化气体的铁或钢容器,
HS,3,731100,"Containers for compressed or liquefied gas, of iron or steel",压缩或液化气体容器，铁或钢制,
HS,2,7312,"Stranded wire, ropes, cables, plaited bands, slings and the like, of iron or steel, not electrically insulated.",非电绝缘的钢铁绞合线、绳、缆、编织带、吊索及类似品,
HS,3,731210,"Stranded wire, ropes and cables",绞合线、绳索和电缆,
HS,3,731290,Other,其他,
HS,2,7313,"Barbed wire of iron or steel; twisted hoop or single flat wire, barbed or not, and loosely twisted double wire, of a kind used for fencing, of iron or steel.",铁或钢制成的带刺铁丝网；用于栅栏的铁或钢制成的扭环或单根扁平丝（有或无刺）和松绞双丝,
HS,3,731300,"Barbed wire of iron or steel; twisted hoop or single flat wire, barbed or not, and loosely twisted double wire, of a kind used for fencing, of iron or steel",铁或钢制的带刺铁丝网；用于栅栏的铁或钢制的扭绞环或单根扁平金属丝（无论有无刺）和松绞双丝,
HS,2,7314,"Cloth (including endless bands), grill, netting and fencing, of iron or steel wire; expanded metal of iron or steel.",铁丝或钢丝制成的布（包括环形带）、格栅、网和栅栏；钢铁网,
HS,3,731411,Of stainless steel,不锈钢材质,
HS,3,731412,"Endless bands for machinery, of stainless steel",机械用不锈钢环形带,
HS,3,731413,Other endless bands for machinery,其他机械用环形带,
HS,3,731414,"Other woven cloth, of stainless steel",其他不锈钢机织布,
HS,3,731419,Other,其他,
HS,3,731420,"Grill, netting and fencing, welded at the intersection, of wire with a maximum cross-sectional dimension of 3 mm or more and having a mesh size of 100 cm² or more",格栅、网和栅栏，在交叉口处焊接，金属丝的最大横截面积为 3 毫米或更大，网孔尺寸为 100 平方厘米或更大,
HS,3,731430,"Other grill, netting and fencing, welded at the intersection",其他格栅、网及栅栏，交叉处焊接,
HS,3,731431,Plated or coated with zinc,镀锌或涂锌,
HS,3,731439,Other,其他,
HS,3,731441,Plated or coated with zinc,镀锌或涂锌,
HS,3,731442,Coated with plastics,涂有塑料,
HS,3,731449,Other,其他,
HS,3,731450,Expanded metal,膨胀金属,
HS,2,7315,"Chain and parts thereof, of iron or steel.",链条及其零件，由铁或钢制成,
HS,3,731511,Roller chain,滚子链,
HS,3,731512,Other chain,其他链条,
HS,3,731519,Parts,部分,
HS,3,731520,Skid chain,防滑链,
HS,3,731581,Stud-link,螺柱链节,
HS,3,731582,"Other, welded link",其他，焊接链节,
HS,3,731589,Other,其他,
HS,3,731590,Other parts,其他部分,
HS,2,7316,"Anchors, grapnels and parts thereof, of iron or steel.",铁制或钢制锚、锚爪及其零件,
HS,3,731600,"Anchors, grapnels and parts thereof, of iron or steel",铁或钢制锚、锚爪及其零件,
HS,2,7317,"Nails, tacks, drawing pins, corrugated nails, staples (other than those of heading 83.05) and similar articles, of iron or steel, whether or not with heads of other material, but excluding such articles with heads of copper.",铁或钢制的钉子、平头钉、图钉、波纹钉、U 形钉（税目 83.05 的货品除外）及类似品，不论钉头是否由其他材料制成，但不包括铜头的此类品,
HS,3,731700,"Nails, tacks, drawing pins, corrugated nails, staples (other than those of heading 8305) and similar articles, of iron or steel, whether or not with heads of other material, but excluding such articles with heads of copper",铁或钢制的钉子、大头钉、图钉、波纹钉、U 形钉（税目 8305 的货品除外）及类似品，不论钉头是否由其他材料制成，但不包括铜头的此类品,
HS,2,7318,"Screws, bolts, nuts, coach screws, screw hooks, rivets, cotters, cotter-pins, washers (including spring washers) and similar articles, of iron or steel.",钢铁制螺钉、螺栓、螺母、方头螺钉、钩形螺钉、铆钉、开口销、开口销、垫圈（包括弹簧垫圈）及类似物品,
HS,3,731811,Coach screws,马车螺丝,
HS,3,731812,Other wood screws,其他木螺钉,
HS,3,731813,Screw hooks and screw rings,螺丝钩和螺丝环,
HS,3,731814,Self-tapping screws,自攻螺钉,
HS,3,731815,"Other screws and bolts, whether or not with their nuts or washers",其他螺钉和螺栓，不论是否带螺母或垫圈,
HS,3,731816,Nuts,坚果,
HS,3,731819,Other,其他,
HS,3,731821,Spring washers and other lock washers,弹簧垫圈和其他锁紧垫圈,
HS,3,731822,Other washers,其他垫圈,
HS,3,731823,Rivets,铆钉,
HS,3,731824,Cotters and cotter pins,开口销和开口销,
HS,3,731829,Other,其他,
HS,2,7319,"Sewing needles, knitting needles, bodkins, crochet hooks, embroidery stilettos and similar articles, for use in the hand, of iron or steel; safety pins and other pins of iron or steel, not elsewhere specified or included.",手用钢铁制缝纫针、织针、锥子、钩针、绣花细高跟鞋及类似物品；安全别针及其他未列名或未包括的钢铁制别针,
HS,3,731910,"Sewing, darning or embroidery needles",缝纫针、织补针或绣花针,
HS,3,731920,Safety pins,安全别针,
HS,3,731930,Other pins,其他引脚,
HS,3,731940,Safety pins and other pins,安全别针和其他别针,
HS,3,731990,Other,其他,
HS,2,7320,"Springs and leaves for springs, of iron or steel.",弹簧和弹簧片，由铁或钢制成,
HS,3,732010,Leaf-springs and leaves therefor,板簧及其叶片,
HS,3,732020,Helical springs,螺旋弹簧,
HS,3,732090,Other,其他,
HS,2,7321,"Stoves, ranges, grates, cookers (including those with subsidiary boilers for central heating), barbecues, braziers, gas-rings, plate warmers and similar non-electric domestic appliances, and parts thereof, of iron or steel.",火炉、灶台、炉篦、炊具（包括装有辅助锅炉的集中供暖用炉具）、烤肉架、烤盆、煤气灶、烤盘和类似的非电热家用器具及其零件，由钢铁制成,
HS,3,732111,For gas fuel or for both gas and other fuels,适用于气体燃料或气体和其他燃料,
HS,3,732112,For liquid fuel,对于液体燃料,
HS,3,732113,For solid fuel,对于固体燃料,
HS,3,732119,"Other, including appliances for solid fuel",其他，包括固体燃料器具,
HS,3,732181,For gas fuel or for both gas and other fuels,适用于气体燃料或气体和其他燃料,
HS,3,732182,For liquid fuel,对于液体燃料,
HS,3,732183,For solid fuel,对于固体燃料,
HS,3,732189,"Other, including appliances for solid fuel",其他，包括固体燃料器具,
HS,3,732190,Parts,部分,
HS,2,7322,"Radiators for central heating, not electrically heated, and parts thereof, of iron or steel; air heaters and hot air distributors (including distributors which can also distribute fresh or conditioned air), not electrically heated, incorporating a motor-",集中供暖用非电加热的钢铁散热器及其零件；装有电动机的非电加热的空气加热器和热空气分配器（包括也可分配新鲜空气或调节空气的分配器）,
HS,3,732211,Of cast iron,铸铁,
HS,3,732219,Other,其他,
HS,3,732290,Other,其他,
HS,2,7323,"Table, kitchen or other household articles and parts thereof, of iron or steel; iron or steel wool; pot scourers and scouring or polishing pads, gloves and the like, of iron or steel.",钢铁制餐桌、厨房或其他家用器具及其零件；铁丝或钢丝绒；钢铁制擦锅刷、擦洗垫或抛光垫、手套及类似品,
HS,3,732310,"Iron or steel wool; pot scourers and scouring or polishing pads, gloves and the like",铁丝或钢丝绒；锅刷、擦洗垫或抛光垫、手套等,
HS,3,732391,"Of cast iron, not enamelled",铸铁制成，未上釉,
HS,3,732392,"Of cast iron, enamelled",铸铁，搪瓷,
HS,3,732393,Of stainless steel,不锈钢材质,
HS,3,732394,"Of iron (other than cast iron) or steel, enamelled",由铁（铸铁除外）或钢制成，搪瓷,
HS,3,732399,Other,其他,
HS,2,7324,"Sanitary ware and parts thereof, of iron or steel.",卫生洁具及其零件，由铁或钢制成,
HS,3,732410,"Sinks and washbasins, of stainless steel",不锈钢水槽和洗脸盆,
HS,3,732421,"Of cast iron, whether or not enamelled",铸铁，无论是否上釉,
HS,3,732429,Other,其他,
HS,3,732490,"Other, including parts",其他，包括零件,
HS,2,7325,Other cast articles of iron or steel.,其他铸铁或铸钢制品,
HS,3,732510,Of non-malleable cast iron,非可锻铸铁,
HS,3,732591,Grinding balls and similar articles for mills,磨机用研磨球及类似物品,
HS,3,732599,Other,其他,
HS,2,7326,Other articles of iron or steel.,其他钢铁制品,
HS,3,732611,Grinding balls and similar articles for mills,磨机用研磨球及类似物品,
HS,3,732619,Other,其他,
HS,3,732620,Articles of iron or steel wire,铁丝或钢丝制品,
HS,3,732690,Other,其他,
HS,1,74,COPPER AND ARTICLES THEREOF,铜及其制品,
HS,2,7401,Copper mattes; cement copper (precipitated copper).,铜锍；水泥铜（沉淀铜）,
HS,3,740100,Copper mattes; cement copper (precipitated copper),铜锍；水泥铜（沉淀铜）,
HS,3,740110,Copper mattes,铜锍,
HS,3,740120,Cement copper (precipitated copper),水泥铜（沉淀铜）,
HS,2,7402,Unrefined copper; copper anodes for electrolytic refining.,未精炼铜；电解精炼用的铜阳极,
HS,3,740200,Unrefined copper; copper anodes for electrolytic refining,未精炼铜；电解精炼用铜阳极,
HS,2,7403,"Refined copper and copper alloys, unwrought.",未锻造的精炼铜和铜合金,
HS,3,740311,Cathodes and sections of cathodes,阴极和阴极段,
HS,3,740312,Wire-bars,线材,
HS,3,740313,Billets,钢坯,
HS,3,740319,Other,其他,
HS,3,740321,Copper-zinc base alloys (brass),铜锌基合金（黄铜）,
HS,3,740322,Copper-tin base alloys (bronze),铜锡基合金（青铜）,
HS,3,740323,Copper-nickel base alloys (cupro-nickel) or copper-nickel-zinc base alloys (nickel silver),铜镍基合金（白铜）或铜镍锌基合金（镍银）,
HS,3,740329,Other copper alloys (other than master alloys of heading 7405),其他铜合金（税目 7405 的母合金除外）,
HS,2,7404,Copper waste and scrap.,铜废料和碎屑,
HS,3,740400,Copper waste and scrap,铜废料和碎屑,
HS,2,7405,Master alloys of copper.,铜母合金,
HS,3,740500,Master alloys of copper,铜母合金,
HS,2,7406,Copper powders and flakes.,铜粉和铜片,
HS,3,740610,Powders of non-lamellar structure,非层状结构粉末,
HS,3,740620,Powders of lamellar structure; flakes,层状结构粉末；薄片,
HS,2,7407,"Copper bars, rods and profiles.",铜条、铜杆和铜型材,
HS,3,740710,Of refined copper,精炼铜,
HS,3,740721,Of copper-zinc base alloys (brass),铜锌基合金（黄铜）,
HS,3,740722,Of copper-nickel base alloys (cupro-nickel) or copper-nickel-zinc base alloys (nickel silver),铜镍基合金（白铜）或铜镍锌基合金（镍银）,
HS,3,740729,Other,其他,
HS,2,7408,Copper wire.,铜线,
HS,3,740811,Of which the maximum cross-sectional dimension exceeds 6 mm,其中最大横截面尺寸超过6毫米,
HS,3,740819,Other,其他,
HS,3,740821,Of copper-zinc base alloys (brass),铜锌基合金（黄铜）,
HS,3,740822,Of copper-nickel base alloys (cupro-nickel) or copper-nickel-zinc base alloys (nickel silver),铜镍基合金（白铜）或铜镍锌基合金（镍银）,
HS,3,740829,Other,其他,
HS,2,7409,"Copper plates, sheets and strip, of a thickness exceeding 0.15 mm.",厚度超过0.15毫米的铜板、片及带,
HS,3,740911,In coils,成卷,
HS,3,740919,Other,其他,
HS,3,740921,In coils,成卷,
HS,3,740929,Other,其他,
HS,3,740931,In coils,成卷,
HS,3,740939,Other,其他,
HS,3,740940,Of copper-nickel base alloys (cupro-nickel) or copper-nickel-zinc base alloys (nickel silver),铜镍基合金（白铜）或铜镍锌基合金（镍银）,
HS,3,740990,Of other copper alloys,其他铜合金,
HS,2,7410,"Copper foil (whether or not printed or backed with paper, paperboard, plastics or similar backing materials) of a thickness (excluding any backing) not exceeding 0.15 mm.",厚度（不包括背衬）不超过 0.15 毫米的铜箔（不论是否印刷或用纸、纸板、塑料或类似的背衬材料支撑）,
HS,3,741011,Of refined copper,精炼铜,
HS,3,741012,Of copper alloys,铜合金,
HS,3,741021,Of refined copper,精炼铜,
HS,3,741022,Of copper alloys,铜合金,
HS,2,7411,Copper tubes and pipes.,铜管和管道,
HS,3,741110,Of refined copper,精炼铜,
HS,3,741121,Of copper-zinc base alloys (brass),铜锌基合金（黄铜）,
HS,3,741122,Of copper-nickel base alloys (cupro-nickel) or copper-nickel-zinc base alloys (nickel silver),铜镍基合金（白铜）或铜镍锌基合金（镍银）,
HS,3,741129,Other,其他,
HS,2,7412,"Copper tube or pipe fittings (for example, couplings, elbows, sleeves).",铜管或管配件（例如，接头、弯头、套管）,
HS,3,741210,Of refined copper,精炼铜,
HS,3,741220,Of copper alloys,铜合金,
HS,2,7413,"Stranded wire, cables, plaited bands and the like, of copper, not electrically insulated.",非电绝缘的铜绞线、电缆、铜编织带及类似品,
HS,3,741300,"Stranded wire, cables, plaited bands and the like, of copper, not electrically insulated",非电绝缘的铜绞线、电缆、编织带及类似品,
HS,2,7414,"Cloth ""incl. endless bands"", grill and netting, of copper wire, and expanded metal, of copper (excl. cloth of metal fibres for clothing, lining and similar uses, flux-coated copper fabric for brazing, cloth, grill and netting made into hand sieves or mach",铜丝制成的布（包括环形带）、格栅和网，以及铜制膨胀金属网（不包括用于服装、衬里和类似用途的金属纤维布、钎焊用的涂有助焊剂的铜织物、制成手筛或机器筛的布、格栅和网）,
HS,3,741410,"Endless bands, for machinery",机械用环形带,
HS,3,741420,Cloth,布,
HS,3,741490,Other,其他,
HS,2,7415,"Nails, tacks, drawing pins, staples (other than those of heading 83.05) and similar articles, of copper or of iron or steel with heads of copper; screws, bolts, nuts, screw hooks, rivets, cotters, cotter-pins, washers (including spring washers) and simila",铜制或钢铁制带铜头的钉子、大头钉、图钉、U 形钉（税号 83.05 的货品除外）及类似品；螺钉、螺栓、螺母、钩形螺钉、铆钉、开口销、开口销、垫圈（包括弹簧垫圈）及类似物,
HS,3,741510,"Nails and tacks, drawing pins, staples and similar articles",钉子、大头钉、图钉、订书钉及类似物品,
HS,3,741521,Washers (including spring washers),垫圈（包括弹簧垫圈）,
HS,3,741529,Other,其他,
HS,3,741531,Screws for wood,木螺钉,
HS,3,741532,Other screws; bolts and nuts,其他螺钉；螺栓和螺母,
HS,3,741533,Screws; bolts and nuts,螺钉；螺栓和螺母,
HS,3,741539,Other,其他,
HS,2,7416,"Copper springs (excl. clock and watch springs, spring washers and other lock washers)",铜弹簧（不包括钟表弹簧、弹簧垫圈和其他锁紧垫圈）,
HS,3,741600,Copper springs.,铜弹簧,
HS,2,7417,"Cooking or heating apparatus of a kind used for domestic purposes, non-electric, and parts thereof, of copper (excl. hot water heaters and geysers)",家用非电热铜制烹饪或加热设备及其零件（热水器和间歇泉除外）,
HS,3,741700,"Cooking or heating apparatus of a kind used for domestic purposes, non-electric, and parts thereof, of copper.",家用非电热的铜制烹饪或加热设备及其零件,
HS,2,7418,"Table, kitchen or other household articles and parts thereof, of copper; pot scourers and scouring or polishing pads, gloves and the like, of copper; sanitary ware and parts thereof, of copper.",铜制餐桌、厨房或其他家用器皿及其零件；铜制擦锅刷、擦洗或抛光垫、手套及类似品；铜制卫生洁具及其零件,
HS,3,741810,"Table, kitchen or other household articles and parts thereof; pot scourers and scouring or polishing pads, gloves and the like",餐桌、厨房或其他家居用品及其零件；洗锅刷、擦洗或抛光垫、手套及类似品,
HS,3,741811,"Pot scourers and scouring or polishing pads, gloves and the like",锅刷、擦洗或抛光垫、手套等,
HS,3,741819,Other,其他,
HS,3,741820,Sanitary ware and parts thereof,卫生洁具及其零件,
HS,2,7419,Other articles of copper.,其他铜制品,
HS,3,741910,Chain and parts thereof,链条及其零件,
HS,3,741920,"Copper; cast, moulded, stamped or forged, but not further worked",铜；铸造、模制、冲压或锻造，但未经进一步加工,
HS,3,741980,Copper; articles thereof n.e.c. in chapter 74,铜及其制品（见第 74 章）,
HS,3,741991,"Cast, moulded, stamped or forged, but not further worked",铸造、模制、冲压或锻造，但未经进一步加工,
HS,3,741999,Other,其他,
HS,1,75,NICKEL AND ARTICLES THEREOF,镍及其制品,
HS,2,7501,"Nickel mattes, nickel oxide sinters and other intermediate products of nickel metallurgy.",镍锍、氧化镍烧结体及其他镍冶金中间产品,
HS,3,750110,Nickel mattes,镍锍,
HS,3,750120,Nickel oxide sinters and other intermediate products of nickel metallurgy,氧化镍烧结体及其他镍冶金中间产品,
HS,2,7502,Unwrought nickel.,未锻造镍,
HS,3,750210,"Nickel, not alloyed",镍，非合金,
HS,3,750220,Nickel alloys,镍合金,
HS,2,7503,Nickel waste and scrap.,镍废料和碎屑,
HS,3,750300,Nickel waste and scrap,镍废料和碎屑,
HS,2,7504,Nickel powders and flakes.,镍粉和镍片,
HS,3,750400,Nickel powders and flakes,镍粉和镍片,
HS,2,7505,"Nickel bars, rods, profiles and wire.",镍条、镍杆、镍型材和镍丝,
HS,3,750511,"Of nickel, not alloyed",由镍制成，非合金,
HS,3,750512,Of nickel alloys,镍合金,
HS,3,750521,"Of nickel, not alloyed",由镍制成，非合金,
HS,3,750522,Of nickel alloys,镍合金,
HS,2,7506,"Nickel plates, sheets, strip and foil.",镍板、镍片、镍带和镍箔,
HS,3,750610,"Of nickel, not alloyed",由镍制成，非合金,
HS,3,750620,Of nickel alloys,镍合金,
HS,2,7507,"Nickel tubes, pipes and tube or pipe fittings (for example, couplings, elbows, sleeves).",镍管、管道和管道配件（例如，接头、弯头、套管）,
HS,3,750711,"Of nickel, not alloyed",由镍制成，非合金,
HS,3,750712,Of nickel alloys,镍合金,
HS,3,750720,Tube or pipe fittings,管件,
HS,2,7508,Other articles of nickel.,其他镍制品,
HS,3,750800,Other articles of nickel,其他镍制品,
HS,3,750810,"Cloth, grill and netting, of nickel wire",镍丝制成的布、格栅和网,
HS,3,750890,Other,其他,
HS,1,76,ALUMINIUM AND ARTICLES THEREOF,铝及其制品,
HS,2,7601,Unwrought aluminium.,未锻造铝,
HS,3,760110,"Aluminium, not alloyed",非合金铝,
HS,3,760120,Aluminium alloys,铝合金,
HS,2,7602,Aluminium waste and scrap.,铝废料和碎屑,
HS,3,760200,Aluminium waste and scrap,铝废料和碎屑,
HS,2,7603,Aluminium powders and flakes.,铝粉和铝片,
HS,3,760310,Powders of non-lamellar structure,非层状结构粉末,
HS,3,760320,Powders of lamellar structure; flakes,层状结构粉末；薄片,
HS,2,7604,"Aluminium bars, rods and profiles.",铝条、铝棒和铝型材,
HS,3,760410,"Of aluminium, not alloyed",由铝合金制成，非合金,
HS,3,760421,Hollow profiles,空心型材,
HS,3,760429,Other,其他,
HS,2,7605,Aluminium wire.,铝线,
HS,3,760511,Of which the maximum cross-sectional dimension exceeds 7 mm,其中最大横截面尺寸超过7毫米,
HS,3,760519,Other,其他,
HS,3,760521,Of which the maximum cross-sectional dimension exceeds 7 mm,其中最大横截面尺寸超过7毫米,
HS,3,760529,Other,其他,
HS,2,7606,"Aluminium plates, sheets and strip, of a thickness exceeding 0.2 mm.",厚度超过0.2毫米的铝板、片及带,
HS,3,760611,"Of aluminium, not alloyed",由铝合金制成，非合金,
HS,3,760612,Of aluminium alloys,铝合金,
HS,3,760691,"Of aluminium, not alloyed",由铝合金制成，非合金,
HS,3,760692,Of aluminium alloys,铝合金,
HS,2,7607,"Aluminium foil (whether or not printed or backed with paper, paperboard, plastics or similar backing materials) of a thickness (excluding any backing) not exceeding 0.2 mm.",厚度（不包括背衬）不超过 0.2 毫米的铝箔（不论是否印刷或用纸、纸板、塑料或类似的背衬材料支撑）,
HS,3,760711,Rolled but not further worked,轧制但未进一步加工,
HS,3,760719,Other,其他,
HS,3,760720,Backed,支持,
HS,2,7608,Aluminium tubes and pipes.,铝管,
HS,3,760810,"Of aluminium, not alloyed",由铝合金制成，非合金,
HS,3,760820,Of aluminium alloys,铝合金,
HS,2,7609,"Aluminium tube or pipe fittings (for example, couplings, elbows, sleeves).",铝管或管配件（例如，接头、弯头、套管）,
HS,3,760900,"Aluminium tube or pipe fittings (for example, couplings, elbows, sleeves)",铝管或管件（例如，接头、弯头、套管）,
HS,2,7610,"Aluminium structures (excluding prefabricated buildings of heading 94.06) and parts of structures (for example, bridges and bridge-sections, towers, lattice masts, roofs, roofing frameworks, doors and windows and their frames and thresholds for doors, bal",铝结构（不包括税号 94.06 的预制建筑）及其部件（例如，桥梁和桥梁段、塔、格构桅杆、屋顶、屋顶框架、门窗及其框架和门槛、阳台,
HS,3,761010,"Doors, windows and their frames and thresholds for doors",门、窗及其框架和门槛,
HS,3,761090,Other,其他,
HS,2,7611,"Aluminium reservoirs, tanks, vats and similar containers, for any material (other than compressed or liquefied gas), of a capacity exceeding 300 l, whether or not lined or heat-insulated, but not fitted with mechanical or thermal equipment.",铝制储罐、罐、桶及类似容器，用于盛装任何物质（压缩或液化气体除外），容量超过 300 升，不论有无衬里或隔热，但未安装机械或热力设备,
HS,3,761100,"Aluminium reservoirs, tanks, vats and similar containers, for any material (other than compressed or liquefied gas), of a capacity exceeding 300 litres, whether or not lined or heat-insulated, but not fitted with mechanical or thermal equipment",铝制储罐、罐、桶及类似容器，用于盛装任何物质（压缩或液化气体除外），容量超过 300 升，不论有无衬里或隔热，但未安装机械或热力设备,
HS,2,7612,"Aluminium casks, drums, cans, boxes and similar containers (including rigid or collapsible tubular containers), for any material (other than compressed or liquefied gas), of a capacity not exceeding 300 l, whether or not lined or heat-insulated, but not f",铝桶、圆桶、罐、盒及类似容器（包括硬质或可折叠管状容器），用于盛装任何物质（压缩或液化气体除外），容量不超过300升，不论有无衬里或隔热，但不包括,
HS,3,761210,Collapsible tubular containers,可折叠管状容器,
HS,3,761290,Other,其他,
HS,2,7613,Aluminium containers for compressed or liquefied gas.,用于压缩或液化气体的铝容器,
HS,3,761300,Aluminium containers for compressed or liquefied gas,压缩或液化气体用铝容器,
HS,2,7614,"Stranded wire, cables, plaited bands and the like, of aluminium, not electrically insulated.",非电绝缘的铝绞线、铝缆、铝编带及类似品,
HS,3,761410,With steel core,带钢芯,
HS,3,761490,Other,其他,
HS,2,7615,"Table, kitchen or other household articles and parts thereof, of aluminium; pot scourers and scouring or polishing pads, gloves and the like, of aluminium; sanitary ware and parts thereof, of aluminium.",铝制餐桌、厨房或其他家用器皿及其零件；铝制锅刷、擦洗或抛光垫、手套及类似品；铝制卫生洁具及其零件,
HS,3,761510,"Table, kitchen or other household articles and parts thereof; pot scourers and scouring or polishing pads, gloves and the like",餐桌、厨房或其他家居用品及其零件；洗锅刷、擦洗或抛光垫、手套及类似品,
HS,3,761511,"Pot scourers and scouring or polishing pads, gloves and the like",锅刷、擦洗或抛光垫、手套等,
HS,3,761519,Other,其他,
HS,3,761520,Sanitary ware and parts thereof,卫生洁具及其零件,
HS,2,7616,Other articles of aluminium.,其他铝制品,
HS,3,761610,"Nails, tacks, staples (other than those of heading 8305), screws, bolts, nuts, screw hooks, rivets, cotters, cotter pins, washers and similar articles",钉子、大头钉、U 形钉（税目 8305 的货品除外）、螺钉、螺栓、螺母、钩形螺钉、铆钉、开口销、开口销、垫圈及类似品,
HS,3,761690,Other,其他,
HS,3,761691,"Cloth, grill, netting and fencing, of aluminium wire",铝丝制成的布、格栅、网和栅栏,
HS,3,761699,Other,其他,
HS,1,78,LEAD AND ARTICLES THEREOF,铅及其制品,
HS,2,7801,Unwrought lead.,未锻造的铅,
HS,3,780110,Refined lead,精炼铅,
HS,3,780191,Containing by weight antimony as the principal other element,按重量计含有锑作为主要其他元素,
HS,3,780199,Other,其他,
HS,2,7802,Lead waste and scrap.,铅废料和碎屑,
HS,3,780200,Lead waste and scrap,铅废料和碎屑,
HS,2,7803,"Lead bars, rods, profiles and wire, n.e.s.",其他铅条、杆、型材及线材,
HS,3,780300,"Lead bars, rods, profiles and wire.",铅条、铅棒、铅型材和铅丝,
HS,2,7804,"Lead plates, sheets, strip and foil; lead powders and flakes.",铅板、铅片、铅带和铅箔；铅粉和铅片,
HS,3,780411,"Sheets, strip and foil of a thickness (excluding any backing) not exceeding 0,2 mm",厚度（不包括背衬）不超过 0.2 毫米的片、带和箔,
HS,3,780419,Other,其他,
HS,3,780420,Powders and flakes,粉末和薄片,
HS,2,7805,"Lead tubes, pipes and tube or pipe fittings ""e.g., couplings, elbows, sleeves""",铅管、管道和管道配件（例如接头、弯头、套管）,
HS,3,780500,"Lead tubes, pipes and tube or pipe fittings (for example, couplings, elbows, sleeves).",铅管、管道和管道配件（例如，接头、弯头、套管）,
HS,2,7806,Other articles of lead.,其他铅制品,
HS,3,780600,Other articles of lead,其他铅制品,
HS,1,79,ZINC AND ARTICLES THEREOF,锌及其制品,
HS,2,7901,Unwrought zinc.,未锻造锌,
HS,3,790111,"Containing by weight 99,99 % or more of zinc",按重量计含锌99.99%或以上,
HS,3,790112,"Containing by weight less than 99,99 % of zinc",按重量计含锌量低于99.99%,
HS,3,790120,Zinc alloys,锌合金,
HS,2,7902,Zinc waste and scrap.,锌废料和碎屑,
HS,3,790200,Zinc waste and scrap,锌废料和碎屑,
HS,2,7903,"Zinc dust, powders and flakes.",锌粉、锌粉和锌片,
HS,3,790310,Zinc dust,锌粉,
HS,3,790390,Other,其他,
HS,2,7904,"Zinc bars, rods, profiles and wire.",锌条、锌棒、锌型材和锌丝,
HS,3,790400,"Zinc bars, rods, profiles and wire",锌条、锌棒、锌型材和锌丝,
HS,2,7905,"Zinc plates, sheets, strip and foil.",锌板、锌片、锌带和锌箔,
HS,3,790500,"Zinc plates, sheets, strip and foil",锌板、锌片、锌带和锌箔,
HS,2,7906,"Zinc tubes, pipes and tube or pipe fittings ""e.g., couplings, elbows, sleeves""",锌管、管材和管件（例如接头、弯头、套管）,
HS,3,790600,"Zinc tubes, pipes and tube or pipe fittings (for example couplings, elbows, sleeves).",锌管、管道和管件或管道配件（例如接头、弯头、套管）,
HS,2,7907,Other articles of zinc.,其他锌制品,
HS,3,790700,Other articles of zinc,其他锌制品,
HS,3,790710,"Gutters, roof capping, skylight frames and other fabricated building components",排水沟、屋顶盖板、天窗框架和其他建筑构件,
HS,3,790790,Other,其他,
HS,1,80,TIN AND ARTICLES THEREOF,锡及其制品,
HS,2,8001,Unwrought tin.,未锻造的锡,
HS,3,800110,"Tin, not alloyed",锡，非合金,
HS,3,800120,Tin alloys,锡合金,
HS,2,8002,Tin waste and scrap.,锡废料和碎片,
HS,3,800200,Tin waste and scrap,锡废料和碎屑,
HS,2,8003,"Tin bars, rods, profiles and wire.",锡条、锡棒、锡型材和锡丝,
HS,3,800300,"Tin bars, rods, profiles and wire",锡条、锡棒、锡型材和锡丝,
HS,2,8004,"Tin plates, sheets and strip, of a thickness of > 0,2 mm",厚度>0.2毫米的镀锡钢板、片及带,
HS,3,800400,"Tin plates, sheets and strip, of a thickness exceeding 0.2 mm.",厚度超过 0.2 毫米的镀锡钢板、片及带材,
HS,2,8005,"Tin foil of a thickness ""without any backing"" <= 0,2 mm, whether or not printed or backed with paper, paperboard, plastics or similar backing materials; tin powders and flakes (excl. tin granules and spangles of heading 8308)",厚度“无背衬”的锡箔<= 0.2 毫米，无论是否印刷或用纸、纸板、塑料或类似的背衬材料背衬；锡粉和锡片（不包括税号 8308 的锡粒和锡亮片）,
HS,3,800500,"Tin foil (whether or not printed or backed with paper, paperboard, plastics or similar backing materials), of a thickness (excluding any backing) not exceeding 0.2 mm; tin powders and flakes.",锡箔（不论是否印刷或用纸、纸板、塑料或类似的背衬材料衬垫），厚度（不包括任何背衬）不超过0.2毫米；锡粉和锡片,
HS,3,800510,Foil,挫败,
HS,3,800520,Powders and flakes,粉末和薄片,
HS,2,8006,"Tin tubes, pipes and tube or pipe fittings ""e.g., couplings, elbows, sleeves""",锡管、管材和管件（例如接头、弯头、套管）,
HS,3,800600,"Tin tubes, pipes and tube or pipe fittings (for example, couplings, elbows, sleeves).",锡管、管子和管配件（例如，接头、弯头、套管）,
HS,2,8007,Other articles of tin.,其他锡制品,
HS,3,800700,Other articles of tin,其他锡制品,
HS,1,81,OTHER BASE METALS; CERMETS; ARTICLES THEREOF,其他贱金属；金属陶瓷；其制品,
HS,2,8101,"Tungsten (wolfram) and articles thereof, including waste and scrap.",钨及其制品，包括废料和碎料,
HS,3,810110,Powders,粉末,
HS,3,810191,"Unwrought tungsten, including bars and rods obtained simply by sintering; waste and scrap",未锻造钨，包括仅通过烧结获得的棒材和杆材；废料和碎料,
HS,3,810192,"Bars and rods, other than those obtained simply by sintering, profiles, plates, sheets, strip and foil",除通过烧结获得的棒材和杆材、型材、板材、片材、带材和箔材,
HS,3,810193,Wire,金属丝,
HS,3,810194,"Unwrought tungsten, including bars and rods obtained simply by sintering",未锻造钨，包括通过烧结获得的棒材和杆材,
HS,3,810195,"Bars and rods, other than those obtained simply by sintering, profiles, plates, sheets, strip and foil",除通过烧结获得的棒材和杆材、型材、板材、片材、带材和箔材,
HS,3,810196,Wire,金属丝,
HS,3,810197,Waste and scrap,废料和废料,
HS,3,810199,Other,其他,
HS,2,8102,"Molybdenum and articles thereof, including waste and scrap.",钼及其制品，包括废料和碎料,
HS,3,810210,Powders,粉末,
HS,3,810291,"Unwrought molybdenum, including bars and rods obtained simply by sintering; waste and scrap",未锻造钼，包括仅通过烧结获得的棒材和杆材；废料和碎料,
HS,3,810292,"Bars and rods, other than those obtained simply by sintering, profiles, plates, sheets, strip and foil",除通过烧结获得的棒材和杆材、型材、板材、片材、带材和箔材,
HS,3,810293,Wire,金属丝,
HS,3,810294,"Unwrought molybdenum, including bars and rods obtained simply by sintering",未锻造钼，包括通过烧结获得的棒材和杆材,
HS,3,810295,"Bars and rods, other than those obtained simply by sintering, profiles, plates, sheets, strip and foil",除通过烧结获得的棒材和杆材、型材、板材、片材、带材和箔材,
HS,3,810296,Wire,金属丝,
HS,3,810297,Waste and scrap,废料和废料,
HS,3,810299,Other,其他,
HS,2,8103,"Tantalum and articles thereof, including waste and scrap.",钽及其制品，包括废料和碎屑,
HS,3,810310,"Unwrought tantalum, including bars and rods obtained simply by sintering; waste and scrap; powders",未锻造的钽，包括通过烧结获得的棒材和杆材；废料和碎料；粉末,
HS,3,810320,"Unwrought tantalum, including bars and rods obtained simply by sintering; powders",未锻造的钽，包括通过烧结获得的棒材和杆材；粉末,
HS,3,810330,Waste and scrap,废料和废料,
HS,3,810390,Other,其他,
HS,3,810391,Tantalum; crucibles,钽；坩埚,
HS,3,810399,Tantalum; articles n.e.c. in heading no. 8103,钽；8103 号税号下的其它制品,
HS,2,8104,"Magnesium and articles thereof, including waste and scrap.",镁及其制品，包括废料和碎料,
HS,3,810411,"Containing at least 99,8 % by weight of magnesium",含至少 99.8%（重量）的镁,
HS,3,810419,Other,其他,
HS,3,810420,Waste and scrap,废料和废料,
HS,3,810430,"Raspings, turnings and granules, graded according to size; powders",按大小分级的锉屑、车削屑和颗粒；粉末,
HS,3,810490,Other,其他,
HS,2,8105,"Cobalt mattes and other intermediate products of cobalt metallurgy; cobalt and articles thereof, including waste and scrap.",钴锍及其他钴冶金中间产品；钴及其制品，包括废料和碎屑,
HS,3,810510,Cobalt mattes and other intermediate products of cobalt metallurgy; unwrought cobalt; waste and scrap; powders,钴锍及其他钴冶金中间产品；未锻造钴；废碎料；粉末,
HS,3,810520,Cobalt mattes and other intermediate products of cobalt metallurgy; unwrought cobalt; powders,钴锍及其他钴冶金中间产品；未锻造钴；粉末,
HS,3,810530,Waste and scrap,废料和废料,
HS,3,810590,Other,其他,
HS,2,8106,"Bismuth and articles thereof, including waste and scrap.",铋及其制品，包括废料和碎料,
HS,3,810600,"Bismuth and articles thereof, including waste and scrap",铋及其制品，包括废碎料,
HS,3,810610,"Bismuth; articles thereof, including waste and scrap, containing more than 99.99% of bismuth, by weight",铋及其制品，包括废料和碎屑，按重量计含铋量超过99.99％,
HS,3,810690,"Bismuth; including articles n.e.c. in heading 8106, including waste and scrap, containing less than or equal to 99.99% of bismuth, by weight",铋；包括税目 8106 中的物品，包括废料和碎屑，按重量计含铋量不超过 99.99%,
HS,2,8107,"Cadmium and articles thereof, including waste and scrap.",镉及其制品，包括废料和碎屑,
HS,3,810710,Unwrought cadmium; waste and scrap; powders,未锻轧镉；废料及碎料；粉末,
HS,3,810720,Unwrought cadmium; powders,未锻轧镉；粉末,
HS,3,810730,Waste and scrap,废料和废料,
HS,3,810790,Other,其他,
HS,2,8108,"Titanium and articles thereof, including waste and scrap.",钛及其制品，包括废料和碎料,
HS,3,810810,Unwrought titanium; waste and scrap; powders,未锻造钛；废料和碎料；粉末,
HS,3,810820,Unwrought titanium; powders,未锻造钛；粉末,
HS,3,810830,Waste and scrap,废料和废料,
HS,3,810890,Other,其他,
HS,2,8109,"Zirconium and articles thereof, including waste and scrap.",锆及其制品，包括废料和碎料,
HS,3,810910,Unwrought zirconium; waste and scrap; powders,未锻造锆；废料和碎料；粉末,
HS,3,810920,Unwrought zirconium; powders,未锻造锆；粉末,
HS,3,810921,"Zirconium; unwrought, powders, containing less than 1 part hafnium to 500 parts zirconium by weight",锆；未锻造粉末，含铪重量份数小于 1 份，锆重量份数小于 500 份,
HS,3,810929,"Zirconium; unwrought, powders, containing not less than 1 part hafnium to 500 parts zirconium by weight",锆；未锻造粉末，按重量计含铪不少于 1 份，锆不少于 500 份,
HS,3,810930,Waste and scrap,废料和废料,
HS,3,810931,"Zirconium; waste and scrap, containing less than 1 part hafnium to 500 parts zirconium by weight",锆；废碎料，含铪重量少于 1 份，锆重量少于 500 份,
HS,3,810939,"Zirconium; waste and scrap, containing not less than 1 part hafnium to 500 parts zirconium by weight",锆；废碎料，含铪重量不少于1份，锆重量不少于500份,
HS,3,810990,Other,其他,
HS,3,810991,"Zirconium; other than unwrought, n.e.c. in heading no. 8109, containing less than 1 part hafnium to 500 parts zirconium by weight",锆；未锻造的除外，归入第8109号税则，含铪量少于1份，锆量少于500份,
HS,3,810999,"Zirconium; other than unwrought, n.e.c. in heading no. 8109, containing not less than 1 part hafnium to 500 parts zirconium by weight",锆；未锻造的除外，归入第8109号税则，含铪和锆的重量比不少于1份，锆含量不少于500份,
HS,2,8110,"Antimony and articles thereof, including waste and scrap.",锑及其制品，包括废料和碎屑,
HS,3,811000,"Antimony and articles thereof, including waste and scrap",锑及其制品，包括废碎料,
HS,3,811010,Unwrought antimony; powders,未锻造锑；粉末,
HS,3,811020,Waste and scrap,废料和废料,
HS,3,811090,Other,其他,
HS,2,8111,"Manganese and articles thereof, including waste and scrap.",锰及其制品，包括废料和碎料,
HS,3,811100,"Manganese and articles thereof, including waste and scrap",锰及其制品，包括废碎料,
HS,2,8112,"Beryllium, chromium, germanium, vanadium, gallium, hafnium, indium, niobium (columbium), rhenium and thallium, and articles of these metals, including waste and scrap.",铍、铬、锗、钒、镓、铪、铟、铌（钶）、铼和铊，以及这些金属的制品，包括废料和碎屑,
HS,3,811211,Unwrought; waste and scrap; powders,未锻造；废料和碎料；粉末,
HS,3,811212,Unwrought; powders,未锻造；粉末,
HS,3,811213,Waste and scrap,废料和废料,
HS,3,811219,Other,其他,
HS,3,811220,Chromium,铬,
HS,3,811221,Unwrought; powders,未锻造；粉末,
HS,3,811222,Waste and scrap,废料和废料,
HS,3,811229,Other,其他,
HS,3,811230,Germanium,锗,
HS,3,811231,"Hafnium and articles thereof; unwrought, powders, waste and scrap",铪及其制品；未锻造、粉末、废料和碎屑,
HS,3,811239,"Hafnium and articles thereof; wrought, other than powders, waste and scrap",铪及其制品；锻造品（粉末除外）、废料及碎屑,
HS,3,811240,Vanadium,钒,
HS,3,811241,"Rhenium and articles thereof; unwrought, powders, waste and scrap",铼及其制品；未锻造、粉末、废料和碎屑,
HS,3,811249,"Rhenium and articles thereof; wrought, other than powders, waste and scrap",铼及其制品；锻造品（粉末除外）、废料和碎屑,
HS,3,811251,Unwrought; powders,未锻造；粉末,
HS,3,811252,Waste and scrap,废料和废料,
HS,3,811259,Other,其他,
HS,3,811261,Cadmium; waste and scrap,镉；废物和碎料,
HS,3,811269,Cadmium; other than waste and scrap,镉；除废物和碎屑外,
HS,3,811291,Unwrought; waste and scrap; powders,未锻造；废料和碎料；粉末,
HS,3,811292,Unwrought; waste and scrap; powders,未锻造；废料和碎料；粉末,
HS,3,811299,Other,其他,
HS,2,8113,"Cermets and articles thereof, including waste and scrap.",金属陶瓷及其制品，包括废料和碎屑,
HS,3,811300,"Cermets and articles thereof, including waste and scrap",金属陶瓷及其制品，包括废料和碎屑,
HS,1,82,"TOOLS, IMPLEMENTS, CUTLERY, SPOONS AND FORKS, OF BASE METAL; PARTS THEREOF OF BASE METAL",贱金属制工具、器具、餐具、勺子及叉子及其零件,
HS,2,8201,"Hand tools, the following : spades, shovels, mattocks, picks, hoes, forks and rakes; axes, bill hooks and similar hewing tools; secateurs and pruners of any kind; scythes, sickles, hay knives, hedge shears, timber wedges and other tools of a kind used in",下列手工工具：铁锹、铲子、鹤嘴锄、镐、锄头、叉子和耙子；斧头、镰刀和类似的砍伐工具；任何类型的修枝剪和修枝剪；镰刀、镰刀、干草刀、篱笆剪、木楔和其他用于,
HS,3,820110,Spades and shovels,铁锹和铲子,
HS,3,820120,Forks,叉子,
HS,3,820130,"Mattocks, picks, hoes and rakes",鹤嘴锄、镐、锄头和耙子,
HS,3,820140,"Axes, billhooks and similar hewing tools",斧头、镰刀及类似的砍伐工具,
HS,3,820150,Secateurs and similar one-handed pruners and shears (including poultry shears),修枝剪及类似的单手修枝剪和剪刀（包括家禽剪）,
HS,3,820160,"Hedge shears, two-handed pruning shears and similar two-handed shears",篱笆剪、双手修枝剪及类似的双手剪,
HS,3,820190,"Other hand tools of a kind used in agriculture, horticulture or forestry",其他用于农业、园艺或林业的手工工具,
HS,2,8202,"Hand saws; blades for saws of all kinds (including slitting, slotting or toothless saw blades).",手锯；各类锯的锯片（包括开槽锯片、开槽锯片或无齿锯片）,
HS,3,820210,Handsaws,手锯,
HS,3,820220,Bandsaw blades,带锯条,
HS,3,820231,With working part of steel,工作部分为钢制,
HS,3,820232,With working part of other materials,工作部分采用其他材质,
HS,3,820239,"Other, including parts",其他，包括零件,
HS,3,820240,Chainsaw blades,链锯刀片,
HS,3,820291,"Straight saw blades, for working metal",直锯片，用于加工金属,
HS,3,820299,Other,其他,
HS,2,8203,"Files, rasps, pliers (including cutting pliers), pincers, tweezers, metal cutting shears, pipe-cutters, bolt croppers, perforating punches and similar hand tools.",锉刀、粗锉、钳子（包括剪切钳）、钳子、镊子、金属剪切机、管子剪、断线钳、打孔器及类似的手工工具,
HS,3,820310,"Files, rasps and similar tools",锉刀、木锉和类似工具,
HS,3,820320,"Pliers (including cutting pliers), pincers, tweezers and similar tools",钳子（包括剪钳）、尖嘴钳、镊子及类似工具,
HS,3,820330,Metal-cutting shears and similar tools,金属切割剪刀及类似工具,
HS,3,820340,"Pipe-cutters, bolt croppers, perforating punches and similar tools",管道切割机、断线钳、打孔器及类似工具,
HS,2,8204,"Hand-operated spanners and wrenches (including torque meter wrenches but not including tap wrenches); interchangeable spanner sockets, with or without handles.",手动扳手和扳钳（包括扭矩计扳手，但不包括丝锥扳手）；可互换扳手套筒，带或不带手柄,
HS,3,820411,Non-adjustable,不可调节,
HS,3,820412,Adjustable,可调节的,
HS,3,820420,"Interchangeable spanner sockets, with or without handles",可互换扳手套筒，带或不带手柄,
HS,2,8205,"Hand tools (including glaziers' diamonds), not elsewhere specified or included; blow lamps; vices, clamps and the like, other than accessories for and parts of, machine tools; anvils; portable forges; hand or pedal-operated grinding wheels with frameworks",未在其他地方列明或包括的手动工具（包括玻璃工用金刚石）；喷灯；虎钳、夹钳及类似品，但机床附件及零件除外；铁砧；便携式锻炉；带框架的手动或脚踏砂轮,
HS,3,820510,"Drilling, threading or tapping tools",钻孔、攻丝或攻丝工具,
HS,3,820520,Hammers and sledge hammers,锤子和大锤,
HS,3,820530,"Planes, chisels, gouges and similar cutting tools for working wood",刨子、凿子、凿子及类似的木材加工用切削工具,
HS,3,820540,Screwdrivers,螺丝刀,
HS,3,820551,Household tools,家用工具,
HS,3,820559,Other,其他,
HS,3,820560,Blowlamps,喷灯,
HS,3,820570,"Vices, clamps and the like",虎钳、夹钳及类似物,
HS,3,820580,Anvils; portable forges; hand or pedal-operated grinding wheels with frameworks,铁砧；便携式锻炉；带框架的手动或脚踏砂轮,
HS,3,820590,"Other, including sets of articles of two or more subheadings of this heading",其他，包括本品目下两个或两个以上子目组合的物品,
HS,2,8206,"Tools of two or more of the headings 82.02 to 82.05, put up in sets for retail sale.",两个或两个以上税目 82.02 至 82.05 所列的工具，成套出售,
HS,3,820600,"Tools of two or more of headings 8202 to 8205, put up in sets for retail sale",8202 至 8205 类中的两件或多件工具，成套出售,
HS,2,8207,"operated, or for machine-tools (for example, for pressing, stamping, punching, tapping, threading, drilling, boring, broaching, milling, turning or screw driving), including dies for drawing or e",操作的，或用于机床（例如，用于压制、冲压、冲孔、攻丝、攻丝、钻孔、镗孔、拉削、铣削、车削或拧螺丝），包括用于拉伸或,
HS,3,820711,With working part of sintered metal carbide or cermets,工作部件由烧结金属碳化物或金属陶瓷制成,
HS,3,820712,With working part of other material,工作部分采用其他材质,
HS,3,820713,With working part of cermets,工作部件采用金属陶瓷,
HS,3,820719,"Other, including parts",其他，包括零件,
HS,3,820720,Dies for drawing or extruding metal,用于拉伸或挤压金属的模具,
HS,3,820730,"Tools for pressing, stamping or punching",用于压制、冲压或冲孔的工具,
HS,3,820740,Tools for tapping or threading,攻丝或螺纹加工工具,
HS,3,820750,"Tools for drilling, other than for rock-drilling",除岩石钻孔外的钻孔工具,
HS,3,820760,Tools for boring or broaching,钻孔或拉削工具,
HS,3,820770,Tools for milling,铣削刀具,
HS,3,820780,Tools for turning,车削刀具,
HS,3,820790,Other interchangeable tools,其他可互换工具,
HS,2,8208,"Knives and cutting blades, for machines or for mechanical appliances.",用于机器或机械设备的刀具和切割刀片,
HS,3,820810,For metalworking,用于金属加工,
HS,3,820820,For woodworking,用于木工,
HS,3,820830,For kitchen appliances or for machines used by the food industry,适用于厨房电器或食品工业使用的机器,
HS,3,820840,"For agricultural, horticultural or forestry machines",适用于农业、园艺或林业机械,
HS,3,820890,Other,其他,
HS,2,8209,"Plates, sticks, tips and the like for tools, unmounted, of cermets.",工具用板、棒、尖头及类似品，未装配，金属陶瓷制,
HS,3,820900,"Plates, sticks, tips and the like for tools, unmounted, of cermets",金属陶瓷制工具用板、棒、头及类似品，未装配,
HS,2,8210,"Hand-operated mechanical appliances, weighing 10 kg or less, used in the preparation, conditioning or serving of food or drink.",重量不超过 10 公斤的手动机械器具，用于准备、调理或供应食物或饮料,
HS,3,821000,"Hand-operated mechanical appliances, weighing 10 kg or less, used in the preparation, conditioning or serving of food or drink",重量不超过 10 公斤的手动机械器具，用于准备、调理或提供食物或饮料,
HS,2,8211,"Knives with cutting blades, serrated or not (including pruning knives), other than knives of heading 82.08, and blades therefor.",带有切割刀片的刀具，无论是否带锯齿（包括修枝刀），除税号 82.08 的刀具外，及其刀片,
HS,3,821110,Sets of assorted articles,各式各样的物品套装,
HS,3,821191,Table knives having fixed blades,具有固定刀片的餐刀,
HS,3,821192,Other knives having fixed blades,其他固定刀片刀具,
HS,3,821193,Knives having other than fixed blades,非固定刀片刀具,
HS,3,821194,Blades,刀片,
HS,3,821195,Handles of base metal,贱金属手柄,
HS,2,8212,Razors and razor blades (including razor blade blanks in strips).,剃须刀和剃须刀片（包括条状剃须刀片毛坯）,
HS,3,821210,Razors,剃须刀,
HS,3,821220,"Safety razor blades, including razor blade blanks in strips",安全剃须刀片，包括条状剃须刀片毛坯,
HS,3,821290,Other parts,其他部分,
HS,2,8213,"Scissors, tailors' shears and similar shears, and blades therefor.",剪刀、裁缝剪和类似剪刀及其刀片,
HS,3,821300,"Scissors, tailors' shears and similar shears, and blades therefor",剪刀、裁缝剪和类似剪刀及其刀片,
HS,2,8214,"Other articles of cutlery (for example, hair clippers, butchers' or kitchen cleavers, choppers and mincing knives, paper knives); manicure or pedicure sets and instruments (including nail files).",其他餐具（例如，理发推子、屠夫或厨房切肉刀、菜刀和绞肉刀、裁纸刀）；修指甲或修脚用具和器械（包括指甲锉）,
HS,3,821410,"Paperknives, letter openers, erasing knives, pencil sharpeners and blades therefor",裁纸刀、开信刀、擦除刀、铅笔刀及其刀片,
HS,3,821420,Manicure or pedicure sets and instruments (including nail files),修指甲或修脚套装和工具（包括指甲锉）,
HS,3,821490,Other,其他,
HS,2,8215,"knives, sugar tongs and similar kitchen or tableware.",刀具、糖夹及类似的厨房或餐具,
HS,3,821510,Sets of assorted articles containing at least one article plated with precious metal,包含至少一件镀有贵金属的物品的什锦物品套装,
HS,3,821520,Other sets of assorted articles,其他什锦物品套装,
HS,3,821591,Plated with precious metal,镀有贵金属,
HS,3,821599,Other,其他,
HS,1,83,MISCELLANEOUS ARTICLES OF BASE METAL,贱金属杂项制品,
HS,2,8301,"Padlocks and locks (key, combination or electrically operated), of base metal; clasps and frames with clasps, incorporating locks, of base metal; keys for any of the foregoing articles, of base metal.",贱金属制的挂锁和锁（钥匙、密码或电动）；贱金属制的带锁扣的扣环和框架；贱金属制的上述任何物品的钥匙,
HS,3,830110,Padlocks,挂锁,
HS,3,830120,Locks of a kind used for motor vehicles,用于机动车辆的锁,
HS,3,830130,Locks of a kind used for furniture,用于家具的锁,
HS,3,830140,Other locks,其他锁,
HS,3,830150,"Clasps and frames with clasps, incorporating locks",带锁扣的扣环和框架,
HS,3,830160,Parts,部分,
HS,3,830170,Keys presented separately,单独提供的钥匙,
HS,2,8302,"Base metal mountings, fittings and similar articles suitable for furniture, doors, staircases, windows, blinds, coachwork, saddlery, trunks, chests, caskets or the like; base metal hat-racks, hat-pegs, brackets and similar fixtures; castors with mountings",适用于家具、门、楼梯、窗、百叶窗、车身、马具、箱子、柜子、小盒子或类似物的贱金属支架、配件及类似物品；贱金属帽架、帽钉、托架及类似固定装置；带支架的脚轮,
HS,3,830210,Hinges,铰链,
HS,3,830220,Castors,脚轮,
HS,3,830230,"Other mountings, fittings and similar articles suitable for motor vehicles",适用于机动车辆的其他固定装置、配件及类似物品,
HS,3,830241,Suitable for buildings,适用于建筑物,
HS,3,830242,"Other, suitable for furniture",其他，适用于家具,
HS,3,830249,Other,其他,
HS,3,830250,"Hat-racks, hat-pegs, brackets and similar fixtures",帽架、帽夹、托架及类似固定装置,
HS,3,830260,Automatic door closers,自动闭门器,
HS,2,8303,"Armoured or reinforced safes, strong-boxes and doors and safe deposit lockers for strong-rooms, cash or deed boxes and the like, of base metal.",贱金属制成的装甲或加固保险箱、保险柜、保险库门、保险箱、现金箱或契约箱等,
HS,3,830300,"Armoured or reinforced safes, strongboxes and doors and safe deposit lockers for strong-rooms, cash or deed boxes and the like, of base metal",贱金属制成的装甲或加固保险箱、保险柜、保险库门、保险箱、现金箱或契约箱等,
HS,2,8304,"Filing cabinets, card-index cabinets, paper trays, paper rests, pen trays, office-stamp stands and similar office or desk equipment, of base metal, other than office furniture of heading 94.03.",文件柜、卡片索引柜、纸盘、纸架、笔盘、办公室印章架及类似的办公室或办公桌设备，由贱金属制成，但税号 94.03 的办公家具除外,
HS,3,830400,"Filing cabinets, card-index cabinets, paper trays, paper rests, pen trays, office-stamp stands and similar office or desk equipment, of base metal, other than office furniture of heading 9403",文件柜、卡片索引柜、纸盘、纸架、笔盘、办公室印章架及类似的办公室或办公桌设备，由贱金属制成，但税目 9403 的办公家具除外,
HS,2,8305,"Fittings for loose-leaf binders or files, letter clips, letter corners, paper clips, indexing tags and similar office articles, of base metal; staples in strips (for example, for offices, upholstery, packaging), of base metal.",贱金属制活页夹或文件夹配件、信夹、信角、回形针、索引标签及类似办公用品；贱金属制条状订书钉（例如，用于办公室、室内装潢、包装）,
HS,3,830510,Fittings for loose-leaf binders or files,活页夹或文件夹配件,
HS,3,830520,Staples in strips,条状订书钉,
HS,3,830590,"Other, including parts",其他，包括零件,
HS,2,8306,"Bells, gongs and the like, non-electric, of base metal; statuettes and other ornaments, of base metal; photograph, picture or similar frames, of base metal; mirrors of base metal.",非电动的钟、锣及类似品，贱金属制；小雕像及其他装饰品，贱金属制；相框、画框或类似框架，贱金属制；镜子,
HS,3,830610,"Bells, gongs and the like",钟、锣等,
HS,3,830621,Plated with precious metal,镀有贵金属,
HS,3,830629,Other,其他,
HS,3,830630,"Photograph, picture or similar frames; mirrors",照片、图片或类似的框架；镜子,
HS,2,8307,"Flexible tubing of base metal, with or without fittings.",柔性母材管，带或不带配件,
HS,3,830710,Of iron or steel,铁或钢,
HS,3,830790,Of other base metal,其他贱金属,
HS,2,8308,"Clasps, frames with clasps, buckles, buckle-clasps, hooks, eyes, eyelets and the like, of base metal, of a kind used for clothing, footwear, awnings, handbags, travel goods or other made up articles; tubular or bifurcated rivets, of base metal; beads and",用于服装、鞋类、遮篷、手提包、旅行用品或其他制成品的贱金属扣环、带扣框架、带扣、带扣扣环、钩、眼、孔眼及类似物；贱金属管状或分叉铆钉；珠子和,
HS,3,830810,"Hooks, eyes and eyelets",钩、眼和孔眼,
HS,3,830820,Tubular or bifurcated rivets,管状或分叉铆钉,
HS,3,830890,"Other, including parts",其他，包括零件,
HS,2,8309,"Stoppers, caps and lids (including crown corks, screw caps and pouring stoppers), capsules for bottles, threaded bungs, bung covers, seals and other packing accessories, of base metal.",贱金属制瓶塞、瓶盖（包括皇冠塞、螺旋盖和倾倒塞）、瓶盖、螺纹塞、塞盖、密封件及其他包装附件,
HS,3,830910,Crown corks,皇冠软木塞,
HS,3,830990,Other,其他,
HS,2,8310,"Sign-plates, name-plates, address-plates and similar plates, numbers, letters and other symbols, of base metal, excluding those of heading 94.05.",贱金属制成的标志牌、铭牌、地址牌及类似牌、数字、字母及其他符号，但税目 94.05 的货品除外,
HS,3,831000,"Sign-plates, nameplates, address-plates and similar plates, numbers, letters and other symbols, of base metal, excluding those of heading 9405",贱金属制成的标志牌、铭牌、地址牌及类似牌、数字、字母和其他符号，但税目 9405 所列的除外,
HS,2,8311,"Wire, rods, tubes, plates, electrodes and similar products, of base metal or of metal carbides, coated or cored with flux material, of a kind used for soldering, brazing, welding or deposition of metal or of metal carbides; wire and rods, of agglomerated",线材、棒材、管材、板材、电极及类似产品，由贱金属或金属碳化物制成，涂有或芯有助焊剂材料，用于焊接、钎焊、焊接或金属或金属碳化物的沉积；烧结的线材和棒材,
HS,3,831110,"Coated electrodes of base metal, for electric arc-welding",电弧焊用贱金属涂层焊条,
HS,3,831120,"Cored wire of base metal, for electric arc-welding",电弧焊用贱金属药芯焊丝,
HS,3,831130,"Coated rods and cored wire, of base metal, for soldering, brazing or welding by flame",用于火焰焊接、钎焊或焊接的贱金属涂层棒和药芯焊丝,
HS,3,831190,Other,其他,
HS,1,84,"NUCLEAR REACTORS, BOILERS, MACHINERY AND MECHANICAL APPLIANCES; PARTS THEREOF",核反应堆、锅炉、机械及机械器具及其零件,
HS,2,8401,"Nuclear reactors; fuel elements (cartridges), non-irradiated, for nuclear reactors; machinery and apparatus for isotopic separation.",核反应堆；核反应堆用未辐照燃料元件（筒）；同位素分离机械和设备,
HS,3,840110,Nuclear reactors (Euratom),核反应堆（欧洲原子能共同体）,
HS,3,840120,"Machinery and apparatus for isotopic separation, and parts thereof (Euratom)",同位素分离机械和设备及其零件（欧洲原子能共同体）,
HS,3,840130,"Fuel elements (cartridges), non-irradiated (Euratom)",未辐照燃料元件（筒）（欧洲原子能共同体）,
HS,3,840140,Parts of nuclear reactors (Euratom),核反应堆部件（欧洲原子能共同体）,
HS,2,8402,Steam or other vapour generating boilers (other than central heating hot water boilers capable also of producing low pressure steam); super-heated water boilers.,蒸汽或其他蒸汽发生锅炉（除能够产生低压蒸汽的集中供暖热水锅炉外）；过热水锅炉,
HS,3,840211,Watertube boilers with a steam production exceeding 45 tonnes per hour,每小时蒸汽产量超过45吨的水管锅炉,
HS,3,840212,Watertube boilers with a steam production not exceeding 45 tonnes per hour,每小时蒸汽产量不超过45吨的水管锅炉,
HS,3,840219,"Other vapour generating boilers, including hybrid boilers",其他蒸汽锅炉，包括混合锅炉,
HS,3,840220,Superheated water boilers,过热水锅炉,
HS,3,840290,Parts,部分,
HS,2,8403,Central heating boilers other than those of heading 84.02.,除税目 84.02 以外的集中供暖锅炉,
HS,3,840310,Boilers,锅炉,
HS,3,840390,Parts,部分,
HS,2,8404,"Auxiliary plant for use with boilers of heading 84.02 or 84.03 (for example, economisers, super-heaters, soot removers, gas recoverers); condensers for steam or other vapour power units.",与税目 84.02 或 84.03 的锅炉一起使用的辅助设备（例如，省煤器、过热器、除灰器、气体回收器）；蒸汽或其他蒸气动力装置的冷凝器,
HS,3,840410,Auxiliary plant for use with boilers of heading 8402 or 8403,与税目 8402 或 8403 锅炉一起使用的辅助设备,
HS,3,840420,Condensers for steam or other vapour power units,蒸汽或其他蒸汽动力装置的冷凝器,
HS,3,840490,Parts,部分,
HS,2,8405,"Producer gas or water gas generators, with or without their purifiers; acetylene gas generators and similar water process gas generators, with or without their purifiers.",发生炉煤气或水煤气发生器（带或不带净化器）；乙炔气发生器和类似的水工艺气发生器（带或不带净化器）,
HS,3,840510,"Producer gas or water gas generators, with or without their purifiers; acetylene gas generators and similar water process gas generators, with or without their purifiers",发生炉煤气或水煤气发生器，带或不带净化器；乙炔气发生器和类似的水工艺气发生器，带或不带净化器,
HS,3,840590,Parts,部分,
HS,2,8406,Steam turbines and other vapour turbines.,蒸汽涡轮机和其他蒸汽涡轮机,
HS,3,840610,Turbines for marine propulsion,船舶推进涡轮机,
HS,3,840611,For marine propulsion,用于船舶推进,
HS,3,840619,Other,其他,
HS,3,840681,Of an output exceeding 40 MW,输出功率超过 40 MW,
HS,3,840682,Of an output not exceeding 40 MW,输出功率不超过40MW,
HS,3,840690,Parts,部分,
HS,2,8407,Spark-ignition reciprocating or rotary internal combustion piston engines.,火花点火往复式或旋转式内燃活塞发动机,
HS,3,840710,Aircraft engines,飞机发动机,
HS,3,840721,Outboard motors,舷外发动机,
HS,3,840729,Other,其他,
HS,3,840731,Of a cylinder capacity not exceeding 50 cm³,气缸容量不超过50 cm³,
HS,3,840732,Of a cylinder capacity exceeding 50 cm³ but not exceeding 250 cm³,气缸容量超过 50 cm³ 但不超过 250 cm³,
HS,3,840733,Of a cylinder capacity exceeding 250 cm³ but not exceeding 1000 cm³,气缸容量超过 250 cm³ 但不超过 1000 cm³,
HS,3,840734,Of a cylinder capacity exceeding 1000 cm³,气缸容量超过 1000 cm³,
HS,3,840790,Other engines,其他引擎,
HS,2,8408,Compression-ignition internal combustion piston engines (diesel or semi-diesel engines).,压燃内燃活塞发动机（柴油或半柴油发动机）,
HS,3,840810,Marine propulsion engines,船用推进发动机,
HS,3,840820,Engines of a kind used for the propulsion of vehicles of Chapter 87,用于驱动第87章车辆的发动机,
HS,3,840890,Other engines,其他引擎,
HS,2,8409,Parts suitable for use solely or principally with the engines of heading 84.07 or 84.08.,仅适合或主要适用于税目 84.07 或 84.08 所列发动机的零件,
HS,3,840910,For aircraft engines,用于飞机发动机,
HS,3,840991,Suitable for use solely or principally with spark-ignition internal combustion piston engines,适合单独或主要用于火花点火内燃活塞发动机,
HS,3,840999,Other,其他,
HS,2,8410,"Hydraulic turbines, water wheels, and regulators therefor.",水轮机、水轮及其调节器,
HS,3,841011,Of a power not exceeding 1000 kW,功率不超过1000千瓦,
HS,3,841012,Of a power exceeding 1000 kW but not exceeding 10000 kW,功率超过1000千瓦但不超过10000千瓦,
HS,3,841013,Of a power exceeding 10000 kW,功率超过10000千瓦,
HS,3,841090,"Parts, including regulators",零件，包括调节器,
HS,2,8411,"Turbo-jets, turbo-propellers and other gas turbines.",涡轮喷气发动机、涡轮螺旋桨发动机和其他燃气涡轮发动机,
HS,3,841111,Of a thrust not exceeding 25 kN,推力不超过25千牛,
HS,3,841112,Of a thrust exceeding 25 kN,推力超过25千牛,
HS,3,841121,Of a power not exceeding 1100 kW,功率不超过1100千瓦,
HS,3,841122,Of a power exceeding 1100 kW,功率超过1100千瓦,
HS,3,841181,Of a power not exceeding 5000 kW,功率不超过5000千瓦,
HS,3,841182,Of a power exceeding 5000 kW,功率超过5000千瓦,
HS,3,841191,Of turbojets or turbopropellers,涡轮喷气发动机或涡轮螺旋桨发动机,
HS,3,841199,Other,其他,
HS,2,8412,Other engines and motors.,其他发动机和马达,
HS,3,841210,Reaction engines other than turbojets,除涡轮喷气发动机以外的反作用发动机,
HS,3,841221,Linear acting (cylinders),直线作用（气缸）,
HS,3,841229,Other,其他,
HS,3,841231,Linear acting (cylinders),直线作用（气缸）,
HS,3,841239,Other,其他,
HS,3,841280,Other,其他,
HS,3,841290,Parts,部分,
HS,2,8413,"Pumps for liquids, whether or not fitted with a measuring device; liquid elevators.",液体泵，不论是否装有测量装置；液体提升机,
HS,3,841311,"Pumps for dispensing fuel or lubricants, of the type used in filling stations or in garages",用于分配燃料或润滑剂的泵，用于加油站或车库,
HS,3,841319,Other,其他,
HS,3,841320,"Handpumps, other than those of subheading 841311 or 841319",手压泵，但子目 841311 或 841319 除外,
HS,3,841330,"Fuel, lubricating or cooling medium pumps for internal combustion piston engines",内燃活塞发动机的燃料、润滑或冷却介质泵,
HS,3,841340,Concrete pumps,混凝土泵,
HS,3,841350,Other reciprocating positive displacement pumps,其他往复式容积泵,
HS,3,841360,Other rotary positive displacement pumps,其他旋转容积泵,
HS,3,841370,Other centrifugal pumps,其他离心泵,
HS,3,841381,Pumps,泵,
HS,3,841382,Liquid elevators,液体提升机,
HS,3,841391,Of pumps,泵,
HS,3,841392,Of liquid elevators,液体升降机,
HS,2,8414,"Air or vacuum pumps, air or other gas compressors and fans; ventilating or recycling hoods incorporating a fan, whether or not fitted with filters.",空气泵或真空泵、空气或其他气体压缩机和风扇；装有风扇的通风罩或回收罩，不论是否装有过滤器,
HS,3,841410,Vacuum pumps,真空泵,
HS,3,841420,or foot-operated air pumps,或脚踏式气泵,
HS,3,841430,Compressors of a kind used in refrigerating equipment,用于制冷设备的压缩机,
HS,3,841440,Air compressors mounted on a wheeled chassis for towing,安装在轮式底盘上用于牵引的空气压缩机,
HS,3,841451,"Table, floor, wall, window, ceiling or roof fans, with a self-contained electric motor of an output not exceeding 125 W",台式、落地式、壁式、窗式、吊式或屋顶风扇，配有独立电动机，输出功率不超过 125 瓦,
HS,3,841459,Other,其他,
HS,3,841460,Hoods having a maximum horizontal side not exceeding 120 cm,最大水平边不超过 120 厘米的罩子,
HS,3,841470,"Gas-tight biological safety cabinets; whether or not fitted with filters, having a maximum horizontal side not exceeding 120cm",气密生物安全柜；无论是否装有过滤器，最大水平边不超过120厘米,
HS,3,841480,Other,其他,
HS,3,841490,Parts,部分,
HS,2,8415,"Air conditioning machines, comprising a motor-driven fan and elements for changing the temperature and humidity, including those machines in which the humidity cannot be separately regulated.",空调机，由电动风扇和改变温度和湿度的元件组成，包括不能单独调节湿度的机器,
HS,3,841510,"Of a kind designed to be fixed to a window, wall, ceiling or floor, self-contained or “split-system”",设计用于固定在窗户、墙壁、天花板或地板上，独立式或“分体式”,
HS,3,841520,"Of a kind used for persons, in motor vehicles",用于人员、机动车辆的一种,
HS,3,841581,Incorporating a refrigerating unit and a valve for reversal of the cooling/heat cycle (reversible heat pumps),结合制冷装置和用于逆转冷却/加热循环的阀门（可逆热泵）,
HS,3,841582,"Other, incorporating a refrigerating unit",其他，包含制冷装置,
HS,3,841583,Not incorporating a refrigerating unit,未配备制冷装置,
HS,3,841590,Parts,部分,
HS,2,8416,"Furnace burners for liquid fuel, for pulverised solid fuel or for gas; mechanical stokers, including their mechanical grates, mechanical ash dischargers and similar appliances.",用于液体燃料、粉状固体燃料或气体的炉燃烧器；机械加煤机，包括其机械炉篦、机械排灰器及类似器具,
HS,3,841610,Furnace burners for liquid fuel,液体燃料炉燃烧器,
HS,3,841620,"Other furnace burners, including combination burners",其他炉用燃烧器，包括组合燃烧器,
HS,3,841630,"Mechanical stokers, including their mechanical grates, mechanical ash dischargers and similar appliances",机械加煤机，包括其机械炉篦、机械排灰器及类似器具,
HS,3,841690,Parts,部分,
HS,2,8417,"Industrial or laboratory furnaces and ovens, including incinerators, non-electric.",工业或实验室炉和烤箱，包括焚化炉，非电的,
HS,3,841710,"Furnaces and ovens for the roasting, melting or other heat treatment of ores, pyrites or of metals",用于焙烧、熔化或其他热处理矿石、黄铁矿或金属的熔炉和烘箱,
HS,3,841720,"Bakery ovens, including biscuit ovens",面包烤炉，包括饼干烤炉,
HS,3,841780,Other,其他,
HS,3,841790,Parts,部分,
HS,2,8418,"Refrigerators, freezers and other refrigerating or freezing equipment, electric or other; heat pumps other than air conditioning machines of heading 84.15.",电冰箱、冷冻机及其他制冷或冷冻设备，电动或其他类型；热泵，但税目84.15的空调机除外,
HS,3,841810,"Combined refrigerator-freezers, fitted with separate external doors",组合式冷藏冷冻柜，配有独立的外门,
HS,3,841821,Compression-type,压缩型,
HS,3,841822,"Absorption-type, electrical",吸收式，电动,
HS,3,841829,Other,其他,
HS,3,841830,"Freezers of the chest type, not exceeding 800 litres capacity",容量不超过800升的柜式冷冻柜,
HS,3,841840,"Freezers of the upright type, not exceeding 900 litres capacity",立式冷冻柜，容量不超过900升,
HS,3,841850,"Other furniture (chests, cabinets, display counters, showcases and the like) for storage and display, incorporating refrigerating or freezing equipment",其他用于储存和展示的家具（柜子、橱柜、展示柜、陈列柜等），配有冷藏或冷冻设备,
HS,3,841861,Heat pumps other than air conditioning machines of heading 8415,税目8415的空调机以外的热泵,
HS,3,841869,Other,其他,
HS,3,841891,Furniture designed to receive refrigerating or freezing equipment,设计用于容纳冷藏或冷冻设备的家具,
HS,3,841899,Other,其他,
HS,2,8419,"Machinery, plant or laboratory equipment, whether or not electrically heated (excluding furnaces, ovens and other equipment of heading 85.14), for the treatment of materials by a process involving a change of temperature such as heating, cooking, roasting",机械、厂房或实验室设备，无论是否电加热（不包括炉子、烤箱及税目 85.14 的其他设备），用于通过涉及温度变化的工艺（例如加热、烹饪、烘烤）处理材料,
HS,3,841911,Instantaneous gas water heaters,即热式燃气热水器,
HS,3,841912,"Heaters; solar water heaters, non-electric",加热器；太阳能热水器，非电热的,
HS,3,841919,Other,其他,
HS,3,841920,"Medical, surgical or laboratory sterilisers",医疗、外科或实验室消毒器,
HS,3,841931,For agricultural products,对于农产品,
HS,3,841932,"For wood, paper pulp, paper or paperboard",适用于木材、纸浆、纸张或纸板,
HS,3,841933,"Dryers; lyophilisation apparatus, freeze drying units and spray dryers, not used for domestic purposes",干燥机；冻干设备、冷冻干燥装置和喷雾干燥机，非家庭用途,
HS,3,841934,"Dryers; for agricultural products, not used for domestic purposes",烘干机；用于农产品，不用于家庭用途,
HS,3,841935,"Dryers; for wood, paper pulp, paper or paperboard, not used for domestic purposes",干燥机；用于木材、纸浆、纸或纸板，非家庭用途,
HS,3,841939,Other,其他,
HS,3,841940,Distilling or rectifying plant,蒸馏或精馏装置,
HS,3,841950,Heat-exchange units,热交换单元,
HS,3,841960,Machinery for liquefying air or other gases,液化空气或其他气体的机械,
HS,3,841981,For making hot drinks or for cooking or heating food,用于制作热饮或烹饪或加热食物,
HS,3,841989,Other,其他,
HS,3,841990,Parts,部分,
HS,2,8420,"Calendering or other rolling machines, other than for metals or glass, and cylinders therefor.",压延机或其他滚压机（用于金属或玻璃的除外）及其滚筒,
HS,3,842010,Calendering or other rolling machines,压延机或其他滚压机,
HS,3,842091,Cylinders,气缸,
HS,3,842099,Other,其他,
HS,2,8421,"Centrifuges, including centrifugal dryers; filtering or purifying machinery and apparatus, for liquids or gases.",离心机，包括离心干燥机；用于液体或气体的过滤或净化机械和设备,
HS,3,842111,Cream separators,奶油分离器,
HS,3,842112,Clothes dryers,干衣机,
HS,3,842119,Other,其他,
HS,3,842121,For filtering or purifying water,用于过滤或净化水,
HS,3,842122,For filtering or purifying beverages other than water,用于过滤或净化水以外的饮料,
HS,3,842123,Oil or petrol filters for internal combustion engines,内燃机的机油或汽油滤清器,
HS,3,842129,Other,其他,
HS,3,842131,Intake air filters for internal combustion engines,内燃机进气过滤器,
HS,3,842132,"Machinery; catalytic converters or particulate filters, whether or not combined, for purifying or filtering exhaust gases from internal combustion engines",机械；催化转化器或微粒过滤器，无论是否组合，用于净化或过滤内燃机废气,
HS,3,842139,Other,其他,
HS,3,842191,"Of centrifuges, including centrifugal dryers",离心机，包括离心干燥机,
HS,3,842199,Other,其他,
HS,2,8422,"Dish washing machines; machinery for cleaning or drying bottles or other containers; machinery for filling, closing, sealing or labelling bottles, cans, boxes, bags or other containers; machinery for capsuling bottles, jars, tubes and similar containers;",洗碗机；用于清洗或干燥瓶子或其他容器的机器；用于填充、关闭、密封或标记瓶子、罐子、盒子、袋子或其他容器的机器；用于封装瓶子、罐子、管子和类似容器的机器；,
HS,3,842211,Of the household type,家用型,
HS,3,842219,Other,其他,
HS,3,842220,Machinery for cleaning or drying bottles or other containers,清洗或干燥瓶子或其他容器的机器,
HS,3,842230,"Machinery for filling, closing, sealing or labelling bottles, cans, boxes, bags or other containers; machinery for capsuling bottles, jars, tubes and similar containers; machinery for aerating beverages",用于填充、封闭、密封或贴标签的瓶子、罐子、盒子、袋子或其他容器的机械；用于封装瓶子、罐子、管子和类似容器的机械；用于给饮料充气的机械,
HS,3,842240,Other packing or wrapping machinery (including heat-shrink wrapping machinery),其他包装或包裹机械（包括热收缩包裹机械）,
HS,3,842290,Parts,部分,
HS,2,8423,"Weighing machinery (excluding balances of a sensitivity of 5 cg or better), including weight operated counting or checking machines; weighing machine weights of all kinds.",称重机械（不包括灵敏度为 5 cg 或更高的天平），包括重量操作的计数或检查机器；各种称重机砝码,
HS,3,842310,"Personal weighing machines, including baby scales; household scales",个人体重计，包括婴儿秤；家用秤,
HS,3,842320,Scales for continuous weighing of goods on conveyors,用于连续称量传送带上货物的秤,
HS,3,842330,"Constant weight scales and scales for discharging a predetermined weight of material into a bag or container, including hopper scales",恒重秤和用于将预定重量的物料排放到袋子或容器中的秤，包括料斗秤,
HS,3,842381,Having a maximum weighing capacity not exceeding 30 kg,最大重量不超过30公斤,
HS,3,842382,Having a maximum weighing capacity exceeding 30 kg but not exceeding 5000 kg,最大重量超过 30 公斤但不超过 5000 公斤,
HS,3,842389,Other,其他,
HS,3,842390,Weighing machine weights of all kinds; parts of weighing machinery,各类称重机砝码；称重机械零件,
HS,2,8424,"Mechanical appliances (whether or not hand-operated) for projecting, dispersing or spraying liquids or powders; fire extinguishers, whether or not charged; spray guns and similar appliances; steam or sand blasting machines and similar jet projecting machi",用于喷射、分散或喷洒液体或粉末的机械器具（不论是否手动）；灭火器（不论是否充电）；喷枪及类似器具；蒸汽或喷砂机及类似的喷射机,
HS,3,842410,"Fire extinguishers, whether or not charged",灭火器，无论是否充电,
HS,3,842420,Spray guns and similar appliances,喷枪及类似器具,
HS,3,842430,Steam or sandblasting machines and similar jet projecting machines,蒸汽或喷砂机及类似的喷射机,
HS,3,842441,Portable sprayers,便携式喷雾器,
HS,3,842449,Other,其他,
HS,3,842481,Agricultural or horticultural,农业或园艺,
HS,3,842482,Agricultural or horticultural,农业或园艺,
HS,3,842489,Other,其他,
HS,3,842490,Parts,部分,
HS,2,8425,Pulley tackle and hoists other than skip hoists; winches and capstans; jacks.,滑轮组和除箕斗提升机之外的提升机；绞车和绞盘；千斤顶,
HS,3,842511,Powered by electric motor,由电动机驱动,
HS,3,842519,Other,其他,
HS,3,842520,Pit-head winding gear; winches specially designed for use underground,矿井口绞车；专为地下使用而设计的绞车,
HS,3,842531,Powered by electric motor,由电动机驱动,
HS,3,842539,Other,其他,
HS,3,842541,Built-in jacking systems of a type used in garages,车库使用的内置顶升系统,
HS,3,842542,"Other jacks and hoists, hydraulic",其他液压千斤顶及升降机,
HS,3,842549,Other,其他,
HS,2,8426,"Ships' derricks; cranes, including cable cranes; mobile lifting frames, straddle carriers and works trucks fitted with a crane.",船舶吊杆；起重机，包括缆索起重机；移动式起重架、跨运车和装有起重机的工程车,
HS,3,842611,Overhead travelling cranes on fixed support,固定支撑桥式起重机,
HS,3,842612,Mobile lifting frames on tyres and straddle carriers,轮胎式移动升降架和跨运车,
HS,3,842619,Other,其他,
HS,3,842620,Tower cranes,塔式起重机,
HS,3,842630,Portal or pedestal jib cranes,门式或基座式悬臂起重机,
HS,3,842641,On tyres,在轮胎上,
HS,3,842649,Other,其他,
HS,3,842691,Designed for mounting on road vehicles,设计用于安装在道路车辆上,
HS,3,842699,Other,其他,
HS,2,8427,Fork-lift trucks; other works trucks fitted with lifting or handling equipment.,叉车；其他装有起重或搬运设备的工程卡车,
HS,3,842710,Self-propelled trucks powered by an electric motor,由电动机驱动的自行式卡车,
HS,3,842720,Other self-propelled trucks,其他自行式货车,
HS,3,842790,Other trucks,其他卡车,
HS,2,8428,"Other lifting, handling, loading or unloading machinery (for example, lifts, escalators, conveyors, teleferics).",其他起重、搬运、装载或卸载机械（例如，升降机、自动扶梯、传送带、缆车）,
HS,3,842810,Lifts and skip hoists,升降机和箕斗提升机,
HS,3,842820,Pneumatic elevators and conveyors,气动升降机和输送机,
HS,3,842831,Specially designed for underground use,专为地下使用而设计,
HS,3,842832,"Other, bucket type",其他，铲斗类型,
HS,3,842833,"Other, belt type","其他,带型",
HS,3,842839,Other,其他,
HS,3,842840,Escalators and moving walkways,自动扶梯和自动人行道,
HS,3,842850,"Mine car pushers, locomotive or wagon (car) traversers, wagon (car) tippers and similar railway wagon (car) handling equipment",矿车推车机、机车或车厢（汽车）横移机、车厢（汽车）翻车机及类似的铁路车厢（汽车）装卸设备,
HS,3,842860,"Teleferics, chairlifts, ski-draglines; traction mechanisms for funiculars",缆车、缆车、滑雪索道；缆车的牵引装置,
HS,3,842870,Industrial robots,工业机器人,
HS,3,842890,Other machinery,其他机械,
HS,2,8429,"Self-propelled bulldozers, angledozers, graders, levellers, scrapers, mechanical shovels, excavators, shovel loaders, tamping machines and road rollers.",自行式推土机、斜推土机、平地机、整平机、刮土机、机械铲车、挖掘机、铲装机、捣固机和压路机,
HS,3,842911,Track laying,轨道铺设,
HS,3,842919,Other,其他,
HS,3,842920,Graders and levellers,平整机和矫平机,
HS,3,842930,Scrapers,刮刀,
HS,3,842940,Tamping machines and roadrollers,捣固机和压路机,
HS,3,842951,Front-end shovel loaders,前端铲装载机,
HS,3,842952,Machinery with a 360° revolving superstructure,具有 360° 旋转上部结构的机械,
HS,3,842959,Other,其他,
HS,2,8430,blowers.,鼓风机,
HS,3,843010,Piledrivers and pile extractors,打桩机和拔桩机,
HS,3,843020,Snowploughs and snowblowers,扫雪机和吹雪机,
HS,3,843031,Self-propelled,自走式,
HS,3,843039,Other,其他,
HS,3,843041,Self-propelled,自走式,
HS,3,843049,Other,其他,
HS,3,843050,"Other machinery, self-propelled",其他机械，自行式,
HS,3,843061,Tamping or compacting machinery,夯实或压实机械,
HS,3,843062,Scrapers,刮刀,
HS,3,843069,Other,其他,
HS,2,8431,Parts suitable for use solely or principally with the machinery of headings 84.25 to 84.30.,仅适合或主要用于税目 84.25 至 84.30 的机器的零件,
HS,3,843110,Of machinery of heading 8425,8425 号机械,
HS,3,843120,Of machinery of heading 8427,8427 号机械,
HS,3,843131,"Of lifts, skip hoists or escalators",升降机、箕斗升降机或自动扶梯,
HS,3,843139,Other,其他,
HS,3,843141,"Buckets, shovels, grabs and grips",铲斗、铲子、抓斗和夹具,
HS,3,843142,Bulldozer or angledozer blades,推土机或斜铲,
HS,3,843143,Parts for boring or sinking machinery of subheading 843041 or 843049,843041 或 843049 子目所列的钻孔或凿井机械零件,
HS,3,843149,Other,其他,
HS,2,8432,"Agricultural, horticultural or forestry machinery for soil preparation or cultivation; lawn or sports-ground rollers.",用于土壤准备或耕作的农业、园艺或林业机械；草坪或运动场压路机,
HS,3,843210,Ploughs,犁,
HS,3,843221,Disc harrows,圆盘耙,
HS,3,843229,Other,其他,
HS,3,843230,"Seeders, planters and transplanters",播种机、栽培机和移栽机,
HS,3,843231,"No-till direct seeders, planters and transplanters",免耕直接播种机、播种机和移栽机,
HS,3,843239,Other,其他,
HS,3,843240,Manure spreaders and fertiliser distributors,粪肥撒播机和肥料分配器,
HS,3,843241,Manure spreaders,粪肥撒播机,
HS,3,843242,Fertiliser distributors,肥料经销商,
HS,3,843280,Other machinery,其他机械,
HS,3,843290,Parts,部分,
HS,2,8433,"Harvesting or threshing machinery, including straw or fodder balers; grass or hay mowers; machines for cleaning, sorting or grading eggs, fruit or other agricultural produce, other than machinery of heading 84.37.",收割或脱粒机械，包括稻草或饲料打包机；割草机或干草割草机；用于清洁、分类或分级鸡蛋、水果或其他农产品的机器，但税目 84.37 的机械除外,
HS,3,843311,"Powered, with the cutting device rotating in a horizontal plane",动力驱动，切割装置在水平面旋转,
HS,3,843319,Other,其他,
HS,3,843320,"Other mowers, including cutter bars for tractor mounting",其他割草机，包括拖拉机安装的割刀杆,
HS,3,843330,Other haymaking machinery,其他干草加工机械,
HS,3,843340,"Straw or fodder balers, including pick-up balers",稻草或饲料打包机，包括拾取打包机,
HS,3,843351,Combine harvester-threshers,联合收割机-脱粒机,
HS,3,843352,Other threshing machinery,其他脱粒机械,
HS,3,843353,Root or tuber harvesting machines,根茎类作物收割机,
HS,3,843359,Other,其他,
HS,3,843360,"Machines for cleaning, sorting or grading eggs, fruit or other agricultural produce",用于清洁、分类或分级鸡蛋、水果或其他农产品的机器,
HS,3,843390,Parts,部分,
HS,2,8434,Milking machines and dairy machinery.,挤奶机和乳品机械,
HS,3,843410,Milking machines,挤奶机,
HS,3,843420,Dairy machinery,乳品机械,
HS,3,843490,Parts,部分,
HS,2,8435,"Presses, crushers and similar machinery used in the manufacture of wine, cider, fruit juices or similar beverages.",用于制造葡萄酒、苹果酒、果汁或类似饮料的压榨机、破碎机和类似机械,
HS,3,843510,Machinery,机械,
HS,3,843590,Parts,部分,
HS,2,8436,"Other agricultural, horticultural, forestry, poultry-keeping or bee-keeping machinery, including germination plant fitted with mechanical or thermal equipment; poultry incubators and brooders.",其他农业、园艺、林业、家禽饲养或养蜂机械，包括装有机械或热力设备的发芽装置；家禽孵化器和育雏器,
HS,3,843610,Machinery for preparing animal feedingstuffs,动物饲料制备机械,
HS,3,843621,Poultry incubators and brooders,家禽孵化器和育雏器,
HS,3,843629,Other,其他,
HS,3,843680,Other machinery,其他机械,
HS,3,843691,Of poultry-keeping machinery or poultry incubators and brooders,家禽饲养机械或家禽孵化器和育雏器,
HS,3,843699,Other,其他,
HS,2,8437,"Machines for cleaning, sorting or grading seed, grain or dried leguminous vegetables; machinery used in the milling industry or for the working of cereals or dried leguminous vegetables, other than farm-type machinery.",用于清理、分类或分级种子、谷物或干豆类蔬菜的机器；用于制粉工业或加工谷物或干豆类蔬菜的机械，农用机械除外,
HS,3,843710,"Machines for cleaning, sorting or grading seed, grain or dried leguminous vegetables",用于清理、分类或分级种子、谷物或干豆类蔬菜的机器,
HS,3,843780,Other machinery,其他机械,
HS,3,843790,Parts,部分,
HS,2,8438,"Machinery, not specified or included elsewhere in this Chapter, for the industrial preparation or manufacture of food or drink, other than machinery for the extraction or preparation of animal or fixed vegetable fats or oils.",本章其他部分未列明或未包括的用于工业制备或制造食品或饮料的机械，但用于提取或制备动物或固定植物脂肪或油的机械除外,
HS,3,843810,"Bakery machinery and machinery for the manufacture of macaroni, spaghetti or similar products",烘焙机械和制造通心粉、意大利面或类似产品的机械,
HS,3,843820,"Machinery for the manufacture of confectionery, cocoa or chocolate",糖果、可可或巧克力制造机械,
HS,3,843830,Machinery for sugar manufacture,制糖机械,
HS,3,843840,Brewery machinery,啤酒机械,
HS,3,843850,Machinery for the preparation of meat or poultry,肉类或家禽加工机械,
HS,3,843860,"Machinery for the preparation of fruits, nuts or vegetables",水果、坚果或蔬菜加工机械,
HS,3,843880,Other machinery,其他机械,
HS,3,843890,Parts,部分,
HS,2,8439,Machinery for making pulp of fibrous cellulosic material or for making or finishing paper or paperboard.,用于制造纤维素材料纸浆或制造或整理纸张或纸板的机器,
HS,3,843910,Machinery for making pulp of fibrous cellulosic material,纤维素材料制浆机械,
HS,3,843920,Machinery for making paper or paperboard,造纸或纸板机械,
HS,3,843930,Machinery for finishing paper or paperboard,纸张或纸板整理机械,
HS,3,843991,Of machinery for making pulp of fibrous cellulosic material,纤维素材料制浆机械,
HS,3,843999,Other,其他,
HS,2,8440,"Book-binding machinery, including book-sewing machines.",书籍装订机械，包括锁线机,
HS,3,844010,Machinery,机械,
HS,3,844090,Parts,部分,
HS,2,8441,"Other machinery for making up paper pulp, paper or paperboard, including cutting machines of all kinds.",其他制造纸浆、纸或纸板的机器，包括各种切割机,
HS,3,844110,Cutting machines,切割机,
HS,3,844120,"Machines for making bags, sacks or envelopes",制造袋子、麻袋或信封的机器,
HS,3,844130,"Machines for making cartons, boxes, cases, tubes, drums or similar containers, other than by moulding",用于制造纸箱、盒子、箱子、管子、桶或类似容器的机器（模制除外）,
HS,3,844140,"Machines for moulding articles in paper pulp, paper or paperboard",用于成型纸浆、纸或纸板制品的机器,
HS,3,844180,Other machinery,其他机械,
HS,3,844190,Parts,部分,
HS,2,8442,"tools of headings 84.56 to 84.65) for preparing or making plates, cylinders or other printing components; plates, cylinders and other printing components; plates, cylinders and lithographic stone",用于准备或制作印版、滚筒或其他印刷部件的工具（税目84.56至84.65所列）；印版、滚筒及其他印刷部件；印版、滚筒及石印石,
HS,3,844210,Phototype-setting and composing machines,照排机,
HS,3,844220,"Machinery, apparatus and equipment for type-setting or composing by other processes, with or without founding device",用于排版或以其他方式排版的机器、装置及设备，无论是否带有铸造装置,
HS,3,844230,"Machinery, apparatus and equipment",机械、仪器和设备,
HS,3,844240,"Parts of the foregoing machinery, apparatus or equipment",上述机械、仪器或设备的零件,
HS,3,844250,"Plates, cylinders and other printing components; plates, cylinders and lithographic stones, prepared for printing purposes (for example, planed, grained or polished)",印版、滚筒及其他印刷部件；为印刷目的而制备的印版、滚筒及石印石（例如，刨光、粒面或抛光）,
HS,2,8443,"Printing machinery used for printing by means of plates, cylinders and other printing components of heading 84.42; other printers, copying machines and facsimile machines, whether or not combined; parts and accessories thereof.",使用税号84.42的印版、滚筒及其他印刷部件进行印刷的印刷机械；其他打印机、复印机及传真机，不论是否组合式；其零件及附件,
HS,3,844311,"Offset printing machinery, reel fed",卷筒纸胶印机,
HS,3,844312,"Offset printing machinery, sheet fed, office type (using sheets with one side not exceeding 22 cm and the other side not exceeding 36 cm in the unfolded state)",办公室用单张纸胶印机（使用展开状态下一侧不超过22厘米、另一侧不超过36厘米的纸张）,
HS,3,844313,Other offset printing machinery,其他胶印机械,
HS,3,844314,"Letterpress printing machinery, reel fed, excluding flexographic printing",卷筒纸凸版印刷机，不包括柔版印刷,
HS,3,844315,"Letterpress printing machinery, other than reel fed, excluding flexographic printing",凸版印刷机（卷筒印刷除外，柔版印刷除外）,
HS,3,844316,Flexographic printing machinery,柔版印刷机,
HS,3,844317,Gravure printing machinery,凹版印刷机械,
HS,3,844319,Other,其他,
HS,3,844321,Reel fed,卷筒送料,
HS,3,844329,Other,其他,
HS,3,844330,Flexographic printing machinery,柔版印刷机,
HS,3,844331,"Machines which perform two or more of the functions of printing, copying or facsimile transmission, capable of connecting to an automatic data-processing machine or to a network",具有打印、复印或传真两项或多项功能，可连接自动数据处理机或网络的机器,
HS,3,844332,"Other, capable of connecting to an automatic data-processing machine or to a network",其他，可连接自动数据处理机或网络,
HS,3,844339,Other,其他,
HS,3,844340,Gravure printing machinery,凹版印刷机械,
HS,3,844350,Other printing machinery,其他印刷机械,
HS,3,844351,Ink-jet printing machines,喷墨印刷机,
HS,3,844359,Other,其他,
HS,3,844360,Machines for uses ancillary to printing,印刷辅助用途机器,
HS,3,844390,Parts,部分,
HS,3,844391,"Parts and accessories of printing machinery used for printing by means of plates, cylinders and other printing components of heading 8442",用于通过印版、滚筒和其他印刷部件进行印刷的印刷机械零件及附件，税号 8442,
HS,3,844399,Other,其他,
HS,2,8444,made textile materials.,制成的纺织材料,
HS,3,844400,"Machines for extruding, drawing, texturing or cutting man-made textile materials",用于挤压、拉伸、变形或切割人造纺织材料的机器,
HS,2,8445,"Machines for preparing textile fibres; spinning, doubling or twisting machines and other machinery for producing textile yarns; textile reeling or winding (including weft-winding) machines and machines for preparing textile yarns for use on the machines o",纺织纤维制备机器；纺纱机、并线机或捻线机及其他生产纺织纱线的机器；纺织缫丝机或卷绕机（包括纬纱卷绕机）以及用于制备纺织纱线的机器,
HS,3,844511,Carding machines,梳理机,
HS,3,844512,Combing machines,精梳机,
HS,3,844513,Drawing or roving machines,牵伸机或粗纱机,
HS,3,844519,Other,其他,
HS,3,844520,Textile spinning machines,纺织纺纱机,
HS,3,844530,Textile doubling or twisting machines,纺织并线机或捻线机,
HS,3,844540,Textile winding (including weft-winding) or reeling machines,纺织卷绕机（包括纬纱卷绕机）或缫丝机,
HS,3,844590,Other,其他,
HS,2,8446,Weaving machines (looms).,织布机（织机）,
HS,3,844610,For weaving fabrics of a width not exceeding 30 cm,用于织造宽度不超过30厘米的织物,
HS,3,844621,Power looms,动力织机,
HS,3,844629,Other,其他,
HS,3,844630,"For weaving fabrics of a width exceeding 30 cm, shuttleless type",用于织造宽度超过30厘米的织物，无梭型,
HS,2,8447,"Knitting machines, stitch-bonding machines and machines for making gimped yarn, tulle, lace, embroidery, trimmings, braid or net and machines for tufting.",针织机、缝编机、制造花边纱线、薄纱、花边、刺绣、饰带、辫子或网的机器以及簇绒机,
HS,3,844711,With cylinder diameter not exceeding 165 mm,圆柱直径不超过165毫米,
HS,3,844712,With cylinder diameter exceeding 165 mm,气缸直径超过165毫米,
HS,3,844720,Flat knitting machines; stitch-bonding machines,横编机；缝编机,
HS,3,844790,Other,其他,
HS,2,8448,"Auxiliary machinery for use with machines of heading 84.44, 84.45, 84.46 or 84.47 (for example, dobbies, Jacquards, automatic stop motions, shuttle changing mechanisms); parts and accessories suitable for use solely or principally with the machines of thi",与税目 84.44、84.45、84.46 或 84.47 所列机器配合使用的辅助机械（例如，多臂机、提花机、自动停顿装置、换梭机构）；仅适合或主要用于上述机器的零件及附件,
HS,3,844811,"Dobbies and jacquards; card-reducing, copying, punching or assembling machines for use therewith",多臂机和提花机；与其一起使用的裁切机、复印机、打孔机或装配机,
HS,3,844819,Other,其他,
HS,3,844820,Parts and accessories of machines of heading 8444 or of their auxiliary machinery,8444 类机器或其辅助机械的零件及附件,
HS,3,844831,Card clothing,针布,
HS,3,844832,"Of machines for preparing textile fibres, other than card clothing",用于制备纺织纤维的机器（针布除外）,
HS,3,844833,"Spindles, spindle flyers, spinning rings and ring travellers",锭子、锭翼、纺纱环和钢丝圈,
HS,3,844839,Other,其他,
HS,3,844841,Shuttles,班车,
HS,3,844842,"Reeds for looms, healds and heald-frames",织机用筘、综丝和综框,
HS,3,844849,Other,其他,
HS,3,844851,"Sinkers, needles and other articles used in forming stitches",沉降片、针和其他用于形成线迹的物品,
HS,3,844859,Other,其他,
HS,2,8449,"Machinery for the manufacture or finishing of felt or nonwovens in the piece or in shapes, including machinery for making felt hats; blocks for making hats.",用于制造或整理成片或形状的毛毡或无纺布的机械，包括制造毡帽的机械；制帽用的模具,
HS,3,844900,"Machinery for the manufacture or finishing of felt or nonwovens in the piece or in shapes, including machinery for making felt hats; blocks for making hats",用于制造或整理成片或形状的毛毡或无纺布的机械，包括制造毡帽的机械；制帽用的模具,
HS,2,8450,"Household or laundry-type washing machines, including machines which both wash and dry.",家用或洗衣类型的洗衣机，包括兼具洗涤和烘干功能的机器,
HS,3,845011,Fully-automatic machines,全自动机器,
HS,3,845012,"Other machines, with built-in centrifugal drier",其他装有离心干燥机的机器,
HS,3,845019,Other,其他,
HS,3,845020,"Machines, each of a dry linen capacity exceeding 10 kg",每台干亚麻容量超过 10 公斤的机器,
HS,3,845090,Parts,部分,
HS,2,8451,"Machinery (other than machines of heading 84.50) for washing, cleaning, wringing, drying, ironing, pressing (including fusing presses), bleaching, dyeing, dressing, finishing, coating or impregnating textile yarns, fabrics or made up textile articles and",用于洗涤、清洁、拧干、干燥、熨烫、压制（包括熔压机）、漂白、染色、修整、整理、涂层或浸渍纺织纱线、织物或纺织制成品的机器（税目84.50的机器除外），以及,
HS,3,845110,Dry-cleaning machines,干洗机,
HS,3,845121,Each of a dry linen capacity not exceeding 10 kg,每件干亚麻制品容量不超过10公斤,
HS,3,845129,Other,其他,
HS,3,845130,Ironing machines and presses (including fusing presses),熨烫机和压力机（包括熔接压力机）,
HS,3,845140,"Washing, bleaching or dyeing machines",洗衣机、漂白机或染色机,
HS,3,845150,"Machines for reeling, unreeling, folding, cutting or pinking textile fabrics",用于卷绕、放卷、折叠、切割或锯齿状纺织织物的机器,
HS,3,845180,Other machinery,其他机械,
HS,3,845190,Parts,部分,
HS,2,8452,"Sewing machines, other than book-sewing machines of heading 84.40; furniture, bases and covers specially designed for sewing machines; sewing machine needles.",缝纫机，但税目84.40的锁线机除外；缝纫机专用家具、底座及盖子；缝纫机针,
HS,3,845210,Sewing machines of the household type,家用缝纫机,
HS,3,845221,Automatic units,自动单元,
HS,3,845229,Other,其他,
HS,3,845230,Sewing machine needles,缝纫机针,
HS,3,845240,"Furniture, bases and covers for sewing machines and parts thereof",缝纫机家具、底座和盖子及其零件,
HS,3,845290,"Furniture, bases and covers for sewing machines and parts thereof; other parts of sewing machines",缝纫机用家具、底座和盖子及其零件；缝纫机的其他零件,
HS,2,8453,"Machinery for preparing, tanning or working hides, skins or leather or for making or repairing footwear or other articles of hides, skins or leather, other than sewing machines.",用于准备、鞣制或加工生皮、毛皮或皮革的机器，或用于制造或修理鞋类或其他生皮、毛皮或皮革制品的机器，缝纫机除外,
HS,3,845310,"Machinery for preparing, tanning or working hides, skins or leather",用于准备、鞣制或加工生皮、毛皮或皮革的机械,
HS,3,845320,Machinery for making or repairing footwear,制造或修理鞋类的机械,
HS,3,845380,Other machinery,其他机械,
HS,3,845390,Parts,部分,
HS,2,8454,"Converters, ladles, ingot moulds and casting machines, of a kind used in metallurgy or in metal foundries.",用于冶金或金属铸造厂的转炉、钢包、锭模及铸造机,
HS,3,845410,Converters,转换器,
HS,3,845420,Ingot moulds and ladles,锭模和钢包,
HS,3,845430,Casting machines,铸造机,
HS,3,845490,Parts,部分,
HS,2,8455,Metal-rolling mills and rolls therefor.,金属轧机及其轧辊,
HS,3,845510,Tube mills,管磨机,
HS,3,845521,Hot or combination hot and cold,热的或冷热混合的,
HS,3,845522,Cold,寒冷的,
HS,3,845530,Rolls for rolling mills,轧机轧辊,
HS,3,845590,Other parts,其他部分,
HS,2,8456,"discharge, electro-chemical, electron beam, ionic-beam or plasma arc processes; water-jet cutting machines.",放电、电化学、电子束、离子束或等离子弧工艺；水射流切割机,
HS,3,845610,Operated by laser or other light or photon beam processes,通过激光或其他光或光子束过程操作,
HS,3,845611,Operated by laser,激光操作,
HS,3,845612,Operated by other light or photon beam processes,由其他光或光子束过程操作,
HS,3,845620,Operated by ultrasonic processes,采用超声波工艺操作,
HS,3,845630,Operated by electrodischarge processes,通过电火花工艺操作,
HS,3,845640,Operated by plasma arc processes,采用等离子弧工艺,
HS,3,845650,Water-jet cutting machines,水射流切割机,
HS,3,845690,Other,其他,
HS,3,845691,For dry-etching patterns on semiconductor materials,用于半导体材料上的干蚀刻图案,
HS,3,845699,Other,其他,
HS,2,8457,"Machining centres, unit construction machines (single station) and multi-station transfer machines, for working metal.",用于加工金属的加工中心、单元构造机（单站）和多站传送机,
HS,3,845710,Machining centres,加工中心,
HS,3,845720,Unit construction machines (single station),单元施工机（单工位）,
HS,3,845730,Multi-station transfer machines,多工位传送机,
HS,2,8458,Lathes (including turning centres) for removing metal.,用于去除金属的车床（包括车削中心）,
HS,3,845811,Numerically controlled,数控,
HS,3,845819,Other,其他,
HS,3,845891,Numerically controlled,数控,
HS,3,845899,Other,其他,
HS,2,8459,"Machine-tools (including way-type unit head machines) for drilling, boring, milling, threading or tapping by removing metal, other than lathes (including turning centres) of heading 84.58.",通过去除金属进行钻孔、镗孔、铣削、车螺纹或攻丝的机床（包括导轨式单元头机床），但税号 84.58 的车床（包括车削中心）除外,
HS,3,845910,Way-type unit head machines,导轨式动力头机,
HS,3,845921,Numerically controlled,数控,
HS,3,845929,Other,其他,
HS,3,845931,Numerically controlled,数控,
HS,3,845939,Other,其他,
HS,3,845940,Other boring machines,其他掘进机,
HS,3,845941,Numerically controlled,数控,
HS,3,845949,Other,其他,
HS,3,845951,Numerically controlled,数控,
HS,3,845959,Other,其他,
HS,3,845961,Numerically controlled,数控,
HS,3,845969,Other,其他,
HS,3,845970,Other threading or tapping machines,其他螺纹加工或攻丝机,
HS,2,8460,"Machine-tools for deburring, sharpening, grinding, honing, lapping, polishing or otherwise finishing metal or cermets by means of grinding stones, abrasives or polishing products, other than gear cutting, gear grinding or gear finishing machines of headin",使用磨石、磨料或抛光产品对金属或金属陶瓷进行去毛刺、刃磨、研磨、珩磨、抛光或其他精加工的机床，但不包括齿轮切削、齿轮磨削或齿轮精加工机床,
HS,3,846011,Numerically controlled,数控,
HS,3,846012,Numerically controlled,数控,
HS,3,846019,Other,其他,
HS,3,846021,Numerically controlled,数控,
HS,3,846022,"Centreless grinding machines, numerically controlled",无心磨床，数控,
HS,3,846023,"Other cylindrical grinding machines, numerically controlled",其他数控外圆磨床,
HS,3,846024,"Other, numerically controlled",其他数控,
HS,3,846029,Other,其他,
HS,3,846031,Numerically controlled,数控,
HS,3,846039,Other,其他,
HS,3,846040,Honing or lapping machines,珩磨机或研磨机,
HS,3,846090,Other,其他,
HS,2,8461,"Machine-tools for planing, shaping, slotting, broaching, gear cutting, gear grinding or gear finishing, sawing, cutting-off and other machine-tools working by removing metal or cermets, not elsewhere specified or included.",刨削、刨削、开槽、拉削、切齿、磨齿或齿轮精加工、锯切、切断的机床，以及未在其他地方列明或包括的通过去除金属或金属陶瓷进行加工的其他机床,
HS,3,846110,Planing machines,刨削机,
HS,3,846120,Shaping or slotting machines,刨床或开槽机,
HS,3,846130,Broaching machines,拉床,
HS,3,846140,"Gear-cutting, gear-grinding or gear-finishing machines",切齿机、磨齿机或齿轮精加工机,
HS,3,846150,Sawing or cutting-off machines,锯切机或切割机,
HS,3,846190,Other,其他,
HS,2,8462,"Machine-tools (including presses) for working metal by forging, hammering or die-stamping; machine-tools (including presses) for working metal by bending, folding, straightening, flattening, shearing, punching or notching; presses for working metal or met",通过锻造、锤击或模压加工金属的机床（包括压力机）；通过弯曲、折叠、矫直、压平、剪切、冲孔或开槽加工金属的机床（包括压力机）；用于加工金属或金属制品的压力机,
HS,3,846210,Forging or die-stamping machines (including presses) and hammers,锻造或模压机（包括压力机）和锤子,
HS,3,846211,"Machine-tools; forging and die-forging machines (including presses), closed die forging machines, for working metal",机床；锻造和模锻机（包括压力机）、闭式模锻机，用于加工金属,
HS,3,846219,"Machine-tools; hot forming machines, hot hammers, for working metal",机床；热成型机、热锤，用于加工金属,
HS,3,846221,Numerically controlled,数控,
HS,3,846222,"Machine-tools; bending, folding, straightening or flattening machines (including press brakes) for flat products, for working metal, numerically controlled",机床；用于扁平产品的弯曲、折叠、矫直或压平机器（包括折弯机），用于加工金属，数控,
HS,3,846223,"Machine-tools; bending, folding, straightening or flattening machines (including presses), for working metal, numerically controlled press brakes",机床；弯曲、折叠、矫直或压平机（包括压力机），用于加工金属，数控折弯机,
HS,3,846224,"Machine-tools; bending, folding, straightening or flattening machines (including presses), for working metal, numerically controlled panel benders",机床；弯曲、折叠、矫直或压平机（包括压力机），用于加工金属，数控面板折弯机,
HS,3,846225,"Machine-tools; bending, folding, straightening or flattening machines (including presses), for working metal, numerically controlled roll forming machines",机床；弯曲、折叠、矫直或压平机（包括压力机），用于加工金属，数控滚压成型机,
HS,3,846226,"Machine-tools; bending, folding, straightening or flattening machines (including presses), for working metal, numerically controlled bending, folding, straightening or fattening machines (not press brakes, panel benders or roll forming machines)",机床；弯曲、折叠、矫直或压平机（包括压力机），用于加工金属，数控弯曲、折叠、矫直或压扁机（不包括折弯机、面板折弯机或滚压成型机）,
HS,3,846229,Other,其他,
HS,3,846231,Numerically controlled,数控,
HS,3,846232,"Machine-tools; slitting lines and cut-to-length lines, for working metal",机床；用于加工金属的纵剪线和定长切割线,
HS,3,846233,"Machine-tools; shearing machines (excluding presses) for flat products, numerically controlled, other than combined punching and shearing machines, for working metal",机床；用于扁平产品的数控剪切机（不包括压力机），除用于加工金属的冲压和剪切联合机外,
HS,3,846239,Other,其他,
HS,3,846241,Numerically controlled,数控,
HS,3,846242,"Machine-tools; punching, notching or nibbling machines (excluding presses) for flat products including combined punching and shearing machines, numerically controlled, for working metal",机床；用于扁平产品的冲孔机、开槽机或步冲机（不包括压力机），包括用于加工金属的数控组合冲孔机和剪切机,
HS,3,846249,Other,其他,
HS,3,846251,"Machine-tools; for working tube, pipe, hollow section and bar (excluding presses), for working metal, numerically controlled",机床；用于加工管、管、空心型材和棒材（不包括压力机），用于加工金属，数控,
HS,3,846259,"Machine-tools; for working tube, pipe, hollow section and bar (excluding presses), for working metal, not numerically controlled",机床；用于加工管、管、空心型材和棒材（不包括压力机），用于加工金属，非数控,
HS,3,846261,"Machine-tools; cold metal working presses, hydraulic presses",机床；冷金属加工压力机、液压机,
HS,3,846262,"Machine-tools; cold metal working presses, mechanical presses",机床；冷金属加工压力机、机械压力机,
HS,3,846263,"Machine-tools; cold metal working presses, servo-presses",机床；冷金属加工压力机、伺服压力机,
HS,3,846269,"Machine-tools; cold metal working presses, other than hydraulic, mechanical or servo-presses",机床；冷金属加工压力机，液压、机械或伺服压力机除外,
HS,3,846290,"Machine-tools; (including presses) for working metal by forging, hammering or die-forging, for bending, folding, straightening, flattening, shearing, punching, notching or nibbling metal, n.e.c. in heading 8462",机床（包括压力机），用于通过锻造、锤击或模锻加工金属，用于弯曲、折叠、矫直、压平、剪切、冲压、开槽或步冲金属，税号 8462 中的其他,
HS,3,846291,Hydraulic presses,液压机,
HS,3,846299,Other,其他,
HS,2,8463,"Other machine-tools for working metal or cermets, without removing material.",其他用于加工金属或金属陶瓷而不去除材料的机床,
HS,3,846310,"Drawbenches for bars, tubes, profiles, wire or the like",用于棒材、管材、型材、线材或类似材料的拉丝机,
HS,3,846320,Thread-rolling machines,滚丝机,
HS,3,846330,Machines for working wire,线材加工机,
HS,3,846390,Other,其他,
HS,2,8464,cement or like mineral materials or for cold working glass.,水泥或类似矿物材料或用于冷加工玻璃,
HS,3,846410,Sawing machines,锯床,
HS,3,846420,Grinding or polishing machines,研磨或抛光机,
HS,3,846490,Other,其他,
HS,2,8465,"Machine-tools (including machines for nailing, stapling, glueing or otherwise assembling) for working wood, cork, bone, hard rubber, hard plastics or similar hard materials.",用于加工木材、软木、骨头、硬橡胶、硬塑料或类似硬质材料的机床（包括用于钉合、装订、粘合或其他组装的机器）,
HS,3,846510,Machines which can carry out different types of machining operations without tool change between such operations,可进行不同类型的加工操作而无需在操作之间更换刀具的机器,
HS,3,846520,Machining centres,加工中心,
HS,3,846591,Sawing machines,锯床,
HS,3,846592,"Planing, milling or moulding (by cutting) machines",刨削、铣削或成型（切割）机器,
HS,3,846593,"Grinding, sanding or polishing machines",研磨机、砂磨机或抛光机,
HS,3,846594,Bending or assembling machines,折弯机或装配机,
HS,3,846595,Drilling or morticing machines,钻孔机或榫眼机,
HS,3,846596,"Splitting, slicing or paring machines",分割机、切片机或削皮机,
HS,3,846599,Other,其他,
HS,2,8466,"Parts and accessories suitable for use solely or principally with the machines of headings 84.56 to 84.65, including work or tool holders, self-opening dieheads, dividing heads and other special attachments for machine-tools; tool holders for any type of",仅适合或主要适用于税目 84.56 至 84.65 的机器的零件及附件，包括工作或工具架、自开式模头、分度头及其他机床专用附件；用于任何类型的工具架,
HS,3,846610,Tool holders and self-opening dieheads,刀架和自开模头,
HS,3,846620,Work holders,工作支架,
HS,3,846630,Dividing heads and other special attachments for machines,分度头及其他机器专用附件,
HS,3,846691,For machines of heading 8464,适用于税目 8464 的机器,
HS,3,846692,For machines of heading 8465,适用于税目 8465 的机器,
HS,3,846693,For machines of headings 8456 to 8461,适用于税目 8456 至 8461 的机器,
HS,3,846694,For machines of heading 8462 or 8463,适用于税目 8462 或 8463 的机器,
HS,2,8467,"Tools for working in the hand, pneumatic, hydraulic or with self-contained electric or non-electric motor.",手持式、气动、液压或自带电动或非电动马达的工具,
HS,3,846711,Rotary type (including combined rotary-percussion),旋转式（含旋转冲击复合式）,
HS,3,846719,Other,其他,
HS,3,846721,Drills of all kinds,各类钻头,
HS,3,846722,Saws,锯子,
HS,3,846729,Other,其他,
HS,3,846781,Chainsaws,链锯,
HS,3,846789,Other,其他,
HS,3,846791,Of chainsaws,链锯,
HS,3,846792,Of pneumatic tools,气动工具,
HS,3,846799,Other,其他,
HS,2,8468,"Machinery and apparatus for soldering, brazing or welding, whether or not capable of cutting, other than those of heading 85.15; gas-operated surface tempering machines and appliances.",用于焊接、钎焊或焊接的机器和设备，不论是否能够切割，但税目 85.15 的商品除外；气动表面回火机器和器具,
HS,3,846810,Hand-held blow pipes,手持吹管,
HS,3,846820,Other gas-operated machinery and apparatus,其他气动机械及装置,
HS,3,846880,Other machinery and apparatus,其他机械及设备,
HS,3,846890,Parts,部分,
HS,2,8469,processing machines.,加工机器,
HS,3,846900,processing machines.,加工机器,
HS,3,846910,Automatic typewriters and word-processing machines,自动打字机和文字处理机,
HS,3,846911,Word-processing machines,文字处理机,
HS,3,846912,Automatic typewriters,自动打字机,
HS,3,846920,"Other typewriters, electric",其他电动打字机,
HS,3,846921,"Weighing not more than 12 kg, excluding case",重量不超过 12 公斤（不含箱子）,
HS,3,846929,Other,其他,
HS,3,846930,"Other typewriters, non-electric",其他非电动打字机,
HS,3,846931,"Weighing not more than 12 kg, excluding case",重量不超过 12 公斤（不含箱子）,
HS,3,846939,Other,其他,
HS,2,8470,"Calculating machines and pocket-size data recording, reproducing and displaying machines with calculating functions; accounting machines, postage-franking machines, ticket-issuing machines and similar machines, incorporating a calculating device; cash reg",计算机及具有计算功能的袖珍数据记录、重现和显示机器；装有计算装置的会计机、邮资盖印机、售票机及类似机器；现金出纳机,
HS,3,847010,"Electronic calculators capable of operation without an external source of electric power and pocket-size data-recording, reproducing and displaying machines with calculating functions",无需外接电源即可操作的电子计算器和具有计算功能的袖珍数据记录、重现和显示机器,
HS,3,847021,Incorporating a printing device,集成打印设备,
HS,3,847029,Other,其他,
HS,3,847030,Other calculating machines,其他计算机器,
HS,3,847040,Accounting machines,会计机器,
HS,3,847050,Cash registers,收银机,
HS,3,847090,Other,其他,
HS,2,8471,"Automatic data processing machines and units thereof; magnetic or optical readers, machines for transcribing data onto data media in coded form and machines for processing such data, not elsewhere specified or included.",自动数据处理机及其单元；磁性或光学阅读器、将数据以编码形式转录到数据介质上的机器以及处理此类数据的机器，未在其他地方列明或包括,
HS,3,847110,Analog or hybrid automatic data processing machines,模拟或混合自动数据处理机,
HS,3,847120,"Digital automatic data processing machines, containing in the same housing at least a central processing unit and an input and output unit, whether or not combined",数字自动数据处理机，在同一外壳内至少包含一个中央处理单元和一个输入输出单元，无论是否组合,
HS,3,847130,"Portable automatic data-processing machines, weighing not more than 10 kg, consisting of at least a central processing unit, a keyboard and a display",便携式自动数据处理机，重量不超过10公斤，至少由一个中央处理器、一个键盘和一个显示器组成,
HS,3,847141,"Comprising in the same housing at least a central processing unit and an input and output unit, whether or not combined",在同一外壳内至少包含一个中央处理单元和一个输入输出单元，无论是否组合,
HS,3,847149,"Other, presented in the form of systems",其他，以系统形式呈现,
HS,3,847150,"Processing units other than those of subheading 847141 or 847149, whether or not containing in the same housing one or two of the following types of unit: storage units, input units, output units",除子目 847141 或 847149 以外的处理单元，无论同一外壳内是否包含以下一种或两种单元：存储单元、输入单元、输出单元,
HS,3,847160,"Input or output units, whether or not containing storage units in the same housing",输入或输出单元，无论是否在同一外壳内包含存储单元,
HS,3,847170,Storage units,存储单元,
HS,3,847180,Other units of automatic data-processing machines,其他自动数据处理机,
HS,3,847190,Other,其他,
HS,3,847191,"Digital processing units, whether or not presented with the rest of a system, which may contain in the same housing one or two of the following types of unit : storage units, input units, output units",数字处理单元，无论是否与系统的其余部分一起出现，可能在同一外壳中包含以下一种或两种类型的单元：存储单元、输入单元、输出单元,
HS,3,847192,"Input or output units, whether or not presented with the rest of a system and whether or not containing storage units in the same housing",输入或输出单元，无论是否与系统的其余部分一起呈现，也无论是否在同一外壳中包含存储单元,
HS,3,847193,"Storage units, whether or not presented with the rest of a system",存储单元，无论是否与系统其余部分一起呈现,
HS,3,847199,Other,其他,
HS,2,8472,"Other office machines (for example, hectograph or stencil duplicating machines, addressing machines, automatic banknote dispensers, coin-sorting machines, coin-counting or wrapping machines, pencil-sharpening machines, perforating or stapling machines).",其他办公机器（例如，誊写机或模版复印机、寻址机、自动纸币吐出机、硬币分拣机、硬币计数或包装机、铅笔削尖机、打孔机或装订机）,
HS,3,847210,Duplicating machines,复印机,
HS,3,847220,Addressing machines and address plate embossing machines,地址机和地址牌压花机,
HS,3,847230,"Machines for sorting or folding mail or for inserting mail in envelopes or bands, machines for opening, closing or sealing mail and machines for affixing or cancelling postage stamps",用于分类或折叠邮件或将邮件插入信封或封条的机器，用于打开、关闭或密封邮件的机器以及用于粘贴或取消邮票的机器,
HS,3,847290,Other,其他,
HS,2,8473,"Parts and accessories (other than covers, carrying cases and the like) suitable for use solely or principally with machines of headings 84.69 to 84.72.",仅适合或主要用于税目 84.69 至 84.72 的机器的零件和附件（盖子、手提箱及类似品除外）,
HS,3,847310,Parts and accessories of the machines of heading 84.69,税目84.69所列机器的零件及附件,
HS,3,847321,"Of the electronic calculating machines of subheading 847010, 847021 or 847029",847010、847021 或 847029 子目所列的电子计算机,
HS,3,847329,Other,其他,
HS,3,847330,Parts and accessories of the machines of heading 8471,税目 8471 所列机器的零件及附件,
HS,3,847340,Parts and accessories of the machines of heading 8472,税目 8472 所列机器的零件及附件,
HS,3,847350,Parts and accessories equally suitable for use with machines of two or more of the headings 8470 to 8472,适用于 8470 至 8472 两个或多个类别机器的零件和附件,
HS,2,8474,"Machinery for sorting, screening, separating, washing, crushing, grinding, mixing or kneading earth, stone, ores or other mineral substances, in solid (including powder or paste) form; machinery for agglomerating, shaping or moulding solid mineral fuels,",用于对固体（包括粉末或糊状）的土、石、矿石或其他矿物质进行分类、筛选、分离、清洗、粉碎、研磨、混合或揉捏的机械；用于对固体矿物燃料进行聚集、成型或模制的机械，,
HS,3,847410,"Sorting, screening, separating or washing machines",分类、筛选、分离或清洗机,
HS,3,847420,Crushing or grinding machines,破碎机或研磨机,
HS,3,847431,Concrete or mortar mixers,混凝土或砂浆搅拌机,
HS,3,847432,Machines for mixing mineral substances with bitumen,矿物质与沥青混合机,
HS,3,847439,Other,其他,
HS,3,847480,Other machinery,其他机械,
HS,3,847490,Parts,部分,
HS,2,8475,"Machines for assembling electric or electronic lamps, tubes or valves or flashbulbs, in glass envelopes; machines for manufacturing or hot working glass or glassware.",用于组装玻璃外壳内的电灯或电子灯、灯管或阀门或闪光灯泡的机器；用于制造或热加工玻璃或玻璃器皿的机器,
HS,3,847510,"Machines for assembling electric or electronic lamps, tubes or valves or flashbulbs, in glass envelopes",用于组装玻璃外壳内的电灯或电子灯、灯管、阀门或闪光灯泡的机器,
HS,3,847520,Machines for manufacturing or hot working glass or glassware,用于制造或热加工玻璃或玻璃器皿的机器,
HS,3,847521,Machines for making optical fibres and preforms thereof,制造光纤及其预制件的机器,
HS,3,847529,Other,其他,
HS,3,847590,Parts,部分,
HS,2,8476,changing machines.,换机,
HS,3,847611,Incorporating heating or refrigerating devices,包含加热或制冷装置,
HS,3,847619,Other,其他,
HS,3,847621,Incorporating heating or refrigerating devices,包含加热或制冷装置,
HS,3,847629,Other,其他,
HS,3,847681,Incorporating heating or refrigerating devices,包含加热或制冷装置,
HS,3,847689,Other,其他,
HS,3,847690,Parts,部分,
HS,2,8477,"Machinery for working rubber or plastics or for the manufacture of products from these materials, not specified or included elsewhere in this Chapter.",用于加工橡胶或塑料或用这些材料制造产品的机器，本章其他部分未列名或未包括的机器,
HS,3,847710,Injection-moulding machines,注塑机,
HS,3,847720,Extruders,挤出机,
HS,3,847730,Blow-moulding machines,吹塑机,
HS,3,847740,Vacuum-moulding machines and other thermoforming machines,真空成型机和其他热成型机,
HS,3,847751,For moulding or retreading pneumatic tyres or for moulding or otherwise forming inner tubes,用于模制或翻新充气轮胎或用于模制或以其他方式形成内胎,
HS,3,847759,Other,其他,
HS,3,847780,Other machinery,其他机械,
HS,3,847790,Parts,部分,
HS,2,8478,"Machinery for preparing or making up tobacco, not specified or included elsewhere in this Chapter.",本章其他部分未列明或包括的烟草加工或制造机器,
HS,3,847810,Machinery,机械,
HS,3,847890,Parts,部分,
HS,2,8479,"Machines and mechanical appliances having individual functions, not specified or included elsewhere in this Chapter.",本章其他部分未列名或包括的具有单独功能的机器及机械器具,
HS,3,847910,"Machinery for public works, building or the like",公共工程、建筑或类似工程的机械,
HS,3,847920,Machinery for the extraction or preparation of animal or fixed vegetable fats or oils,用于提取或制备动物或固定植物脂肪或油的机械,
HS,3,847930,Presses for the manufacture of particle board or fibre building board of wood or other ligneous materials and other machinery for treating wood or cork,用于制造木质或其他木质材料刨花板或纤维建筑板的压力机以及用于处理木材或软木的其他机械,
HS,3,847940,or cable-making machines,或电缆制造机,
HS,3,847950,"Industrial robots, not elsewhere specified or included",未在其他地方列明或包括的工业机器人,
HS,3,847960,Evaporative air coolers,蒸发式空气冷却器,
HS,3,847971,Of a kind used in airports,机场使用的,
HS,3,847979,Other,其他,
HS,3,847981,"For treating metal, including electric wire coil-winders",用于处理金属，包括电线绕线机,
HS,3,847982,"Mixing, kneading, crushing, grinding, screening, sifting, homogenising, emulsifying or stirring machines",混合、揉捏、粉碎、研磨、筛选、筛分、均质、乳化或搅拌机器,
HS,3,847983,Machines and mechanical appliances; cold isostatic presses,机器和机械器具；冷等静压机,
HS,3,847989,Other,其他,
HS,3,847990,Parts,部分,
HS,2,8480,"Moulding boxes for metal foundry; mould bases; moulding patterns; moulds for metal (other than ingot moulds), metal carbides, glass, mineral materials, rubber or plastics.",金属铸造用型箱；模架；造型模型；金属模具（锭模除外）、金属碳化物、玻璃、矿物材料、橡胶或塑料,
HS,3,848010,Moulding boxes for metal foundry,金属铸造用砂箱,
HS,3,848020,Mould bases,模架,
HS,3,848030,Moulding patterns,造型图案,
HS,3,848041,Injection or compression types,注射或压缩类型,
HS,3,848049,Other,其他,
HS,3,848050,Moulds for glass,玻璃模具,
HS,3,848060,Moulds for mineral materials,矿物材料模具,
HS,3,848071,Injection or compression types,注射或压缩类型,
HS,3,848079,Other,其他,
HS,2,8481,"Taps, cocks, valves and similar appliances for pipes, boiler shells, tanks, vats or the like, including pressure-reducing valves and thermostatically controlled valves.",用于管道、锅炉壳体、水箱、桶或类似物的龙头、旋塞、阀门及类似器具，包括减压阀和恒温控制阀,
HS,3,848110,Pressure-reducing valves,减压阀,
HS,3,848120,Valves for oleohydraulic or pneumatic transmissions,油压或气压传动阀门,
HS,3,848130,Check (non-return) valves,止回阀,
HS,3,848140,Safety or relief valves,安全阀或泄压阀,
HS,3,848180,Other appliances,其他电器,
HS,3,848190,Parts,部分,
HS,2,8482,Ball or roller bearings.,滚珠轴承或滚柱轴承,
HS,3,848210,Ball bearings,滚珠轴承,
HS,3,848220,"Tapered roller bearings, including cone and tapered roller assemblies",圆锥滚子轴承，包括锥形和圆锥滚子组件,
HS,3,848230,Spherical roller bearings,调心滚子轴承,
HS,3,848240,Needle roller bearings,滚针轴承,
HS,3,848250,Other cylindrical roller bearings,其他圆柱滚子轴承,
HS,3,848280,"Other, including combined ball/roller bearings",其他，包括组合滚珠/滚柱轴承,
HS,3,848291,"Balls, needles and rollers",滚珠、滚针和滚柱,
HS,3,848299,Other,其他,
HS,2,8483,"Transmission shafts (including cam shafts and crank shafts) and cranks; bearing housings and plain shaft bearings; gears and gearing; ball or roller screws; gear boxes and other speed changers, including torque converters; flywheels and pulleys, including",传动轴（包括凸轮轴和曲轴）和曲柄；轴承箱和滑动轴承；齿轮和齿轮装置；滚珠或滚柱丝杠；齿轮箱和其他变速器，包括扭矩转换器；飞轮和滑轮，包括,
HS,3,848310,Transmission shafts (including cam shafts and crank shafts) and cranks,传动轴（包括凸轮轴和曲轴）和曲柄,
HS,3,848320,"Bearing housings, incorporating ball or roller bearings",轴承座，包含滚珠轴承或滚柱轴承,
HS,3,848330,"Bearing housings, not incorporating ball or roller bearings; plain shaft bearings",轴承座，不包含滚珠轴承或滚柱轴承；滑动轴承,
HS,3,848340,"Gears and gearing, other than toothed wheels, chain sprockets and other transmission elements presented separately; ball or roller screws; gear boxes and other speed changers, including torque converters",齿轮和传动装置，除单独展示的齿轮、链轮和其他传动元件外；滚珠丝杠或滚柱丝杠；齿轮箱和其他变速器，包括扭矩转换器,
HS,3,848350,"Flywheels and pulleys, including pulley blocks",飞轮和滑轮，包括滑轮组,
HS,3,848360,Clutches and shaft couplings (including universal joints),离合器和联轴器（包括万向节）,
HS,3,848390,"Toothed wheels, chain sprockets and other transmission elements presented separately; parts",单独展示的齿轮、链轮和其他传动元件；零件,
HS,2,8484,"Gaskets and similar joints of metal sheeting combined with other material or of two or more layers of metal; sets or assortments of gaskets and similar joints, dissimilar in composition, put up in pouches, envelopes or similar packings; mechanical seals.",用金属片与其他材料复合而成或用两层或多层金属制成的垫片及类似接头；成套或组合的垫片及类似接头，成分不同，装于袋、封套或类似包装内；机械密封,
HS,3,848410,Gaskets and similar joints of metal sheeting combined with other material or of two or more layers of metal,金属板与其他材料组合或两层或多层金属制成的垫片及类似接头,
HS,3,848420,Mechanical seals,机械密封,
HS,3,848490,Other,其他,
HS,2,8485,"Machinery parts not specified or included elsewhere in this chapter (excl. parts containing electrical connectors, insulators, coils, contacts or other electrical features)",本章其他地方未指定或未包括的机械零件（不包括包含电连接器、绝缘体、线圈、触点或其他电气特征的零件）,
HS,3,848510,Ships' or boats' propellers and blades therefor,船舶或小船的螺旋桨及其叶片,
HS,3,848520,Machines for additive manufacturing; by plastic or rubber deposit,通过塑料或橡胶沉积进行增材制造的机器,
HS,3,848530,"Machines for additive manufacturing; by plaster, cement, ceramics or glass deposit",用于增材制造的机器；通过石膏、水泥、陶瓷或玻璃沉积,
HS,3,848580,"Machines for additive manufacturing; by other than metal, plastic, rubber, plaster, cement, ceramics or glass deposits",用于增材制造的机器；由除金属、塑料、橡胶、石膏、水泥、陶瓷或玻璃沉积物以外的材料,
HS,3,848590,Other,其他,
HS,2,8486,"Machines and apparatus of a kind used solely or principally for the manufacture of semiconductor boules or wafers, semiconductor devices, electronic integrated circuits or flat panel displays; machines and apparatus specified in Note 9 (C) to this Chapter",仅用于或主要用于制造半导体晶圆或晶片、半导体器件、电子集成电路或平板显示器的机器及设备；本章注释九（C）规定的机器及设备,
HS,3,848610,Machines and apparatus for the manufacture of boules or wafers,用于制造晶圆或晶片的机器和设备,
HS,3,848620,Machines and apparatus for the manufacture of semiconductor devices or of electronic integrated circuits,用于制造半导体器件或电子集成电路的机器和设备,
HS,3,848630,Machines and apparatus for the manufacture of flat panel displays,用于制造平板显示器的机器和设备,
HS,3,848640,Machines and apparatus specified in note 9(C) to this chapter,本章注释9（C）中规定的机器和设备,
HS,3,848690,Parts and accessories,零件和配件,
HS,2,8487,"Machinery parts, not containing electrical connectors, insulators, coils, contacts or other electrical features, not specified or included elsewhere in this Chapter.",机械零件，不包含本章其他部分未列明或包括的电连接器、绝缘体、线圈、触点或其他电气部件,
HS,3,848710,Ships' or boats' propellers and blades therefor,船舶或小船的螺旋桨及其叶片,
HS,3,848790,Other,其他,
HS,1,85,"ELECTRICAL MACHINERY AND EQUIPMENT AND PARTS THEREOF; SOUND RECORDERS AND REPRODUCERS, TELEVISION IMAGE AND SOUND RECORDERS AND REPRODUCERS, AND PARTS AND ACCESSORIES OF SUCH ARTICLES",电机设备及其零件；声音录制和放映机、电视图像和声音录制和放映机以及此类物品的零件和附件,
HS,2,8501,Electric motors and generators (excluding generating sets).,电动机和发电机（不包括发电机组）,
HS,3,850110,"Motors of an output not exceeding 37,5 W",输出功率不超过37.5瓦的电机,
HS,3,850120,"Universal AC/DC motors of an output exceeding 37,5 W",输出功率超过 37.5 W 的通用交流/直流电机,
HS,3,850131,Of an output not exceeding 750 W,输出功率不超过750瓦,
HS,3,850132,Of an output exceeding 750 W but not exceeding 75 kW,输出功率超过 750 瓦但不超过 75 千瓦,
HS,3,850133,Of an output exceeding 75 kW but not exceeding 375 kW,输出功率超过 75 千瓦但不超过 375 千瓦,
HS,3,850134,Of an output exceeding 375 kW,输出功率超过 375 kW,
HS,3,850140,"Other AC motors, single-phase",其他单相交流电动机,
HS,3,850151,Of an output not exceeding 750 W,输出功率不超过750瓦,
HS,3,850152,Of an output exceeding 750 W but not exceeding 75 kW,输出功率超过 750 瓦但不超过 75 千瓦,
HS,3,850153,Of an output exceeding 75 kW,输出功率超过 75 kW,
HS,3,850161,Of an output not exceeding 75 kVA,输出功率不超过75千伏安,
HS,3,850162,Of an output exceeding 75 kVA but not exceeding 375 kVA,输出功率超过 75 kVA 但不超过 375 kVA,
HS,3,850163,Of an output exceeding 375 kVA but not exceeding 750 kVA,输出功率超过 375 kVA 但不超过 750 kVA,
HS,3,850164,Of an output exceeding 750 kVA,输出功率超过 750 kVA,
HS,3,850171,"Electric generators; photovoltaic DC generators, of an output not exceeding 50W",发电机；光伏直流发电机，输出功率不超过50W,
HS,3,850172,"Electric generators; photovoltaic DC generators, of an output exceeding 50W",发电机；光伏直流发电机，输出功率超过50W,
HS,3,850180,"Electric generators; (excluding generating sets), photovoltaic AC generators (alternators)",电力发电机；（不包括发电机组）、光伏交流发电机（交流发电机）,
HS,2,8502,Electric generating sets and rotary converters.,发电机组和旋转变流器,
HS,3,850211,Of an output not exceeding 75 kVA,输出功率不超过75千伏安,
HS,3,850212,Of an output exceeding 75 kVA but not exceeding 375 kVA,输出功率超过 75 kVA 但不超过 375 kVA,
HS,3,850213,Of an output exceeding 375 kVA,输出功率超过 375 kVA,
HS,3,850220,Generating sets with spark-ignition internal combustion piston engines,带火花点火内燃活塞发动机的发电机组,
HS,3,850230,Other generating sets,其他发电机组,
HS,3,850231,Wind-powered,风力发电,
HS,3,850239,Other,其他,
HS,3,850240,Electric rotary converters,电动旋转变流器,
HS,2,8503,Parts suitable for use solely or principally with the machines of heading 85.01 or 85.02.,仅适合或主要适用于税目 85.01 或 85.02 所列机器的零件,
HS,3,850300,Parts suitable for use solely or principally with the machines of heading 8501 or 8502,仅适合或主要用于税目 8501 或 8502 的机器的零件,
HS,2,8504,"Electrical transformers, static converters (for example, rectifiers) and inductors.",电力变压器、静态变流器（例如整流器）和电感器,
HS,3,850410,Ballasts for discharge lamps or tubes,放电灯或灯管的镇流器,
HS,3,850421,Having a power handling capacity not exceeding 650 kVA,功率处理能力不超过650千伏安,
HS,3,850422,Having a power handling capacity exceeding 650 kVA but not exceeding 10000 kVA,功率处理能力超过 650 kVA 但不超过 10000 kVA,
HS,3,850423,Having a power handling capacity exceeding 10000 kVA,功率处理能力超过10000kVA,
HS,3,850431,Having a power handling capacity not exceeding 1 kVA,功率处理能力不超过1kVA,
HS,3,850432,Having a power handling capacity exceeding 1 kVA but not exceeding 16 kVA,功率处理能力超过 1 kVA 但不超过 16 kVA,
HS,3,850433,Having a power handling capacity exceeding 16 kVA but not exceeding 500 kVA,功率处理能力超过 16 kVA 但不超过 500 kVA,
HS,3,850434,Having a power handling capacity exceeding 500 kVA,功率处理能力超过 500 kVA,
HS,3,850440,Static converters,静态变流器,
HS,3,850450,Other inductors,其他电感器,
HS,3,850490,Parts,部分,
HS,2,8505,"magnetic or permanent magnet chucks, clamps and similar holding devices; electro-magnetic couplings, clutches and brakes; electro-magnetic l",磁性或永磁吸盘、夹具及类似的夹持装置；电磁联轴器、离合器和制动器；电磁,
HS,3,850511,Of metal,金属的,
HS,3,850519,Other,其他,
HS,3,850520,"Electromagnetic couplings, clutches and brakes",电磁联轴器、离合器和制动器,
HS,3,850530,Electro-magnetic lifting heads,电磁升降头,
HS,3,850590,"Other, including parts",其他，包括零件,
HS,2,8506,Primary cells and primary batteries.,原电池和原电池组,
HS,3,850610,Manganese dioxide,二氧化锰,
HS,3,850611,Manganese dioxide,二氧化锰,
HS,3,850612,Mercuric oxide,氧化汞,
HS,3,850613,Silver oxide,氧化银,
HS,3,850619,Other,其他,
HS,3,850620,Of an external volume exceeding 300 cm3,外部体积超过 300 cm3,
HS,3,850630,Mercuric oxide,氧化汞,
HS,3,850640,Silver oxide,氧化银,
HS,3,850650,Lithium,锂,
HS,3,850660,Air-zinc,空气锌,
HS,3,850680,Other primary cells and primary batteries,其他原电池及原电池组,
HS,3,850690,Parts,部分,
HS,2,8507,"Electric accumulators, including separators therefor, whether or not rectangular (including square).",蓄电池，包括其隔板，不论是否矩形（包括正方形）,
HS,3,850710,"Lead-acid, of a kind used for starting piston engines",铅酸电池，用于启动活塞发动机,
HS,3,850720,Other lead-acid accumulators,其他铅酸蓄电池,
HS,3,850730,Nickel-cadmium,镍镉,
HS,3,850740,Nickel-iron,镍铁,
HS,3,850750,Nickel-metal hydride,镍氢电池,
HS,3,850760,Lithium-ion,锂离子,
HS,3,850780,Other accumulators,其他蓄能器,
HS,3,850790,Parts,部分,
HS,2,8508,Vacuum cleaners.,真空吸尘器,
HS,3,850810,Drills of all kinds,各类钻头,
HS,3,850811,Of a power not exceeding 1500 W and having a dust bag or other receptacle capacity not exceeding 20 l,功率不超过1500瓦，集尘袋或其他容器容量不超过20升,
HS,3,850819,Other,其他,
HS,3,850820,Saws,锯子,
HS,3,850860,Other vacuum cleaners,其他吸尘器,
HS,3,850870,Parts,部分,
HS,3,850880,Other tools,其他工具,
HS,3,850890,Parts,部分,
HS,2,8509,"Electro-mechanical domestic appliances, with self-contained electric motor, other than vacuum cleaners of heading 85.08.",装有自备电动机的家用电动器具，但税目 85.08 的真空吸尘器除外,
HS,3,850910,"Vacuum cleaners, including dry and wet vacuum cleaners",真空吸尘器，包括干式和湿式真空吸尘器,
HS,3,850920,Floor polishers,地板抛光机,
HS,3,850930,Kitchen waste disposers,厨房垃圾处理器,
HS,3,850940,Food grinders and mixers; fruit or vegetable juice extractors,食品研磨机和搅拌机；水果或蔬菜榨汁机,
HS,3,850980,Other appliances,其他电器,
HS,3,850990,Parts,部分,
HS,2,8510,contained electric motor.,包含电动机,
HS,3,851010,Shavers,剃须刀,
HS,3,851020,Hair clippers,理发推子,
HS,3,851030,Hair-removing appliances,脱毛器具,
HS,3,851090,Parts,部分,
HS,2,8511,"Electrical ignition or starting equipment of a kind used for spark-ignition or compression-ignition internal combustion engines (for example, ignition magnetos, magneto-dynamos, ignition coils, sparking plugs and glow plugs, starter motors); generators (f",用于火花点火或压燃内燃机的电点火或起动设备（例如，点火磁电机、磁电机、点火线圈、火花塞和预热塞、起动电机）；发电机（f,
HS,3,851110,Sparking plugs,火花塞,
HS,3,851120,Ignition magnetos; magneto-dynamos; magnetic flywheels,点火磁电机；磁电机；磁力飞轮,
HS,3,851130,Distributors; ignition coils,分销商；点火线圈,
HS,3,851140,Starter motors and dual purpose starter-generators,起动电机和两用起动发电机,
HS,3,851150,Other generators,其他发电机,
HS,3,851180,Other equipment,其他设备,
HS,3,851190,Parts,部分,
HS,2,8512,"Electrical lighting or signalling equipment (excluding articles of heading 85.39), windscreen wipers, defrosters and demisters, of a kind used for cycles or motor vehicles.",用于自行车或机动车辆的电气照明或信号设备（税目85.39的物品除外）、挡风玻璃刮水器、除霜器及除雾器,
HS,3,851210,Lighting or visual signalling equipment of a kind used on bicycles,自行车上使用的照明或视觉信号设备,
HS,3,851220,Other lighting or visual signalling equipment,其他照明或视觉信号设备,
HS,3,851230,Sound signalling equipment,声音信号设备,
HS,3,851240,"Windscreen wipers, defrosters and demisters",挡风玻璃刮水器、除霜器和除雾器,
HS,3,851290,Parts,部分,
HS,2,8513,"Portable electric lamps designed to function by their own source of energy (for example, dry batteries, accumulators, magnetos), other than lighting equipment of heading 85.12.",采用自身能源（例如，干电池、蓄电池、磁电机）工作的便携式电灯，但税目 85.12 的照明设备除外,
HS,3,851310,Lamps,灯,
HS,3,851390,Parts,部分,
HS,2,8514,Industrial or laboratory electric furnaces and ovens (including those functioning by induction or dielectric loss); other industrial or laboratory equipment for the heat treatment of materials by induction or dielectric loss.,工业或实验室电炉和烘箱（包括通过感应或介电损耗功能运行的电炉和烘箱）；其他通过感应或介电损耗对材料进行热处理的工业或实验室设备,
HS,3,851410,Resistance heated furnaces and ovens,电阻加热炉和烤箱,
HS,3,851411,"Furnaces and ovens; electric, for industrial or laboratory use, resistance heated; hot isostatic presses",工业或实验室用电炉和烤箱，电阻加热；热等静压机,
HS,3,851419,"Furnaces and ovens; electric, for industrial or laboratory use, resistance heated; other than hot isostatic presses, for the manufacture of semiconductor devices on semiconductor wafers",熔炉和烤箱；工业或实验室用电炉，电阻加热；除热等静压机外，用于在半导体晶片上制造半导体器件,
HS,3,851420,Furnaces and ovens functioning by induction or dielectric loss,通过感应或介电损耗工作的熔炉和烤箱,
HS,3,851430,Other furnaces and ovens,其他熔炉和烤箱,
HS,3,851431,"Furnaces and ovens; electric, for industrial or laboratory use, other than those functioning by induction, dielectric loss or resistance heated, electron beam furnaces",熔炉和烤箱；工业或实验室用电炉，除通过感应、介电损耗或电阻加热的电子束炉外,
HS,3,851432,"Furnaces and ovens; electric, for industrial or laboratory use, other than those functioning by induction, dielectric loss or resistance heated, plasma and vacuum arc furnaces",熔炉和烤箱；工业或实验室用电炉，但感应、介电损耗或电阻加热、等离子和真空电弧炉除外,
HS,3,851439,"Furnaces and ovens; electric, for industrial or laboratory use, other than those functioning by induction, dielectric loss or resistance heated, other than electron beam, plasma or vacuum arc furnaces",熔炉和烤箱；工业或实验室用电炉，除通过感应、介电损耗或电阻加热的电炉外，也包括电子束、等离子或真空电弧炉,
HS,3,851440,Other equipment for the heat treatment of materials by induction or dielectric loss,通过感应或介电损耗对材料进行热处理的其他设备,
HS,3,851490,Parts,部分,
HS,2,8515,"Electric (including electrically heated gas), laser or other light or photon beam, ultrasonic, electron beam, magnetic pulse or plasma arc soldering, brazing or welding machines and apparatus, whether or not capable of cutting; electric machines and appar",电（包括电加热气体）、激光或其他光或光子束、超声波、电子束、磁脉冲或等离子弧焊接、钎焊或焊接机器和装置，不论是否具有切割能力；电动机器和装置,
HS,3,851511,Soldering irons and guns,烙铁和焊枪,
HS,3,851519,Other,其他,
HS,3,851521,Fully or partly automatic,全自动或半自动,
HS,3,851529,Other,其他,
HS,3,851531,Fully or partly automatic,全自动或半自动,
HS,3,851539,Other,其他,
HS,3,851580,Other machines and apparatus,其他机器和设备,
HS,3,851590,Parts,部分,
HS,2,8516,"Electric instantaneous or storage water heaters and immersion heaters; electric space heating apparatus and soil heating apparatus; electro-thermic hair-dressing apparatus (for example, hair dryers, hair curlers, curling tong heaters) and hand dryers; ele",即热式或储水式电热水器及浸入式加热器；电空间加热装置及土壤加热装置；电热美发器具（例如，吹风机、卷发器、卷发钳加热器）及干手器；电,
HS,3,851610,Electric instantaneous or storage water heaters and immersion heaters,即热式或储水式电热水器和浸入式加热器,
HS,3,851621,Storage heating radiators,蓄热式散热器,
HS,3,851629,Other,其他,
HS,3,851631,Hairdryers,吹风机,
HS,3,851632,Other hairdressing apparatus,其他美发器具,
HS,3,851633,Hand-drying apparatus,干手器,
HS,3,851640,Electric smoothing irons,电动熨斗,
HS,3,851650,Microwave ovens,微波炉,
HS,3,851660,"Other ovens; cookers, cooking plates, boiling rings; grillers and roasters",其他烤箱；炊具、烹饪盘、煮锅；烤架及烘烤器,
HS,3,851671,Coffee or tea makers,咖啡机或茶壶,
HS,3,851672,Toasters,烤面包机,
HS,3,851679,Other,其他,
HS,3,851680,Electric heating resistors,电加热电阻器,
HS,3,851690,Parts,部分,
HS,2,8517,"Telephone sets, including telephones for cellular networks or for other wireless networks; other apparatus for the transmission or reception of voice, images or other data, including apparatus for communication in a wired or wireless network (such as a lo",电话机，包括用于蜂窝网络或其他无线网络的电话；用于传输或接收语音、图像或其他数据的其他设备，包括在有线或无线网络中通信的设备（例如,
HS,3,851710,Telephone sets,电话机,
HS,3,851711,Line telephone sets with cordless handsets,带无绳听筒的有线电话机,
HS,3,851712,Telephones for cellular networks or for other wireless networks,用于蜂窝网络或其他无线网络的电话,
HS,3,851713,Telephone sets; smartphones for cellular or other wireless networks,电话机；用于蜂窝或其他无线网络的智能手机,
HS,3,851714,"Telephone sets; other than smartphones, for cellular or other wireless networks",电话机；除智能手机外，用于蜂窝网络或其他无线网络,
HS,3,851718,Other,其他,
HS,3,851719,Other,其他,
HS,3,851720,Teleprinters,电传打字机,
HS,3,851721,Facsimile machines,传真机,
HS,3,851722,Teleprinters,电传打字机,
HS,3,851730,Telephonic or telegraphic switching apparatus,电话或电报交换设备,
HS,3,851740,"Other apparatus, for carrier-current line systems",用于载波电流线路系统的其他设备,
HS,3,851750,"Other apparatus, for carrier-current line systems or for digital line systems",用于载波电流线路系统或数字线路系统的其他设备,
HS,3,851761,Base stations,基站,
HS,3,851762,"Machines for the reception, conversion and transmission or regeneration of voice, images or other data, including switching and routing apparatus",用于接收、转换和传输或再生语音、图像或其他数据的机器，包括交换和路由设备,
HS,3,851769,Other,其他,
HS,3,851770,Parts,部分,
HS,3,851771,"Communication apparatus; parts, aerials and aerial reflectors of all kinds, part suitable for use therewith",通讯设备；零件、各种天线和天线反射器，以及适合与其一起使用的零件,
HS,3,851779,"Communication apparatus; parts, other than aerials and aerial reflectors of all kinds",通讯设备；除天线和天线反射器以外的各种零件,
HS,3,851780,Other apparatus,其他器械,
HS,3,851781,Telephonic,电话,
HS,3,851782,Telegraphic,电讯报,
HS,3,851790,Parts,部分,
HS,2,8518,frequency electric amp,频率电放大器,
HS,3,851810,Microphones and stands therefor,麦克风及其支架,
HS,3,851821,"Single loudspeakers, mounted in their enclosures",安装在外壳内的单个扬声器,
HS,3,851822,"Multiple loudspeakers, mounted in the same enclosure",多个扬声器，安装在同一箱体中,
HS,3,851829,Other,其他,
HS,3,851830,"Headphones and earphones, whether or not combined with a microphone, and sets consisting of a microphone and one or more loudspeakers",耳机和耳塞，无论是否与麦克风组合，以及由麦克风和一个或多个扬声器组成的套装,
HS,3,851840,Audio-frequency electric amplifiers,音频电放大器,
HS,3,851850,Electric sound amplifier sets,电动扩音器组,
HS,3,851890,Parts,部分,
HS,2,8519,Sound recording or reproducing apparatus.,录音或放音设备,
HS,3,851910,or disc-operated record-players,或唱片机,
HS,3,851920,"Apparatus operated by coins, banknotes, bank cards, tokens or by other means of payment",通过硬币、纸币、银行卡、代币或其他支付方式操作的设备,
HS,3,851921,Without loudspeaker,不带扬声器,
HS,3,851929,Other,其他,
HS,3,851930,Turntables (record-decks),唱机（唱片机）,
HS,3,851931,With automatic record changing mechanism,具有自动记录更改机制,
HS,3,851939,Other,其他,
HS,3,851940,Transcribing machines,转录机,
HS,3,851950,Telephone answering machines,电话答录机,
HS,3,851981,"Using magnetic, optical or semiconductor media",使用磁性、光学或半导体介质,
HS,3,851989,Other,其他,
HS,3,851991,Cassette-type,卡式,
HS,3,851992,Pocket-size cassette-players,袖珍磁带播放器,
HS,3,851993,"Other, cassette-type",其他，盒式,
HS,3,851999,Other,其他,
HS,2,8520,Magnetic tape recorders and other sound recording apparatus whether or not incorporating a sound-reproducing device,磁带录音机及其他录音设备，无论是否装有声音重放装置,
HS,3,852010,Dictating machines not capable of operating without an external source of power,无需外部电源就无法运行的口述记录机,
HS,3,852020,Telephone answering machines,电话答录机,
HS,3,852031,Cassette-type,卡式,
HS,3,852032,Digital audio type,数字音频类型,
HS,3,852033,"Other, cassette-type",其他，盒式,
HS,3,852039,Other,其他,
HS,3,852090,Other,其他,
HS,2,8521,"Video recording or reproducing apparatus, whether or not incorporating a video tuner.",视频录制或播放设备，无论是否装有视频调谐器,
HS,3,852110,Magnetic tape-type,磁带式,
HS,3,852190,Other,其他,
HS,2,8522,Parts and accessories suitable for use solely or principally with the apparatus of headings 85.19 or 85.21.,仅适合或主要适合与税目 85.19 或 85.21 的设备一起使用的零件和附件,
HS,3,852210,Pick-up cartridges,拾取墨盒,
HS,3,852290,Other,其他,
HS,2,8523,"Discs, tapes, solid-state non-volatile storage devices, ""smart cards"" and other media for the recording of sound or of other phenomena, whether or not recorded, including matrices and masters for the production of discs, but excluding products of Chapter",光盘、磁带、固态非易失性存储设备、“智能卡”及其他用于记录声音或其他现象的媒体，不论是否已录制，包括用于制作光盘的母版和母盘，但不包括第,
HS,3,852311,Of a width not exceeding 4 mm,宽度不超过4毫米,
HS,3,852312,Of a width exceeding 4 mm but not exceeding 6.5 mm,宽度超过4毫米但不超过6.5毫米,
HS,3,852313,Of a width exceeding 6.5 mm,宽度超过6.5毫米,
HS,3,852320,Magnetic discs,磁盘,
HS,3,852321,Cards incorporating a magnetic stripe,带有磁条的卡,
HS,3,852329,Other,其他,
HS,3,852330,Cards incorporating a magnetic stripe,带有磁条的卡,
HS,3,852340,Optical media,光学媒体,
HS,3,852341,Unrecorded,未记录,
HS,3,852349,Other,其他,
HS,3,852351,Solid-state non-volatile storage devices,固态非易失性存储设备,
HS,3,852352,‘Smart cards’,“智能卡”,
HS,3,852359,Other,其他,
HS,3,852380,Other,其他,
HS,3,852390,Other,其他,
HS,2,8524,"Records, tapes and other recorded media for sound or other similarly recorded phenomena, incl. matrices and masters for the production of records (excl. products of chapter 37)",唱片、磁带及其他用于声音或其他类似记录现象的记录介质，包括用于制作唱片的母版和母带（第 37 章的产品除外）,
HS,3,852410,Gramophone records,留声机唱片,
HS,3,852411,"Flat panel display modules, whether or not incorporating touch-sensitive screens; of liquid crystals, without drivers or control circuits",平板显示模块，无论是否包含触摸屏；液晶，无驱动器或控制电路,
HS,3,852412,"Flat panel display modules, whether or not incorporating touch-sensitive screens; of organic light-emitting diodes (OLED), without drivers or control circuits",平板显示模块，无论是否包含触摸屏；有机发光二极管（OLED），无驱动器或控制电路,
HS,3,852419,"Flat panel display modules, whether or not incorporating touch-sensitive screens; of other than liquid crystals or organic light-emitting diodes (OLED), without drivers or control circuits",平板显示模块，无论是否包含触摸屏；除液晶或有机发光二极管（OLED）外，无驱动器或控制电路,
HS,3,852421,Of a width not exceeding 4 mm,宽度不超过4毫米,
HS,3,852422,"Of a width exceeding 4 mm but not exceeding 6,5 mm",宽度超过 4 毫米但不超过 6.5 毫米,
HS,3,852423,"Of a width exceeding 6,5 mm",宽度超过 6.5 毫米,
HS,3,852431,For reproducing phenomena other than sound or image,用于再现声音或图像以外的现象,
HS,3,852432,For reproducing sound only,仅用于播放声音,
HS,3,852439,Other,其他,
HS,3,852440,Magnetic tapes for reproducing phenomena other than sound or image,用于再现声音或图像以外现象的磁带,
HS,3,852451,Of a width not exceeding 4 mm,宽度不超过4毫米,
HS,3,852452,Of a width exceeding 4 mm but not exceeding 6.5 mm,宽度超过4毫米但不超过6.5毫米,
HS,3,852453,Of a width exceeding 6.5 mm,宽度超过6.5毫米,
HS,3,852460,Cards incorporating a magnetic stripe,带有磁条的卡,
HS,3,852490,Other,其他,
HS,3,852491,For reproducing phenomena other than sound or image,用于再现声音或图像以外的现象,
HS,3,852492,"Flat panel display modules, whether or not incorporating touch-sensitive screens; of organic light-emitting diodes (OLED), with drivers or control circuits",平板显示模块，无论是否包含触摸屏；有机发光二极管（OLED），带有驱动器或控制电路,
HS,3,852499,Other,其他,
HS,2,8525,"Transmission apparatus for radio-broadcasting or television, whether or not incorporating reception apparatus or sound recording or reproducing apparatus; television cameras, digital cameras and video camera recorders.",无线电广播或电视的传输设备，不论是否装有接收设备或录音或放音设备；电视摄像机、数码相机和摄像机,
HS,3,852510,Transmission apparatus,传动装置,
HS,3,852520,Transmission apparatus incorporating reception apparatus,包含接收装置的发送装置,
HS,3,852530,Television cameras,电视摄像机,
HS,3,852540,Still image video cameras and other video camera recorders; digital cameras,静态图像摄像机及其他摄像机录像机；数码相机,
HS,3,852550,Transmission apparatus,传动装置,
HS,3,852560,Transmission apparatus incorporating reception apparatus,包含接收装置的发送装置,
HS,3,852580,"Television cameras, digital cameras and video camera recorders",电视摄像机、数码相机和摄像机,
HS,3,852581,"Television cameras, digital cameras and video camera recorders; high-speed goods as specified in subheading note 1 to this chapter",电视摄像机、数码相机和摄像机；本章子目注释1规定的高速货物,
HS,3,852582,"Television cameras, digital cameras and video camera recorders; radiation-hardened or radiation-tolerant goods as specified in subheading note 2 to this chapter",电视摄像机、数码相机和摄像机录像机；本章子目注释2规定的抗辐射或耐辐射货物,
HS,3,852583,"Television cameras, digital cameras and video camera recorders; night vision goods as specified in subheading note 3 to this chapter",电视摄像机、数码相机和摄像机录像机；本章子目注释3规定的夜视产品,
HS,3,852589,Television cameras; n.e.c. in item no 8525.8,电视摄像机；NEC 编号 8525.8,
HS,2,8526,"Radar apparatus, radio navigational aid apparatus and radio remote control apparatus.",雷达设备、无线电导航设备和无线电遥控设备,
HS,3,852610,Radar apparatus,雷达设备,
HS,3,852691,Radio navigational aid apparatus,无线电导航辅助设备,
HS,3,852692,Radio remote control apparatus,无线电遥控设备,
HS,2,8527,"Reception apparatus for radio-broadcasting, whether or not combined, in the same housing, with sound recording or reproducing apparatus or a clock.",无线电广播接收设备，无论是否与声音录制或播放设备或时钟组合在同一外壳内,
HS,3,852711,Combined with sound recording or reproducing apparatus,与录音或放音设备相结合,
HS,3,852712,Pocket-size radio cassette players,袖珍型收录机,
HS,3,852713,Other apparatus combined with sound recording or reproducing apparatus,与录音或放音设备结合的其他设备,
HS,3,852719,Other,其他,
HS,3,852721,Combined with sound recording or reproducing apparatus,与录音或放音设备相结合,
HS,3,852729,Other,其他,
HS,3,852731,Combined with sound recording or reproducing apparatus,与录音或放音设备相结合,
HS,3,852732,Not combined with sound recording or reproducing apparatus but combined with a clock,不与录音或放音设备结合，但与时钟结合,
HS,3,852739,Other,其他,
HS,3,852790,Other apparatus,其他器械,
HS,3,852791,Combined with sound recording or reproducing apparatus,与录音或放音设备相结合,
HS,3,852792,Not combined with sound recording or reproducing apparatus but combined with a clock,不与录音或放音设备结合，但与时钟结合,
HS,3,852799,Other,其他,
HS,2,8528,"Monitors and projectors, not incorporating television reception apparatus; reception apparatus for television, whether or not incorporating radio-broadcast receivers or sound or video recording or reproducing apparatus.",不带电视接收装置的监视器和投影仪；电视接收装置，不论是否装有无线电广播接收器或声音或视频录制或重放装置,
HS,3,852810,Colour,颜色,
HS,3,852812,Colour,颜色,
HS,3,852813,Black and white or other monochrome,黑白或其他单色,
HS,3,852820,Black and white or other monochrome,黑白或其他单色,
HS,3,852821,Colour,颜色,
HS,3,852822,Black and white or other monochrome,黑白或其他单色,
HS,3,852830,Video projectors,视频投影仪,
HS,3,852841,Of a kind solely or principally used in an automatic data processing system of heading 84.71,仅用于或主要用于税目84.71的自动数据处理系统,
HS,3,852842,Capable of directly connecting to and designed for use with an automatic data processing machine of heading 8471,能够直接连接到并设计用于标题 8471 的自动数据处理机,
HS,3,852849,Other,其他,
HS,3,852851,Of a kind solely or principally used in an automatic data processing system of heading 84.71,仅用于或主要用于税目84.71的自动数据处理系统,
HS,3,852852,Capable of directly connecting to and designed for use with an automatic data processing machine of heading 8471,能够直接连接到并设计用于标题 8471 的自动数据处理机,
HS,3,852859,Other,其他,
HS,3,852861,Of a kind solely or principally used in an automatic data processing system of heading 84.71,仅用于或主要用于税目84.71的自动数据处理系统,
HS,3,852862,Capable of directly connecting to and designed for use with an automatic data processing machine of heading 8471,能够直接连接到并设计用于标题 8471 的自动数据处理机,
HS,3,852869,Other,其他,
HS,3,852871,Not designed to incorporate a video display or screen,未设计用于集成视频显示器或屏幕,
HS,3,852872,"Other, colour","其他,颜色",
HS,3,852873,"Other, monochrome","其他,单色",
HS,2,8529,Parts suitable for use solely or principally with the apparatus of headings 85.25 to 85.28.,仅适合或主要适合与税目 85.25 至 85.28 的设备一起使用的零件,
HS,3,852910,Aerials and aerial reflectors of all kinds; parts suitable for use therewith,各种天线和天线反射器；适用于其的零件,
HS,3,852990,Other,其他,
HS,2,8530,"Electrical signalling, safety or traffic control equipment for railways, tramways, roads, inland waterways, parking facilities, port installations or airfields (other than those of heading 86.08).",铁路、电车轨道、公路、内河航道、停车设施、港口设施或机场的电气信号、安全或交通控制设备（税目 86.08 的货品除外）,
HS,3,853010,Equipment for railways or tramways,铁路或电车轨道设备,
HS,3,853080,Other equipment,其他设备,
HS,3,853090,Parts,部分,
HS,2,8531,"Electric sound or visual signalling apparatus (for example, bells, sirens, indicator panels, burglar or fire alarms), other than those of heading 85.12 or 85.30.",电动声音或视觉信号装置（例如，铃、警报器、指示板、防盗或火灾警报器），但税目 85.12 或 85.30 的货品除外,
HS,3,853110,Burglar or fire alarms and similar apparatus,防盗或火灾警报器及类似装置,
HS,3,853120,Indicator panels incorporating liquid crystal devices (LCD) or light-emitting diodes (LED),采用液晶设备 (LCD) 或发光二极管 (LED) 的指示面板,
HS,3,853180,Other apparatus,其他器械,
HS,3,853190,Parts,部分,
HS,2,8532,"Electrical capacitors, fixed, variable or adjustable (pre-set).",电容器，固定、可变或可调（预设）,
HS,3,853210,"Fixed capacitors designed for use in 50/60 Hz circuits and having a reactive power handling capacity of not less than 0,5 kvar (power capacitors)",设计用于 50/60 Hz 电路且无功功率处理能力不低于 0.5 kvar 的固定电容器（电力电容器）,
HS,3,853221,Tantalum,钽,
HS,3,853222,Aluminium electrolytic,铝电解,
HS,3,853223,"Ceramic dielectric, single layer",陶瓷电介质，单层,
HS,3,853224,"Ceramic dielectric, multilayer",陶瓷电介质，多层,
HS,3,853225,Dielectric of paper or plastics,纸或塑料的电介质,
HS,3,853229,Other,其他,
HS,3,853230,Variable or adjustable (pre-set) capacitors,可变或可调（预设）电容器,
HS,3,853290,Parts,部分,
HS,2,8533,"Electrical resistors (including rheostats and potentiometers), other than heating resistors.",除加热电阻器之外的电阻器（包括变阻器和电位器）,
HS,3,853310,"Fixed carbon resistors, composition or film types",固定碳电阻器，合成或薄膜类型,
HS,3,853321,For a power handling capacity not exceeding 20 W,对于功率处理能力不超过 20 W,
HS,3,853329,Other,其他,
HS,3,853331,For a power handling capacity not exceeding 20 W,对于功率处理能力不超过 20 W,
HS,3,853339,Other,其他,
HS,3,853340,"Other variable resistors, including rheostats and potentiometers",其他可变电阻器，包括变阻器和电位器,
HS,3,853390,Parts,部分,
HS,2,8534,Printed circuits.,印刷电路,
HS,3,853400,Printed circuits,印刷电路,
HS,2,8535,"Electrical apparatus for switching or protecting electrical circuits, or for making connections to or in electrical circuits (for example, switches, fuses, lightning arresters, voltage limiters, surge suppressors, plugs and other connectors, junction boxe",用于切换或保护电路，或用于连接电路或在电路中进行连接的电气设备（例如，开关、保险丝、避雷器、电压限制器、电涌抑制器、插头和其他连接器、接线盒,
HS,3,853510,Fuses,保险丝,
HS,3,853521,"For a voltage of less than 72,5 kV",电压低于72.5kV时,
HS,3,853529,Other,其他,
HS,3,853530,Isolating switches and make-and-break switches,隔离开关和断续开关,
HS,3,853540,"Lightning arresters, voltage limiters and surge suppressors",避雷器、电压限制器和电涌抑制器,
HS,3,853590,Other,其他,
HS,2,8536,"Electrical apparatus for switching or protecting electrical circuits, or for making connections to or in electrical circuits (for example, switches, relays, fuses, surge suppressors, plugs, sockets, lamp-holders and other connectors, junction boxes), for",用于切换或保护电路，或用于连接电路或在电路中进行连接的电气设备（例如，开关、继电器、保险丝、电涌抑制器、插头、插座、灯座和其他连接器、接线盒），用于,
HS,3,853610,Fuses,保险丝,
HS,3,853620,Automatic circuit breakers,自动断路器,
HS,3,853630,Other apparatus for protecting electrical circuits,其他电路保护装置,
HS,3,853641,For a voltage not exceeding 60 V,对于不超过 60 V 的电压,
HS,3,853649,Other,其他,
HS,3,853650,Other switches,其他开关,
HS,3,853661,Lamp holders,灯座,
HS,3,853669,Other,其他,
HS,3,853670,"Connectors for optical fibres, optical fibre bundles or cables",光纤、光纤束或电缆的连接器,
HS,3,853690,Other apparatus,其他器械,
HS,2,8537,"Boards, panels, consoles, desks, cabinets and other bases, equipped with two or more apparatus of heading 85.35 or 85.36, for electric control or the distribution of electricity, including those incorporating instruments or apparatus of Chapter 90, and nu",装有两个或两个以上税目85.35或85.36所列装置的板、面板、控制台、桌子、柜子及其他底座，用于电气控制或配电，包括装有第90章所列仪器或装置的板、面板、控制台、桌子、柜子及其他底座，,
HS,3,853710,For a voltage not exceeding 1000 V,对于不超过 1000 V 的电压,
HS,3,853720,For a voltage exceeding 1000 V,对于超过 1000 V 的电压,
HS,2,8538,"Parts suitable for use solely or principally with the apparatus of heading 85.35, 85.36 or 85.37.",仅适合或主要适用于税目 85.35、85.36 或 85.37 所列设备的零件,
HS,3,853810,"Boards, panels, consoles, desks, cabinets and other bases for the goods of heading 8537, not equipped with their apparatus",未配备设备的板、面板、控制台、桌子、柜子及其他用于8537类货物的底座,
HS,3,853890,Other,其他,
HS,2,8539,"Electric filament or discharge lamps, including sealed beam lamp units and ultra-violet or infra-red lamps; arc-lamps.",电灯丝或放电灯，包括密封光束灯组和紫外线或红外线灯；弧光灯,
HS,3,853910,Sealed beam lamp units,密封光束灯组,
HS,3,853921,Tungsten halogen,卤钨灯,
HS,3,853922,"Other, of a power not exceeding 200 W and for a voltage exceeding 100 V",其他，功率不超过200瓦，电压超过100伏,
HS,3,853929,Other,其他,
HS,3,853931,"Fluorescent, hot cathode",荧光灯、热阴极,
HS,3,853932,Mercury or sodium vapour lamps; metal halide lamps,汞蒸气灯或钠蒸气灯；金属卤化物灯,
HS,3,853939,Other,其他,
HS,3,853940,Ultra-violet or infra-red lamps; arc lamps,紫外线或红外线灯；弧光灯,
HS,3,853941,Arc lamps,弧光灯,
HS,3,853949,Other,其他,
HS,3,853950,Light-emitting diode (LED) lamps,发光二极管 (LED) 灯,
HS,3,853951,"Lamps; light-emitting diode (LED) light sources, light-emitting diode (LED) modules",灯具；发光二极管（LED）光源、发光二极管（LED）模块,
HS,3,853952,"Lamps; light-emitting diode (LED) light sources, light-emitting diode (LED) lamps",灯具；发光二极管（LED）光源、发光二极管（LED）灯,
HS,3,853990,Parts,部分,
HS,2,8540,"Thermionic, cold cathode or photo-cathode valves and tubes (for example, vacuum or vapour or gas filled valves and tubes, mercury arc rectifying valves and tubes, cathode-ray tubes, television camera tubes).",热电子、冷阴极或光阴极电子管和管（例如，真空或蒸汽或充气电子管和管、汞弧整流电子管和管、阴极射线管、电视摄像管）,
HS,3,854011,Colour,颜色,
HS,3,854012,Monochrome,单色,
HS,3,854020,Television camera tubes; image converters and intensifiers; other photocathode tubes,电视摄像管；图像转换器及增强器；其他光电阴极管,
HS,3,854030,Other cathode-ray tubes,其他阴极射线管,
HS,3,854040,"Data/graphic display tubes, monochrome; data/graphic display tubes, colour, with a phosphor dot screen pitch smaller than 0,4 mm",单色数据/图形显示管；彩色数据/图形显示管，荧光点屏间距小于0.4毫米,
HS,3,854041,Magnetrons,磁控管,
HS,3,854042,Klystrons,速调管,
HS,3,854049,Other,其他,
HS,3,854050,"Data/graphic display tubes, black and white or other monochrome",数据/图形显示管，黑白或其他单色,
HS,3,854060,Other cathode ray tubes,其他阴极射线管,
HS,3,854071,Magnetrons,磁控管,
HS,3,854072,Klystrons,速调管,
HS,3,854079,Other,其他,
HS,3,854081,Receiver or amplifier valves and tubes,接收器或放大器阀门和管子,
HS,3,854089,Other,其他,
HS,3,854091,Of cathode ray tubes,阴极射线管,
HS,3,854099,Other,其他,
HS,2,8541,"Diodes, transistors and similar semiconductor devices; photosensitive semiconductor devices, including photovoltaic cells whether or not assembled in modules or made up into panels; light emitting diodes; mounted piezo-electric crystals.",二极管、晶体管及类似的半导体器件；光敏半导体器件，包括光伏电池，不论是否组装成模块或制成面板；发光二极管；安装的压电晶体,
HS,3,854110,"Diodes, other than photosensitive or light-emitting diodes (LED)",二极管，除光敏二极管或发光二极管 (LED) 外,
HS,3,854121,With a dissipation rate of less than 1 W,耗散率小于1W,
HS,3,854129,Other,其他,
HS,3,854130,"Thyristors, diacs and triacs, other than photosensitive devices",除光敏器件外的晶闸管、双向可控硅和三端双向可控硅,
HS,3,854140,"Photosensitive semiconductor devices, including photovoltaic cells whether or not assembled in modules or made up into panels; light-emitting diodes (LED)",光敏半导体器件，包括光伏电池（无论是否组装成模块或制成面板）；发光二极管（LED）,
HS,3,854141,"Electrical apparatus; photosensitive semiconductor devices, light emitting diodes (LED)",电器设备；光敏半导体器件、发光二极管（LED）,
HS,3,854142,"Electrical apparatus; photosensitive semiconductor devices, photovoltaic cells not assembled in modules or made up into panels",电气设备；光敏半导体器件、未组装成模块或面板的光伏电池,
HS,3,854143,"Electrical apparatus; photosensitive semiconductor devices, photovoltaic cells assembled in modules or made up into panels",电气设备；光敏半导体器件、组装成模块或制成面板的光伏电池,
HS,3,854149,"Electrical apparatus; photosensitive semiconductor devices, diodes other than light emitting diodes and photovoltaic cells whether or not assembled in modules or made up into panels",电气设备；光敏半导体器件、发光二极管以外的二极管和光伏电池，无论是否组装成模块或制成面板,
HS,3,854150,Other semiconductor devices,其他半导体器件,
HS,3,854151,"Electrical apparatus; photosensitive semiconductor devices, semiconductor-based transducers",电器设备；光敏半导体器件、半导体传感器,
HS,3,854159,Electrical apparatus; photosensitive semiconductor devices n.e.c. in heading no. 8541,电气设备；8541 号税号下的感光半导体器件,
HS,3,854160,Mounted piezoelectric crystals,安装的压电晶体,
HS,3,854190,Parts,部分,
HS,2,8542,Electronic integrated circuits.,电子集成电路,
HS,3,854210,"Cards incorporating an electronic integrated circuit (""smart"" cards)",包含电子集成电路的卡（“智能”卡）,
HS,3,854211,Digital,数字的,
HS,3,854212,"Cards incorporating an electronic integrated circuit (""smart"" cards)",包含电子集成电路的卡（“智能”卡）,
HS,3,854213,Metal oxide semiconductors (MOS technology),金属氧化物半导体（MOS技术）,
HS,3,854214,Circuits obtained by bipolar technology,通过双极技术获得的电路,
HS,3,854219,"Other, including circuits obtained by a combination of bipolar and MOS technologies (BIMOS technology)",其他，包括采用双极型和MOS技术组合获得的电路（BIMOS技术）,
HS,3,854220,Hybrid integrated circuits,混合集成电路,
HS,3,854221,Digital,数字的,
HS,3,854229,Other,其他,
HS,3,854230,Other monolithic integrated circuits,其他单片集成电路,
HS,3,854231,"Processors and controllers, whether or not combined with memories, converters, logic circuits, amplifiers, clock and timing circuits, or other circuits",处理器和控制器，无论是否与存储器、转换器、逻辑电路、放大器、时钟和计时电路或其他电路组合,
HS,3,854232,Memories,回忆,
HS,3,854233,Amplifiers,放大器,
HS,3,854239,Other,其他,
HS,3,854240,Hybrid integrated circuits,混合集成电路,
HS,3,854250,Electronic microassemblies,电子微组装,
HS,3,854260,Hybrid integrated circuits,混合集成电路,
HS,3,854270,Electronic microassemblies,电子微组装,
HS,3,854280,Other,其他,
HS,3,854290,Parts,部分,
HS,2,8543,"Electrical machines and apparatus, having individual functions, not specified or included elsewhere in this Chapter.",本章其他部分未列名或包括的、具有独立功能的电气机械及装置,
HS,3,854310,Particle accelerators,粒子加速器,
HS,3,854311,Ion implanters for doping semiconductor materials,用于掺杂半导体材料的离子注入机,
HS,3,854319,Other,其他,
HS,3,854320,Signal generators,信号发生器,
HS,3,854330,"Machines and apparatus for electroplating, electrolysis or electrophoresis",电镀、电解或电泳机器和设备,
HS,3,854340,Electric fence energisers,电围栏激励器,
HS,3,854370,Other machines and apparatus,其他机器和设备,
HS,3,854380,Other machines and apparatus,其他机器和设备,
HS,3,854381,Proximity cards and tags,感应卡和标签,
HS,3,854389,Other,其他,
HS,3,854390,Parts,部分,
HS,2,8544,"Insulated (including enamelled or anodised) wire, cable (including co-axial cable) and other insulated electric conductors, whether or not fitted with connectors; optical fibre cables, made up of individually sheathed fibres, whether or not assembled with",绝缘（包括漆包线或阳极氧化线）、电缆（包括同轴电缆）及其他绝缘电导体，不论是否装有连接器；由单独护套光纤制成的光纤电缆，不论是否组装,
HS,3,854411,Of copper,铜,
HS,3,854419,Other,其他,
HS,3,854420,Coaxial cable and other coaxial electric conductors,同轴电缆及其他同轴电导体,
HS,3,854430,"Ignition wiring sets and other wiring sets of a kind used in vehicles, aircraft or ships",点火线组及用于车辆、飞机或船舶的其他线组,
HS,3,854441,Fitted with connectors,配有连接器,
HS,3,854442,Fitted with connectors,配有连接器,
HS,3,854449,Other,其他,
HS,3,854451,Fitted with connectors,配有连接器,
HS,3,854459,Other,其他,
HS,3,854460,"Other electric conductors, for a voltage exceeding 1000 V",其他电导体，电压超过1000伏,
HS,3,854470,Optical fibre cables,光纤电缆,
HS,2,8545,"Carbon electrodes, carbon brushes, lamp carbons, battery carbons and other articles of graphite or other carbon, with or without metal, of a kind used for electrical purposes.",碳电极、碳刷、灯碳、电池碳及其他用于电气目的的石墨或其他碳制品，无论是否含金属,
HS,3,854511,Of a kind used for furnaces,用于熔炉的一种,
HS,3,854519,Other,其他,
HS,3,854520,Brushes,刷子,
HS,3,854590,Other,其他,
HS,2,8546,Electrical insulators of any material.,任何材料的电绝缘体,
HS,3,854610,Of glass,玻璃的,
HS,3,854620,Of ceramics,陶瓷,
HS,3,854690,Other,其他,
HS,2,8547,"Insulating fittings for electrical machines, appliances or equipment, being fittings wholly of insulating material apart from any minor components of metal (for example, threaded sockets) incorporated during moulding solely for purposes of assembly, other",电气机械、器具或设备的绝缘配件，是指除模制过程中仅为组装目的而加入的任何金属小部件（例如螺纹插座）外，全部由绝缘材料制成的配件，其他,
HS,3,854710,Insulating fittings of ceramics,陶瓷绝缘配件,
HS,3,854720,Insulating fittings of plastics,塑料绝缘配件,
HS,3,854790,Other,其他,
HS,2,8548,"Waste and scrap of primary cells, primary batteries and electric accumulators; spent primary cells, spent primary batteries and spent electric accumulators; electrical parts of machinery or apparatus, not specified or included elsewhere in this Chapter.",原电池、原电池组及蓄电池的废碎料；废原电池、废原电池组及废蓄电池；本章其他部分未列名的机器或设备的电气零件,
HS,3,854800,"Electrical parts of machinery or apparatus, not specified or included elsewhere in this Chapter",本章其他部分未列名或未包括的机器或设备的电气零件,
HS,3,854810,"Waste and scrap of primary cells, primary batteries and electric accumulators; spent primary cells, spent primary batteries and spent electric accumulators",原电池、原电池组和蓄电池的废碎料；废原电池、废原电池组和废蓄电池,
HS,3,854890,Other,其他,
HS,2,8549,Electrical and electronic waste and scrap,电气和电子废物和废料,
HS,3,854911,Waste and scrap of lead-acid accumulators; spent lead-acid accumulators,废铅酸蓄电池；废铅酸蓄电池,
HS,3,854912,"Waste and scrap; of primary cells, primary batteries and electric accumulators, spent or not, containing lead, cadmium or mercury, other than lead-acid accumulators",废碎料；原电池、原电池组和蓄电池，无论是否废旧，含有铅、镉或汞，铅酸蓄电池除外,
HS,3,854913,"Waste and scrap; of primary cells, primary batteries and electric accumulators, spent or not, sorted by chemical type and not containing lead, cadmium or mercury",废碎料；原电池、原电池组和蓄电池，无论是否废旧，按化学类型分类，不含铅、镉或汞,
HS,3,854914,"Waste and scrap; of primary cells, primary batteries and electric accumulators, spent or not, unsorted and not containing lead, cadmium or mercury",废碎料；原电池、原电池组和蓄电池，无论是否废旧，未分类且不含铅、镉或汞,
HS,3,854919,"Waste and scrap; of primary cells, primary batteries and electric accumulators, n.e.c. in item no 8549.1",废料和碎屑；原电池、原电池组和蓄电池的废料和碎屑，不属于第 8549.1 项,
HS,3,854921,"Electrical and electronic waste and scrap; of a kind used principally for the recovery of precious metal, containing primary cells and batteries, electric accumulators, mercury-switches, glass from cathode ray tubes or other activated glass, or electrical",电气和电子废物和废料；主要用于回收贵金属，包括原电池和电池组、蓄电池、汞开关、阴极射线管玻璃或其他活性玻璃，或电气,
HS,3,854929,Waste and scrap; of a kind used principally for the recovery of precious metal n.e.c. in item no 8549.21,废料和碎屑；主要用于回收贵金属（见项目编号 8549.21）,
HS,3,854931,"Electrical and electronic waste and scrap; electrical and electronic assemblies and printed circuit boards, other than those used principally for the recovery of precious metal, containing primary cells and batteries, electric accumulators, mercury-switch",电气和电子废物和废料；电气和电子组件和印刷电路板，除主要用于回收贵金属的组件和印刷电路板外，还包含原电池和电池组、蓄电池、汞开关,
HS,3,854939,"Waste and scrap; electrical and electronic assemblies and printed circuit boards, other than those used principally for the recovery of precious metal n.e.c. in item no 8549.31",废物和废料；电气和电子组件及印刷电路板，但主要用于回收第 8549.31 项中的贵金属的除外,
HS,3,854991,Waste and scrap; n.e.c. in heading no 8549,废物和废料；NEC 归入标题 8549,
HS,3,854999,Waste and scrap; n.e.c. in item no 8549.91,废物和废料；属于第 8549.91 项,
HS,1,86,"RAILWAY OR TRAMWAY LOCOMOTIVES, ROLLING STOCK AND PARTS THEREOF; RAILWAY OR TRAMWAY TRACK FIXTURES AND FITTINGS AND PARTS THEREOF; MECHANICAL (INCLUDING ELECTROMECHANICAL) TRAFFIC SIGNALLING EQUIPMENT OF ALL KINDS",铁路或电车机车、车辆及其零件；铁路或电车轨道固定装置、配件及其零件；各种机械（包括机电）交通信号设备,
HS,2,8601,Rail locomotives powered from an external source of electricity or by electric accumulators.,由外部电源或蓄电池供电的铁路机车,
HS,3,860110,Powered from an external source of electricity,由外部电源供电,
HS,3,860120,Powered by electric accumulators,由蓄电池供电,
HS,2,8602,Other rail locomotives; locomotive tenders.,其他铁路机车；机车煤水车,
HS,3,860210,Diesel-electric locomotives,柴油电力机车,
HS,3,860290,Other,其他,
HS,2,8603,"Self-propelled railway or tramway coaches, vans and trucks, other than those of heading 86.04.",除税号 86.04 的货物外，其他自行式铁路或电车客车、货车及卡车,
HS,3,860310,Powered from an external source of electricity,由外部电源供电,
HS,3,860390,Other,其他,
HS,2,8604,"Railway or tramway maintenance or service vehicles, whether or not self-propelled (for example, workshops, cranes, ballast tampers, trackliners, testing coaches and track inspection vehicles).",铁路或电车轨道维护或服务车辆，无论是否自行推进（例如，车间、起重机、道碴捣固机、轨道衬砌机、测试车和轨道检查车）,
HS,3,860400,"Railway or tramway maintenance or service vehicles, whether or not self-propelled (for example, workshops, cranes, ballast tampers, trackliners, testing coaches and track inspection vehicles)",铁路或电车轨道维护或服务车辆，无论是否自行推进（例如，车间、起重机、道碴捣固机、轨道衬砌机、测试车和轨道检查车）,
HS,2,8605,"Railway or tramway passenger coaches, not self-propelled; luggage vans, post office coaches and other special purpose railway or tramway coaches, not self-propelled (excluding those of heading 86.04).",非机动铁道或电车客车；行李车、邮政车及其他专用铁道或电车客车，非机动车（税目 86.04 的货品除外）,
HS,3,860500,"Railway or tramway passenger coaches, not self-propelled; luggage vans, post office coaches and other special purpose railway or tramway coaches, not self-propelled (excluding those of heading 8604)",非机动的铁路或电车客车；非机动的行李车、邮政车及其他专用铁路或电车客车（税目 8604 的货品除外）,
HS,2,8606,"Railway or tramway goods vans and wagons, not self-propelled.",非自行推进的铁路或电车货车及车皮,
HS,3,860610,Tank wagons and the like,油罐车及类似车辆,
HS,3,860620,"Insulated or refrigerated vans and wagons (cars), other than those of subheading 8606.10",除子目 8606.10 以外的隔热或冷藏货车及车厢（汽车）,
HS,3,860630,"Self-discharging vans and wagons, other than those of subheading 860610",自卸式货车及货车（子目 860610 除外）,
HS,3,860691,Covered and closed,覆盖并关闭,
HS,3,860692,"Open, with non-removable sides of a height exceeding 60 cm",开放式，侧面不可拆卸，高度超过 60 厘米,
HS,3,860699,Other,其他,
HS,2,8607,Parts of railway or tramway locomotives or rolling-stock.,铁路或电车机车或车辆的零件,
HS,3,860711,Driving bogies and bissel-bogies,驾驶转向架和双转向架,
HS,3,860712,Other bogies and bissel-bogies,其他转向架和双转向架,
HS,3,860719,"Other, including parts",其他，包括零件,
HS,3,860721,Air brakes and parts thereof,空气制动器及其零件,
HS,3,860729,Other,其他,
HS,3,860730,"Hooks and other coupling devices, buffers, and parts thereof",钩子和其他连接装置、缓冲器及其零件,
HS,3,860791,Of locomotives,机车,
HS,3,860799,Other,其他,
HS,2,8608,"Railway or tramway track fixtures and fittings; mechanical (including electro-mechanical) signalling, safety or traffic control equipment for railways, tramways, roads, inland waterways, parking facilities, port installations or airfields; parts of the fo",铁路或电车轨道固定装置及配件；铁路、电车、公路、内河航道、停车设施、港口设施或机场的机械（包括机电）信号、安全或交通控制设备；,
HS,3,860800,"Railway or tramway track fixtures and fittings; mechanical (including electromechanical) signalling, safety or traffic control equipment for railways, tramways, roads, inland waterways, parking facilities, port installations or airfields; parts of the for",铁路或电车道轨道固定装置及配件；铁路、电车道、公路、内河航道、停车设施、港口设施或机场的机械（包括机电）信号、安全或交通控制设备；,
HS,2,8609,Containers (including containers for the transport of fluids) specially designed and equipped for carriage by one or more modes of transport.,专门设计和装备用于一种或多种运输方式的集装箱（包括运输流体的集装箱）,
HS,3,860900,Containers (including containers for the transport of fluids) specially designed and equipped for carriage by one or more modes of transport,专门设计和装备用于一种或多种运输方式的集装箱（包括用于运输流体的集装箱）,
HS,1,87,"VEHICLES OTHER THAN RAILWAY OR TRAMWAY ROLLING STOCK, AND PARTS AND ACCESSORIES THEREOF",除铁路或电车车辆以外的其他车辆及其零件和附件,
HS,2,8701,Tractors (other than tractors of heading 87.09).,拖拉机（税目 87.09 的拖拉机除外）,
HS,3,870110,Single axle tractors,单轴拖拉机,
HS,3,870120,Road tractors for semi-trailers,半挂车道路牵引车,
HS,3,870121,"Tractors; road tractors for semi-trailers, with only compression-ignition internal combustion piston engine (diesel or semi-diesel)",拖拉机；半挂车用公路拖拉机，仅装压燃式内燃活塞发动机（柴油或半柴油）,
HS,3,870122,"Tractors; road tractors for semi-trailers, with both compression-ignition internal combustion piston engine (diesel or semi-diesel) and electric motors for propulsion",拖拉机；半挂车用公路拖拉机，采用压燃内燃活塞发动机（柴油或半柴油）和电动机驱动,
HS,3,870123,"Tractors; road tractors for semi-trailers, with both spark-ignition internal combustion piston engine and electric motors for propulsion",拖拉机；半挂车用公路拖拉机，采用火花点火内燃活塞发动机和电动机驱动,
HS,3,870124,"Tractors; road tractors for semi-trailers, with only electric motors for propulsion",拖拉机；半挂车道路牵引车，仅采用电动机驱动,
HS,3,870129,"Tractors; road tractors for semi-trailers, with other propulsion methods n.e.c. in item no 8701.2",拖拉机；半挂车用公路拖拉机，采用项目编号 8701.2 中未列明的其他推进方式,
HS,3,870130,Track-laying tractors,履带式拖拉机,
HS,3,870190,Other,其他,
HS,3,870191,Not exceeding 18 kW,不超过18千瓦,
HS,3,870192,Exceeding 18 kW but not exceeding 37 kW,超过18千瓦但不超过37千瓦,
HS,3,870193,Exceeding 37 kW but not exceeding 75 kW,超过37千瓦但不超过75千瓦,
HS,3,870194,Exceeding 75 kW but not exceeding 130 kW,超过75千瓦但不超过130千瓦,
HS,3,870195,Exceeding 130 kW,超过130千瓦,
HS,2,8702,"Motor vehicles for the transport of ten or more persons, including the driver.",可载十人或十人以上的机动车辆，包括驾驶员,
HS,3,870210,With only compression-ignition internal combustion piston engine (diesel or semi-diesel),仅采用压燃式内燃活塞发动机（柴油或半柴油）,
HS,3,870220,With both compression-ignition internal combustion piston engine (diesel or semi-diesel) and electric motor as motors for propulsion,采用压燃式内燃活塞发动机（柴油或半柴油）和电动机作为推进动力,
HS,3,870230,With both spark-ignition internal combustion reciprocating piston engine and electric motor as motors for propulsion,采用火花点火内燃往复活塞发动机和电动机作为推进动力,
HS,3,870240,With only electric motor for propulsion,仅使用电动机推进,
HS,3,870290,Other,其他,
HS,2,8703,"Motor cars and other motor vehicles principally designed for the transport of persons (other than those of heading 87.02), including station wagons and racing cars.",主要用于载人运输的汽车及其他机动车辆（税目87.02的车辆除外），包括旅行车和赛车,
HS,3,870310,Vehicles specially designed for travelling on snow; golf cars and similar vehicles,专为雪地行驶而设计的车辆；高尔夫球车及类似车辆,
HS,3,870321,Of a cylinder capacity not exceeding 1000 cm³,气缸容量不超过1000 cm³,
HS,3,870322,Of a cylinder capacity exceeding 1000 cm³ but not exceeding 1500 cm³,气缸容量超过 1000 cm³ 但不超过 1500 cm³,
HS,3,870323,Of a cylinder capacity exceeding 1500 cm³ but not exceeding 3000 cm³,气缸容量超过 1500 cm³ 但不超过 3000 cm³,
HS,3,870324,Of a cylinder capacity exceeding 3000 cm³,气缸容量超过 3000 cm³,
HS,3,870331,Of a cylinder capacity not exceeding 1500 cm³,气缸容量不超过1500 cm³,
HS,3,870332,Of a cylinder capacity exceeding 1500 cm³ but not exceeding 2500 cm³,气缸容量超过 1500 cm³ 但不超过 2500 cm³,
HS,3,870333,Of a cylinder capacity exceeding 2500 cm³,气缸容量超过 2500 cm³,
HS,3,870340,"Other vehicles, with both spark-ignition internal combustion reciprocating piston engine and electric motor as motors for propulsion, other than those capable of being charged by plugging to external source of electric power",其他车辆，同时装有点燃往复活塞内燃发动机和电动机作为驱动装置，但可通过插入外部电源充电的车辆除外,
HS,3,870350,"Other vehicles, with both compression-ignition internal combustion piston engine (diesel or semi-diesel) and electric motor as motors for propulsion, other than those capable of being charged by plugging to external source of electric power",其他车辆，同时装有压燃式内燃活塞发动机（柴油或半柴油发动机）和电动机作为驱动装置，但可通过插入外部电源充电的车辆除外,
HS,3,870360,"Other vehicles, with both spark-ignition internal combustion reciprocating piston engine and electric motor as motors for propulsion, capable of being charged by plugging to external source of electric power",其他车辆，同时装有点燃往复活塞内燃发动机和电动机作为驱动动力，可通过插入外部电源充电,
HS,3,870370,"Other vehicles, with both compression-ignition internal combustion piston engine (diesel or semi-diesel) and electric motor as motors for propulsion, capable of being charged by plugging to external source of electric power",其他车辆，同时装有压燃式内燃活塞发动机（柴油或半柴油发动机）和电动机作为驱动动力，可通过插入外部电源充电,
HS,3,870380,"Other vehicles, with only electric motor for propulsion",仅以电动机驱动的其他车辆,
HS,3,870390,Other,其他,
HS,2,8704,Motor vehicles for the transport of goods.,用于运输货物的机动车辆,
HS,3,870410,Dumpers designed for off-highway use,专为非公路用途设计的自卸车,
HS,3,870421,Of a gross vehicle weight not exceeding 5 tonnes,车辆总重量不超过5吨,
HS,3,870422,Of a gross vehicle weight exceeding 5 tonnes but not exceeding 20 tonnes,车辆总重量超过5吨但不超过20吨,
HS,3,870423,Of a gross vehicle weight exceeding 20 tonnes,车辆总重量超过20吨,
HS,3,870431,Of a gross vehicle weight not exceeding 5 tonnes,车辆总重量不超过5吨,
HS,3,870432,Of a gross vehicle weight exceeding 5 tonnes,车辆总重量超过5吨,
HS,3,870441,"Vehicles; with both compression-ignition internal combustion piston engine (diesel/semi-diesel) and electric motor as motor for propulsion, unassembled as in section 14, (gvw not exceeding 5000kg), for the transport of goods, vans",车辆；装有压燃式内燃活塞发动机（柴油/半柴油）和电动机作为推进动力，未组装，如第14节所述（总重量不超过5000公斤），用于运输货物，厢式货车,
HS,3,870442,"Vehicles; with both compression-ignition internal combustion piston engine (diesel/semi-diesel) and electric motors for propulsion, of a g.v.w. exceeding 5,000kg but not exceeding 20,000kg","车辆；同时装有压燃式内燃活塞发动机（柴油/半柴油）和电动机作为驱动装置，总质量超过 5,000 公斤但不超过 20,000 公斤",
HS,3,870443,"Vehicles; with both compression-ignition internal combustion piston engine (diesel/semi-diesel) and electric motors for propulsion, of a g.v.w. exceeding 20,000kg","车辆；同时配备压燃式内燃活塞发动机（柴油/半柴油）和电动机作为驱动力，总重量超过 20,000 公斤",
HS,3,870451,"Vehicles; with both spark-ignition internal combustion piston engine and electric motors for propulsion, of a g.v.w. not exceeding 5,000kg","车辆；装有火花点火内燃活塞发动机和电动机驱动，总重量不超过 5,000 公斤",
HS,3,870452,"Vehicles; with both spark-ignition internal combustion piston engine and electric motors for propulsion, of a g.v.w. exceeding 5,000kg","车辆；同时装有火花点火内燃活塞发动机和电动机作为驱动装置，总重量超过 5,000 公斤",
HS,3,870460,Vehicles; with only electric motor for propulsion,仅使用电动机驱动的车辆,
HS,3,870490,Other,其他,
HS,2,8705,"mixer lorries, road sweeper lorries, spraying lorries, mobile wor",搅拌车、道路清扫车、喷洒车、移动工作车,
HS,3,870510,Crane lorries,起重机卡车,
HS,3,870520,Mobile drilling derricks,移动式钻井井架,
HS,3,870530,Fire fighting vehicles,消防车,
HS,3,870540,Concrete-mixer lorries,混凝土搅拌车,
HS,3,870590,Other,其他,
HS,2,8706,"Chassis fitted with engines, for the motor vehicles of headings 87.01 to 87.05.",装有发动机的底盘，用于税目87.01至87.05的机动车辆,
HS,3,870600,"Chassis fitted with engines, for the motor vehicles of headings 8701 to 8705",装有发动机的底盘，用于8701至8705类别的机动车辆,
HS,2,8707,"Bodies (including cabs), for the motor vehicles of headings 87.01 to 87.05.",车身（包括驾驶室），用于税目87.01至87.05的机动车辆,
HS,3,870710,For the vehicles of heading 8703,对于税目 8703 的车辆,
HS,3,870790,Other,其他,
HS,2,8708,Parts and accessories of the motor vehicles of headings 87.01 to 87.05.,87.01至87.05类别机动车辆的零件及附件,
HS,3,870810,Bumpers and parts thereof,保险杠及其零件,
HS,3,870821,Safety seat belts,安全带,
HS,3,870822,"Vehicles; parts and accessories, front windscreens (windshields), rear windows and other windows specified in subheading note 1 to this chapter",车辆；零件及附件、前挡风玻璃（挡风玻璃）、后窗及本章子目注释1规定的其他窗户,
HS,3,870829,Other,其他,
HS,3,870830,Brakes and servo-brakes; parts thereof,制动器和伺服制动器及其零件,
HS,3,870831,Mounted brake linings,安装好的刹车片,
HS,3,870839,Other,其他,
HS,3,870840,Gear boxes and parts thereof,齿轮箱及其零件,
HS,3,870850,"Drive-axles with differential, whether or not provided with other transmission components, and non-driving axles; parts thereof",带差速器的驱动桥，无论是否配备其他传动部件，以及非驱动桥；其零件,
HS,3,870860,Non-driving axles and parts thereof,非驱动桥及其零件,
HS,3,870870,Road wheels and parts and accessories thereof,公路车轮及其零件和附件,
HS,3,870880,Suspension systems and parts thereof (including shock-absorbers),悬架系统及其零件（包括减震器）,
HS,3,870891,Radiators and parts thereof,散热器及其零件,
HS,3,870892,Silencers (mufflers) and exhaust pipes; parts thereof,消音器（消声器）和排气管；其零件,
HS,3,870893,Clutches and parts thereof,离合器及其零件,
HS,3,870894,"Steering wheels, steering columns and steering boxes; parts thereof",方向盘、转向柱和转向箱；其零件,
HS,3,870895,Safety airbags with inflator system; parts thereof,带充气系统的安全气囊及其零件,
HS,3,870899,Other,其他,
HS,2,8709,"Works trucks, self-propelled, not fitted with lifting or handling equipment, of the type used in factories, warehouses, dock areas or airports for short distance transport of goods; tractors of the type used on railway station platforms; parts of the fore",未安装起重或搬运设备的自行式工程卡车，用于工厂、仓库、码头或机场短途货物运输；火车站台上使用的拖拉机；前部零件,
HS,3,870911,Electrical,电气,
HS,3,870919,Other,其他,
HS,3,870990,Parts,部分,
HS,2,8710,"Tanks and other armoured fighting vehicles, motorised, whether or not fitted with weapons, and parts of such vehicles.",坦克及其他机动装甲战车，不论是否装有武器，以及此类车辆的零件,
HS,3,871000,"Tanks and other armoured fighting vehicles, motorised, whether or not fitted with weapons, and parts of such vehicles",坦克及其他机动装甲战车，不论是否装有武器，以及此类车辆的零件,
HS,2,8711,"Motorcycles (including mopeds) and cycles fitted with an auxiliary motor, with or without side-cars; side-cars.",摩托车（包括轻便摩托车）和装有辅助发动机的自行车，无论有无边车；边车,
HS,3,871110,With reciprocating internal combustion piston engine of a cylinder capacity not exceeding 50 cm³,气缸容量不超过50cm³的往复式内燃活塞发动机,
HS,3,871120,With reciprocating internal combustion piston engine of a cylinder capacity exceeding 50 cm³ but not exceeding 250 cm³,气缸容量超过 50 cm³ 但不超过 250 cm³ 的往复式内燃活塞发动机,
HS,3,871130,With reciprocating internal combustion piston engine of a cylinder capacity exceeding 250 cm³ but not exceeding 500 cm³,气缸容量超过 250 cm³ 但不超过 500 cm³ 的往复式内燃活塞发动机,
HS,3,871140,With reciprocating internal combustion piston engine of a cylinder capacity exceeding 500 cm³ but not exceeding 800 cm³,气缸容量超过 500 cm³ 但不超过 800 cm³ 的往复式内燃活塞发动机,
HS,3,871150,With reciprocating internal combustion piston engine of a cylinder capacity exceeding 800 cm³,气缸容量超过800cm³的往复式内燃活塞发动机,
HS,3,871160,With electric motor for propulsion,采用电动机推进,
HS,3,871190,Other,其他,
HS,2,8712,"Bicycles and other cycles (including delivery tricycles), not motorised.",非机动自行车及其他自行车（包括送货三轮车）,
HS,3,871200,"Bicycles and other cycles (including delivery tricycles), not motorised",非机动自行车及其他自行车（包括送货三轮车）,
HS,2,8713,"Carriages for disabled persons, whether or not motorised or otherwise mechanically propelled.",残疾人专用车厢，不论是否机动或以其他机械方式驱动,
HS,3,871310,Not mechanically propelled,非机械驱动,
HS,3,871390,Other,其他,
HS,2,8714,Parts and accessories of vehicles of headings 87.11 to 87.13.,税目 87.11 至 87.13 所列车辆的零件及附件,
HS,3,871410,Of motorcycles (including mopeds),摩托车（包括轻便摩托车）,
HS,3,871411,Saddles,马鞍,
HS,3,871419,Other,其他,
HS,3,871420,Of carriages for disabled persons,残疾人车厢,
HS,3,871491,"Frames and forks, and parts thereof",车架、车叉及其零件,
HS,3,871492,Wheel rims and spokes,轮辋和辐条,
HS,3,871493,"Hubs, other than coaster braking hubs and hub brakes, and free-wheel sprocket-wheels",轮毂（除脚踏刹车轮毂和轮毂制动器外）和飞轮链轮,
HS,3,871494,"Brakes, including coaster braking hubs and hub brakes, and parts thereof",制动器，包括脚踏制动轮毂和轮毂制动器及其零件,
HS,3,871495,Saddles,马鞍,
HS,3,871496,"Pedals and crank-gear, and parts thereof",踏板、曲柄装置及其零件,
HS,3,871499,Other,其他,
HS,2,8715,Baby carriages and parts thereof.,婴儿车及其零件,
HS,3,871500,Baby carriages and parts thereof,婴儿车及其零件,
HS,2,8716,"Trailers and semi-trailers; other vehicles, not mechanically propelled; parts thereof.",拖车和半拖车；其他非机械驱动的车辆；其零件,
HS,3,871610,"Trailers and semi-trailers of the caravan type, for housing or camping",用于居住或露营的大篷车类型的拖车和半拖车,
HS,3,871620,Self-loading or self-unloading trailers and semi-trailers for agricultural purposes,农业用自装自卸拖车和半挂车,
HS,3,871631,Tanker trailers and tanker semi-trailers,油罐拖车和油罐半挂车,
HS,3,871639,Other,其他,
HS,3,871640,Other trailers and semi-trailers,其他拖车和半挂车,
HS,3,871680,Other vehicles,其他车辆,
HS,3,871690,Parts,部分,
HS,1,88,"AIRCRAFT, SPACECRAFT, AND PARTS THEREOF",飞机、航天器及其零件,
HS,2,8801,powered aircraft.,动力飞机,
HS,3,880100,"Balloons and dirigibles; gliders, hang gliders and other non-powered aircraft",气球和飞艇；滑翔机、悬挂式滑翔机和其他无动力飞机,
HS,3,880110,Gliders and hang gliders,滑翔机和悬挂式滑翔机,
HS,3,880190,Other,其他,
HS,2,8802,"Other aircraft (for example, helicopters, aeroplanes); spacecraft (including satellites) and suborbital and spacecraft launch vehicles.",其他航空器（例如直升机、固定翼飞机）；航天器（包括卫星）以及亚轨道和航天器运载火箭,
HS,3,880211,Of an unladen weight not exceeding 2000 kg,空载重量不超过2000公斤,
HS,3,880212,Of an unladen weight exceeding 2000 kg,空载重量超过2000公斤,
HS,3,880220,"Aeroplanes and other aircraft, of an unladen weight not exceeding 2000 kg",空载重量不超过2000公斤的飞机和其他航空器,
HS,3,880230,"Aeroplanes and other aircraft, of an unladen weight exceeding 2000 kg but not exceeding 15000 kg",空载重量超过 2000 公斤但不超过 15000 公斤的飞机和其他航空器,
HS,3,880240,"Aeroplanes and other aircraft, of an unladen weight exceeding 15000 kg",空载重量超过15000公斤的飞机和其他航空器,
HS,3,880250,Spacecraft (including satellites) and spacecraft launch vehicles,航天器（包括卫星）和航天器运载火箭,
HS,3,880260,Spacecraft (including satellites) and suborbital and spacecraft launch vehicles,航天器（包括卫星）以及亚轨道和航天器运载火箭,
HS,2,8803,Parts of goods of heading 88.01 or 88.02.,税目 88.01 或 88.02 所列货物的零件,
HS,3,880310,Propellers and rotors and parts thereof,螺旋桨、转子及其零件,
HS,3,880320,Undercarriages and parts thereof,起落架及其零件,
HS,3,880330,Other parts of aeroplanes or helicopters,飞机或直升机的其他部件,
HS,3,880390,Other,其他,
HS,2,8804,Parachutes (including dirigible parachutes and paragliders) and rotochutes; parts thereof and accessories thereto.,降落伞（包括飞艇降落伞和滑翔伞）和旋转降落伞；其零件和附件,
HS,3,880400,Parachutes (including dirigible parachutes and paragliders) and rotochutes; parts thereof and accessories thereto,降落伞（包括飞艇降落伞和滑翔伞）和旋转降落伞；其零件和附件,
HS,2,8805,Aircraft launching gear; deck-arrestor or similar gear; ground flying trainers; parts of the foregoing articles.,飞机发射装置；甲板拦阻装置或类似装置；地面飞行教练机；前述物品的零件,
HS,3,880510,Aircraft launching gear and parts thereof; deck-arrestor or similar gear and parts thereof,飞机发射装置及其零件；甲板拦阻装置或类似装置及其零件,
HS,3,880520,Ground flying trainers and parts thereof,地面飞行教练机及其零件,
HS,3,880521,Air combat simulators and parts thereof,空战模拟器及其零件,
HS,3,880529,Other,其他,
HS,2,8806,Unmanned aircraft,无人机,
HS,3,880610,Unmanned aircraft; for carriage of passengers,无人驾驶飞机；用于载客,
HS,3,880621,"Unmanned aircraft; for remote-controlled flight only, for other than for carriage of passengers, with the maximum take-off weight of not more than 250g",无人驾驶飞机；仅用于遥控飞行，非用于载客，最大起飞重量不超过250克,
HS,3,880622,"Unmanned aircraft; for remote-controlled flight only, for other than for carriage of passengers, with the maximum take-off weight of more than 250g but not more than 7kg",无人驾驶飞机；仅用于遥控飞行，非用于载客，最大起飞重量超过 250 克但不超过 7 公斤,
HS,3,880623,"Unmanned aircraft; for remote-controlled flight only, for other than for carriage of passengers, with the maximum take-off weight of more than 7kg but not more than 25kg",无人驾驶飞机；仅用于遥控飞行，非用于载客，最大起飞重量超过7公斤但不超过25公斤,
HS,3,880624,"Unmanned aircraft; for remote-controlled flight only, for other than for carriage of passengers, with the maximum take-off weight of more than 25kg but not more than 150kg",无人驾驶飞机；仅用于遥控飞行，非用于载客，最大起飞重量超过 25 公斤但不超过 150 公斤,
HS,3,880629,"Unmanned aircraft; for remote-controlled flight only, for other than for carriage of passengers, with the maximum take-off weight of more than 150kg",无人驾驶飞机；仅用于遥控飞行，非用于载客，最大起飞重量超过150公斤,
HS,3,880691,Unmanned aircraft; for other than remote-controlled flight and other than for carriage of passengers with a maximum take-off weight not more than 250g,无人驾驶飞机；用于非遥控飞行和非载客飞行，最大起飞重量不超过 250 克,
HS,3,880692,Unmanned aircraft; for other than remote-controlled flight and other than for carriage of passengers with a maximum take-off weight more than 250g but not more than 7kg,无人驾驶飞机；用于非遥控飞行且非载客，最大起飞重量超过 250 克但不超过 7 公斤,
HS,3,880693,Unmanned aircraft; for other than remote-controlled flight and other than for carriage of passengers with a maximum take-off weight more than 7kg but not more than 25kg,无人驾驶飞机；用于非遥控飞行且非载客，最大起飞重量超过 7 公斤但不超过 25 公斤,
HS,3,880694,Unmanned aircraft; for other than remote-controlled flight and other than for carriage of passengers with a maximum take-off weight more than 25kg but not more than 150kg,无人驾驶飞机；用于非遥控飞行且非载客，最大起飞重量超过 25 公斤但不超过 150 公斤,
HS,3,880699,Unmanned aircraft; for other than remote-controlled flight and other than for carriage of passengers with a maximum take-off weight more than 150kg,无人驾驶飞机；用于非遥控飞行且非载客，最大起飞重量超过 150 公斤,
HS,2,8807,"Aircraft; parts of goods of heading 8801, 8802 or 8806",飞机；税目 8801、8802 或 8806 所列货物的零件,
HS,3,880710,Aircraft and spacecraft; propellers and rotors and parts thereof,飞机和航天器；螺旋桨和旋翼及其零件,
HS,3,880720,Aircraft and spacecraft; under-carriages and parts thereof,飞机和航天器；起落架及其零件,
HS,3,880730,"Aircraft and spacecraft; parts of aeroplanes, helicopters or unmanned aircraft n.e.c. in heading no. 8807",航空器和航天器；飞机、直升机或无人机的零件（税号 8807 除外）,
HS,3,880790,Aircraft and spacecraft; parts thereof n.e.c. in chapter 88,飞机和航天器；第88章未列明的其零件,
HS,1,89,"SHIPS, BOATS AND FLOATING STRUCTURES",船舶、船只和浮动结构,
HS,2,8901,"Cruise ships, excursion boats, ferry-boats, cargo ships, barges and similar vessels for the transport of persons or goods.",游船、游览船、渡船、货船、驳船及类似用于载客或载货的船舶,
HS,3,890110,"Cruise ships, excursion boats and similar vessels principally designed for the transport of persons; ferry-boats of all kinds",主要用于载客的游轮、游览船及类似船舶；各种渡船,
HS,3,890120,Tankers,油轮,
HS,3,890130,"Refrigerated vessels, other than those of subheading 890120",冷藏容器，除子目890120的容器外,
HS,3,890190,Other vessels for the transport of goods and other vessels for the transport of both persons and goods,其他货物运输船舶和其他客货两用船舶,
HS,2,8902,Fishing vessels; factory ships and other vessels for processing or preserving fishery products.,渔业船舶、加工船及其他加工或保藏水产品的船舶,
HS,3,890200,Fishing vessels; factory ships and other vessels for processing or preserving fishery products,渔船、加工船及其他用于加工或保藏水产品的船舶,
HS,2,8903,Yachts and other vessels for pleasure or sports; rowing boats and canoes.,游艇和其他用于娱乐或运动的船只；划艇和独木舟,
HS,3,890310,Inflatable,充气的,
HS,3,890311,"Yachts and other vessels; for pleasure or sports, inflatable (including rigid hull inflatable), fitted or designed to be fitted with a motor, unladen (net) weight (excluding the motor) not exceeding 100kg",游艇和其他船舶；用于娱乐或运动，充气式（包括刚性船体充气式），装有或设计为装有发动机，空载（净）重量（不包括发动机）不超过100公斤,
HS,3,890312,"Yachts and other vessels; for pleasure or sports, inflatable (including rigid hull inflatable), not designed to be used with a motor and unladen (net) weight not exceeding 100kg",游艇和其他船舶；用于娱乐或运动，充气式（包括刚性船体充气式），不设计用于发动机且空载（净）重量不超过 100 公斤,
HS,3,890319,"Yachts and other vessels; for pleasure or sports, inflatable (including rigid hull inflatable), unladen (net) weight exceeding 100kg",游艇和其他船舶；用于娱乐或运动，充气式（包括刚性船体充气式），空载（净）重量超过 100 公斤,
HS,3,890321,"Sailboats; (other than inflatable) with or without auxiliary motor, for pleasure or sports, of a length not exceeding 7.5m",帆船（充气式除外），无论是否带辅助马达，用于休闲或运动，长度不超过7.5米,
HS,3,890322,"Sailboats; (other than inflatable) with or without auxiliary motor, for pleasure or sports, of a length exceeding 7.5m but not exceeding 24m",帆船（充气式除外），无论是否带辅助马达，用于休闲或运动，长度超过7.5米但不超过24米,
HS,3,890323,"Sailboats; (other than inflatable) with or without auxiliary motor, for pleasure or sports, of a length exceeding 24m",帆船（充气式除外），无论是否带辅助马达，用于休闲或运动，长度超过24米,
HS,3,890331,"Motorboats; (other than outboard motorboats), for pleasure or sports, other than inflatable, of a length not exceeding 7.5m",机动船（舷外机动船除外），用于休闲或运动，非充气式，长度不超过7.5米,
HS,3,890332,"Motorboats; (other than outboard motorboats), for pleasure or sports, other than inflatable, of a length exceeding 7.5m but not exceeding 24m",机动船（舷外机动船除外），用于休闲或运动，非充气式，长度超过7.5米但不超过24米,
HS,3,890333,"Motorboats; (other than outboard motorboats), for pleasure or sports, other than inflatable, of a length exceeding 24m",机动船（舷外机动船除外），用于休闲或运动，非充气式，长度超过24米,
HS,3,890391,"Sailboats, with or without auxiliary motor",帆船，无论有无辅助马达,
HS,3,890392,"Motor boats, other than outboard motor boats",机动船（舷外机动船除外）,
HS,3,890393,"Vessels; (other than sailboats and motorboats), for pleasure or sports, other than inflatable, of a length not exceeding 7.5m",长度不超过 7.5 米的充气式船只（帆船和摩托艇除外），用于休闲或运动，,
HS,3,890399,Other,其他,
HS,2,8904,Tugs and pusher craft.,拖船和推船,
HS,3,890400,Tugs and pusher craft,拖船和推船,
HS,2,8905,"Light-vessels, fire-floats, dredgers, floating cranes and other vessels the navigability of which is subsidiary to their main function; floating docks; floating or submersible drilling or production platforms.",灯船、消防船、挖泥船、浮动起重机及其他以航行为主要功能的船舶；浮动船坞；浮动或潜水钻井或生产平台,
HS,3,890510,Dredgers,挖泥船,
HS,3,890520,Floating or submersible drilling or production platforms,浮动或潜水钻井或生产平台,
HS,3,890590,Other,其他,
HS,2,8906,"Other vessels, including warships and lifeboats other than rowing boats.",其他船舶，包括军舰和除划艇以外的救生艇,
HS,3,890600,"Other vessels, including warships and lifeboats other than rowing boats",其他船舶，包括军舰和除划艇以外的救生艇,
HS,3,890610,Warships,战舰,
HS,3,890690,Other,其他,
HS,2,8907,"dams, landing-stages, buoys and beacons).",水坝、码头、浮标和信标）,
HS,3,890710,Inflatable rafts,充气筏,
HS,3,890790,Other,其他,
HS,2,8908,Vessels and other floating structures for breaking up.,需要拆解的船舶和其他浮动结构,
HS,3,890800,Vessels and other floating structures for breaking up,船舶和其他浮动结构的拆解,
HS,1,90,"OPTICAL, PHOTOGRAPHIC, CINEMATOGRAPHIC, MEASURING, CHECKING, PRECISION, MEDICAL OR SURGICAL INSTRUMENTS AND APPARATUS; PARTS AND ACCESSORIES THEREOF",光学、摄影、电影摄影、测量、检查、精密、医疗或外科仪器和设备及其零件和附件,
HS,2,9001,"Optical fibres and optical fibre bundles; optical fibre cables other than those of heading 85.44; sheets and plates of polarising material; lenses (including contact lenses), prisms, mirrors and other optical elements, of any material, unmounted, other th",光纤及光纤束；除税目85.44以外的光纤光缆；偏振材料片及板；任何材料制成的透镜（包括隐形眼镜）、棱镜、镜子及其他光学元件，未经装配，其他,
HS,3,900110,"Optical fibres, optical fibre bundles and cables",光纤、光纤束和光缆,
HS,3,900120,Sheets and plates of polarising material,极化材料片和板,
HS,3,900130,Contact lenses,隐形眼镜,
HS,3,900140,Spectacle lenses of glass,玻璃眼镜片,
HS,3,900150,Spectacle lenses of other materials,其他材质的眼镜片,
HS,3,900190,Other,其他,
HS,2,9002,"Lenses, prisms, mirrors and other optical elements, of any material, mounted, being parts of or fittings for instruments or apparatus, other than such elements of glass not optically worked.",透镜、棱镜、镜子和其他光学元件，任何材料制成，已安装，作为仪器或设备的零件或配件，但未经光学加工的玻璃元件除外,
HS,3,900211,"For cameras, projectors or photographic enlargers or reducers",用于照相机、投影仪或摄影放大机或缩小机,
HS,3,900219,Other,其他,
HS,3,900220,Filters,过滤器,
HS,3,900290,Other,其他,
HS,2,9003,"Frames and mountings for spectacles, goggles or the like, and parts thereof.",眼镜、护目镜或类似物的框架和支架及其零件,
HS,3,900311,Of plastics,塑料,
HS,3,900319,Of other materials,其他材料,
HS,3,900390,Parts,部分,
HS,2,9004,"Spectacles, goggles and the like, corrective, protective or other.",眼镜、护目镜及类似物，矫正用、防护用或其他,
HS,3,900410,Sunglasses,太阳镜,
HS,3,900490,Other,其他,
HS,2,9005,"Binoculars, monoculars, other optical telescopes, and mountings therefor; other astronomical instruments and mountings therefor, but not including instruments for radio-astronomy.",双筒望远镜、单筒望远镜、其他光学望远镜及其架座；其他天文仪器及其架座，但不包括射电天文学仪器,
HS,3,900510,Binoculars,双筒望远镜,
HS,3,900580,Other instruments,其他仪器,
HS,3,900590,Parts and accessories (including mountings),零件和附件（包括安装件）,
HS,2,9006,Photographic (other than cinematographic) cameras; photographic flashlight apparatus and flashbulbs other than discharge lamps of heading 85.39.,照相机（电影摄影除外）；摄影闪光装置及闪光灯泡（税目 85.39 的放电灯除外）,
HS,3,900610,Cameras of a kind used for preparing printing plates or cylinders,用于准备印版或滚筒的照相机,
HS,3,900620,"Cameras of a kind used for recording documents on microfilm, microfiche or other microforms",用于在缩微胶片、缩微胶片或其他缩微品上记录文件的相机,
HS,3,900630,"Cameras specially designed for underwater use, for aerial survey or for medical or surgical examination of internal organs; comparison cameras for forensic or criminological purposes",专为水下使用、航空勘测或内脏医学或外科检查而设计的相机；用于法医或犯罪学目的的比较相机,
HS,3,900640,Instant print cameras,即时打印相机,
HS,3,900651,"With a through-the-lens viewfinder (single lens reflex (SLR)), for roll film of a width not exceeding 35 mm",配有镜头取景器（单镜头反光相机 (SLR)），适用于宽度不超过 35 毫米的胶卷,
HS,3,900652,"Other, for roll film of a width less than 35 mm",其他，用于宽度小于35毫米的卷筒胶片,
HS,3,900653,"Other, for roll film of a width of 35 mm",其他，适用于宽度为35毫米的卷筒胶片,
HS,3,900659,Other,其他,
HS,3,900661,Discharge lamp (electronic) flashlight apparatus,放电灯（电子）闪光装置,
HS,3,900662,"Flashbulbs, flashcubes and the like",闪光灯、闪光灯块等,
HS,3,900669,Other,其他,
HS,3,900691,For cameras,对于相机,
HS,3,900699,Other,其他,
HS,2,9007,"Cinematographic cameras and projectors, whether or not incorporating sound recording or reproducing apparatus.",电影摄影机和放映机，无论是否装有录音或放音设备,
HS,3,900710,Cameras,相机,
HS,3,900711,For film of less than 16 mm width or for double-8 mm film,适用于宽度小于 16 毫米的胶片或双 8 毫米胶片,
HS,3,900719,Other,其他,
HS,3,900720,Projectors,投影仪,
HS,3,900721,For film of less than 16 mm width,适用于宽度小于 16 毫米的薄膜,
HS,3,900729,Other,其他,
HS,3,900791,For cameras,对于相机,
HS,3,900792,For projectors,对于投影仪,
HS,2,9008,"Image projectors, other than cinematographic; photographic (other than cinematographic) enlargers and reducers.",图像投影仪（电影除外）；摄影（电影除外）放大机和缩小机,
HS,3,900810,Slide projectors,幻灯机,
HS,3,900820,"Microfilm, microfiche or other microform readers, whether or not capable of producing copies",缩微胶片、缩微胶片或其他缩微阅读器，无论是否能够制作副本,
HS,3,900830,Other image projectors,其他图像投影仪,
HS,3,900840,Photographic (other than cinematographic) enlargers and reducers,摄影（电影除外）放大机和缩小机,
HS,3,900850,"Projectors, enlargers and reducers",投影仪、放大机和缩小机,
HS,3,900890,Parts and accessories,零件和配件,
HS,2,9009,Photocopying apparatus incorporating an optical system or of the contact type and thermo-copying apparatus,装有光学系统或接触式的影印装置和热敏复印装置,
HS,3,900911,Operating by reproducing the original image directly onto the copy (direct process),将原始图像直接复制到副本上进行操作（直接处理）,
HS,3,900912,Operating by reproducing the original image via an intermediate onto the copy (indirect process),通过中间体将原始图像复制到副本上进行操作（间接过程）,
HS,3,900921,Incorporating an optical system,结合光学系统,
HS,3,900922,Of the contact type,接触型,
HS,3,900930,Thermo-copying apparatus,热敏复印机,
HS,3,900990,Parts and accessories,零件和配件,
HS,3,900991,Automatic document feeders,自动送纸器,
HS,3,900992,Paper feeders,送纸器,
HS,3,900993,Sorters,分拣机,
HS,3,900999,Other,其他,
HS,2,9010,"Apparatus and equipment for photographic (including cinematographic) laboratories, not specified or included elsewhere in this Chapter; negatoscopes; projection screens.",本章其他品目未列明的照相（包括电影）实验室用仪器及设备；负片镜；投影屏,
HS,3,901010,Apparatus and equipment for automatically developing photographic (including cinematographic) film or paper in rolls or for automatically exposing developed film to rolls of photographic paper,自动冲洗卷筒摄影（包括电影摄影）胶片或相纸或自动将已冲洗的胶片曝光于卷筒摄影纸的装置和设备,
HS,3,901020,Other apparatus and equipment for photographic (including cinematographic) laboratories; negatoscopes,摄影（包括电影摄影）实验室用的其他仪器和设备；负片镜,
HS,3,901030,Projection screens,投影屏幕,
HS,3,901041,Wafer apparatus,晶圆装置,
HS,3,901042,Step and repeat aligners,步进重复对准器,
HS,3,901049,Other,其他,
HS,3,901050,Other apparatus and equipment for photographic (including cinematographic) laboratories; negatoscopes,摄影（包括电影摄影）实验室用的其他仪器和设备；负片镜,
HS,3,901060,Projection screens,投影屏幕,
HS,3,901090,Parts and accessories,零件和配件,
HS,2,9011,"Compound optical microscopes, including those for photomicrography, cinephotomicrography or microprojection.",复合光学显微镜，包括用于显微摄影、电影显微摄影或微投影的显微镜,
HS,3,901110,Stereoscopic microscopes,立体显微镜,
HS,3,901120,"Other microscopes, for photomicrography, cinephotomicrography or microprojection",其他显微镜，用于显微摄影、电影显微摄影或显微投影,
HS,3,901180,Other microscopes,其他显微镜,
HS,3,901190,Parts and accessories,零件和配件,
HS,2,9012,Microscopes other than optical microscopes; diffraction apparatus.,除光学显微镜之外的显微镜；衍射仪器,
HS,3,901210,Microscopes other than optical microscopes; diffraction apparatus,光学显微镜以外的显微镜；衍射仪器,
HS,3,901290,Parts and accessories,零件和配件,
HS,2,9013,"Liquid crystal devices not constituting articles provided for more specifically in other headings; lasers, other than laser diodes; other optical appliances and instruments, not specified or included elsewhere in this Chapter.",不属于其他品目所列物品的液晶器件；激光器（激光二极管除外）；本章其他章节未列明或包括的其他光学器具及仪器,
HS,3,901310,"Telescopic sights for fitting to arms; periscopes; telescopes designed to form parts of machines, appliances, instruments or apparatus of this chapter or Section XVI",安装在武器上的望远镜；潜望镜；设计用于构成本章或第十六节的机器、器具、仪器或装置零件的望远镜,
HS,3,901320,"Lasers, other than laser diodes",激光器（激光二极管除外）,
HS,3,901380,"Other devices, appliances and instruments",其他设备、器具和仪器,
HS,3,901390,Parts and accessories,零件和配件,
HS,2,9014,Direction finding compasses; other navigational instruments and appliances.,测向罗盘；其他导航仪器和设备,
HS,3,901410,Direction finding compasses,测向罗盘,
HS,3,901420,Instruments and appliances for aeronautical or space navigation (other than compasses),航空或航天导航仪器和设备（罗盘除外）,
HS,3,901480,Other instruments and appliances,其他仪器及器具,
HS,3,901490,Parts and accessories,零件和配件,
HS,2,9015,"Surveying (including photogrammetrical surveying), hydrographic, oceanographic, hydrological, meteorological or geophysical instruments and appliances, excluding compasses; rangefinders.",测量（包括摄影测量）、水文、海洋、水文、气象或地球物理仪器和器具，不包括指南针；测距仪,
HS,3,901510,Rangefinders,测距仪,
HS,3,901520,Theodolites and tachymeters (tacheometers),经纬仪和测速仪（准距仪）,
HS,3,901530,Levels,级别,
HS,3,901540,Photogrammetrical surveying instruments and appliances,摄影测量测量仪器和设备,
HS,3,901580,Other instruments and appliances,其他仪器及器具,
HS,3,901590,Parts and accessories,零件和配件,
HS,2,9016,"Balances of a sensitivity of 5 cg or better, with or without weights.",灵敏度为 5 cg 或更高的天平，带或不带砝码,
HS,3,901600,"Balances of a sensitivity of 5 cg or better, with or without weights",灵敏度为 5 cg 或更高的天平，带或不带砝码,
HS,2,9017,"Drawing, marking-out or mathematical calculating instruments (for example, drafting machines, pantographs, protractors, drawing sets, slide rules, disc calculators); instruments for measuring length, for use in the hand (for example, measuring rods and ta",绘图、划线或数学计算仪器（例如，绘图机、缩放仪、量角器、绘图套件、计算尺、圆盘计算器）；手持测量长度的仪器（例如，测量杆和量尺）,
HS,3,901710,"Drafting tables and machines, whether or not automatic",绘图桌和机器，无论是否自动,
HS,3,901720,"Other drawing, marking-out or mathematical calculating instruments",其他绘图、划线或数学计算工具,
HS,3,901730,"Micrometers, callipers and gauges",千分尺、卡尺和量规,
HS,3,901780,Other instruments,其他仪器,
HS,3,901790,Parts and accessories,零件和配件,
HS,2,9018,"Instruments and appliances used in medical, surgical, dental or veterinary sciences, including scintigraphic apparatus, other electro-medical apparatus and sight-testing instruments.",用于医学、外科、牙科或兽医学的仪器和器具，包括闪烁扫描设备、其他电子医疗设备和视力测试仪器,
HS,3,901811,Electrocardiographs,心电图仪,
HS,3,901812,Ultrasonic scanning apparatus,超声波扫描仪,
HS,3,901813,Magnetic resonance imaging apparatus,磁共振成像仪,
HS,3,901814,Scintigraphic apparatus,闪烁显像仪,
HS,3,901819,Other,其他,
HS,3,901820,Ultraviolet or infra-red ray apparatus,紫外线或红外线仪器,
HS,3,901831,"Syringes, with or without needles",注射器（带针或不带针）,
HS,3,901832,Tubular metal needles and needles for sutures,管状金属针和缝合针,
HS,3,901839,Other,其他,
HS,3,901841,"Dental drill engines, whether or not combined on a single base with other dental equipment",牙科钻机，无论是否与其他牙科设备组合在同一个底座上,
HS,3,901849,Other,其他,
HS,3,901850,Other ophthalmic instruments and appliances,其他眼科仪器及器具,
HS,3,901890,Other instruments and appliances,其他仪器及器具,
HS,2,9019,"Mechano-therapy appliances; massage apparatus; psychological aptitude-testing apparatus; ozone therapy, oxygen therapy, aerosol therapy, artificial respiration or other therapeutic respiration apparatus.",机械治疗器具；按摩器械；心理能力测试仪器；臭氧治疗、氧气治疗、气雾治疗、人工呼吸或其他治疗性呼吸设备,
HS,3,901910,Mechano-therapy appliances; massage apparatus; psychological aptitude-testing apparatus,机械治疗器具；按摩仪器；心理能力测试仪器,
HS,3,901920,"Ozone therapy, oxygen therapy, aerosol therapy, artificial respiration or other therapeutic respiration apparatus",臭氧疗法、氧气疗法、气雾疗法、人工呼吸或其他治疗性呼吸装置,
HS,2,9020,"Other breathing appliances and gas masks, excluding protective masks having neither mechanical parts nor replaceable filters.",其他呼吸器具及防毒面具，不包括既无机械部件又无可更换过滤器的防护面具,
HS,3,902000,"Other breathing appliances and gas masks, excluding protective masks having neither mechanical parts nor replaceable filters",其他呼吸器具及防毒面具，不包括既无机械部件又无可更换过滤器的防护面具,
HS,2,9021,"Orthopaedic appliances, including crutches, surgical belts and trusses; splints and other fracture appliances; artificial parts of the body; hearing aids and other appliances which are worn or carried, or implanted in the body, to compensate for a defect",矫形器具，包括拐杖、手术带和绷带；夹板和其他骨折器具；人造身体部位；助听器和其他佩戴、携带或植入体内以弥补缺陷的器具,
HS,3,902110,Orthopaedic or fracture appliances,矫形或骨折器械,
HS,3,902111,Artificial joints,人工关节,
HS,3,902119,Other,其他,
HS,3,902121,Artificial teeth,假牙,
HS,3,902129,Other,其他,
HS,3,902130,Other artificial parts of the body,其他人造身体部位,
HS,3,902131,Artificial joints,人工关节,
HS,3,902139,Other,其他,
HS,3,902140,"Hearing aids, excluding parts and accessories",助听器（不包括零件和配件）,
HS,3,902150,"Pacemakers for stimulating heart muscles, excluding parts and accessories",用于刺激心肌的起搏器，不包括零件和附件,
HS,3,902190,Other,其他,
HS,2,9022,"Apparatus based on the use of X-rays or of alpha, beta or gamma radiations, whether or not for medical, surgical, dental or veterinary uses, including radiography or radiotherapy apparatus, X-ray tubes and other X-ray generators, high tension generators,",基于X射线或α、β或γ射线的装置，不论是否用于医疗、外科、牙科或兽医用途，包括放射照相或放射治疗装置、X射线管和其他X射线发生器、高压发生器，,
HS,3,902211,"For medical, surgical, dental or veterinary uses",用于医疗、外科、牙科或兽医用途,
HS,3,902212,Computed tomography apparatus,计算机断层扫描设备,
HS,3,902213,"Other, for dental uses",其他，用于牙科,
HS,3,902214,"Other, for medical, surgical or veterinary uses",其他，用于医疗、外科或兽医用途,
HS,3,902219,For other uses,其他用途,
HS,3,902221,"For medical, surgical, dental or veterinary uses",用于医疗、外科、牙科或兽医用途,
HS,3,902229,For other uses,其他用途,
HS,3,902230,X-ray tubes,X射线管,
HS,3,902290,"Other, including parts and accessories",其他，包括零件和附件,
HS,2,9023,"Instruments, apparatus and models, designed for demonstrational purposes (for example, in education or exhibitions), unsuitable for other uses.",为演示目的（例如，在教育或展览中）而设计的仪器、设备和模型，不适合用于其他用途,
HS,3,902300,"Instruments, apparatus and models, designed for demonstrational purposes (for example, in education or exhibitions), unsuitable for other uses",为演示目的（例如，用于教育或展览）而设计的仪器、设备和模型，不适合其他用途,
HS,2,9024,"Machines and appliances for testing the hardness, strength, compressibility, elasticity or other mechanical properties of materials (for example, metals, wood, textiles, paper, plastics).",用于测试材料（例如金属、木材、纺织品、纸张、塑料）的硬度、强度、压缩性、弹性或其他机械特性的机器和器具,
HS,3,902410,Machines and appliances for testing metals,金属检测机器和器具,
HS,3,902480,Other machines and appliances,其他机器和器具,
HS,3,902490,Parts and accessories,零件和配件,
HS,2,9025,"Hydrometers and similar floating instruments, thermometers, pyrometers, barometers, hygrometers and psychrometers, recording or not, and any combination of these instruments.",比重计和类似的浮动仪器、温度计、高温计、气压计、湿度计和干湿计（无论是否记录）以及这些仪器的任意组合,
HS,3,902511,"Liquid-filled, for direct reading",充满液体，可直接读数,
HS,3,902519,Other,其他,
HS,3,902520,"Barometers, not combined with other instruments",气压计，不与其他仪器组合,
HS,3,902580,Other instruments,其他仪器,
HS,3,902590,Parts and accessories,零件和配件,
HS,2,9026,"Instruments and apparatus for measuring or checking the flow, level, pressure or other variables of liquids or gases (for example, flow meters, level gauges, manometers, heat meters), excluding instruments and apparatus of heading 90.14, 90.15, 90.28 or 9",用于测量或检查液体或气体的流量、液位、压力或其他变量的仪器和装置（例如，流量计、液位计、压力计、热量表），不包括税目 90.14、90.15、90.28 或 90.29 的仪器和装置,
HS,3,902610,For measuring or checking the flow or level of liquids,用于测量或检查液体的流量或液位,
HS,3,902620,For measuring or checking pressure,用于测量或检查压力,
HS,3,902680,Other instruments or apparatus,其他仪器或装置,
HS,3,902690,Parts and accessories,零件和配件,
HS,2,9027,"Instruments and apparatus for physical or chemical analysis (for example, polarimeters, refractometers, spectrometers, gas or smoke analysis apparatus); instruments and apparatus for measuring or checking viscosity, porosity, expansion, surface tension or",用于物理或化学分析的仪器和装置（例如，旋光仪、折射仪、光谱仪、气体或烟雾分析仪）；用于测量或检查粘度、孔隙率、膨胀率、表面张力或,
HS,3,902710,Gas or smoke analysis apparatus,气体或烟雾分析仪,
HS,3,902720,Chromatographs and electrophoresis instruments,色谱仪和电泳仪,
HS,3,902730,"Spectrometers, spectrophotometers and spectrographs using optical radiation (UV, visible, IR)",使用光辐射（紫外线、可见光、红外线）的光谱仪、分光光度计和光谱仪,
HS,3,902740,Exposure meters,曝光表,
HS,3,902750,"Other instruments and apparatus using optical radiation (UV, visible, IR)",其他使用光辐射（紫外线、可见光、红外线）的仪器和设备,
HS,3,902780,Other instruments and apparatus,其他仪器及设备,
HS,3,902781,"Instruments and apparatus; for physical or chemical analysis, for measuring or checking viscosity, porosity, expansion, surface tension or quantities of heat, sound or light, mass spectrometers",仪器和设备；用于物理或化学分析，用于测量或检查粘度、孔隙率、膨胀率、表面张力或热量、声音或光的量，质谱仪,
HS,3,902789,"Instruments and apparatus; for physical or chemical analysis, for measuring or checking viscosity, porosity, expansion, surface tension or quantities of heat, sound or light, exposure meters",仪器和设备；用于物理或化学分析，用于测量或检查粘度、孔隙率、膨胀率、表面张力或热量、声音或光的量，曝光计,
HS,3,902790,Microtomes; parts and accessories,切片机；零件和配件,
HS,2,9028,"Gas, liquid or electricity supply or production meters, including calibrating meters therefor.",气体、液体或电力供应或生产仪表，包括校准仪表,
HS,3,902810,Gas meters,燃气表,
HS,3,902820,Liquid meters,液体仪表,
HS,3,902830,Electricity meters,电表,
HS,3,902890,Parts and accessories,零件和配件,
HS,2,9029,"Revolution counters, production counters, taximeters, mileometers, pedometers and the like; speed indicators and tachometers, other than those of heading 90.14 or 90.15; stroboscopes.",转速表、产量计数器、里程表、步数表及类似物；车速表及转速表，但税目90.14或90.15的货品除外；频闪仪,
HS,3,902910,"Revolution counters, production counters, taximeters, milometers, pedometers and the like",转速表、产量表、计程器、里程表、计步器等,
HS,3,902920,Speed indicators and tachometers; stroboscopes,速度指示器和转速表；频闪仪,
HS,3,902990,Parts and accessories,零件和配件,
HS,2,9030,"Oscilloscopes, spectrum analysers and other instruments and apparatus for measuring or checking electrical quantities, excluding meters of heading 90.28; instruments and apparatus for measuring or detecting alpha, beta, gamma, X-ray, cosmic or other ionis",示波器、频谱分析仪及其他用于测量或检验电量的仪器及装置，但不包括税号90.28的仪表；用于测量或探测α、β、γ、X射线、宇宙射线或其他离子的仪器及装置,
HS,3,903010,Instruments and apparatus for measuring or detecting ionising radiation,用于测量或检测电离辐射的仪器和设备,
HS,3,903020,Oscilloscopes and oscillographs,示波器和示波器,
HS,3,903031,"Multimeters, without a recording device",万用表，不带记录装置,
HS,3,903032,"Multimeters, with a recording device",万用表，带记录装置,
HS,3,903033,"Other, without a recording device",其他，无录音设备,
HS,3,903039,"Other, with a recording device",其他，带有录音设备,
HS,3,903040,"Other instruments and apparatus, specially designed for telecommunications (for example, cross-talk meters, gain measuring instruments, distortion factor meters, psophometers)",专为电信设计的其他仪器和设备（例如，串音计、增益测量仪、失真因数计、噪声计）,
HS,3,903081,With a recording device,带有录音设备,
HS,3,903082,For measuring or checking semiconductor wafers or devices,用于测量或检查半导体晶片或器件,
HS,3,903083,"Other, with a recording device",其他，带有录音设备,
HS,3,903084,"Other, with a recording device",其他，带有录音设备,
HS,3,903089,Other,其他,
HS,3,903090,Parts and accessories,零件和配件,
HS,2,9031,"Measuring or checking instruments, appliances and machines, not specified or included elsewhere in this Chapter; profile projectors.",本章其他部分未列名的测量或检验仪器、器具及机器；轮廓投影仪,
HS,3,903110,Machines for balancing mechanical parts,机械零件平衡机,
HS,3,903120,Test benches,测试台,
HS,3,903130,Profile projectors,轮廓投影仪,
HS,3,903140,Other optical instruments and appliances,其他光学仪器及器具,
HS,3,903141,For inspecting semiconductor wafers or devices or for inspecting photomasks or reticles used in manufacturing semiconductor devices,用于检查半导体晶圆或器件，或用于检查制造半导体器件时使用的光掩模或光罩,
HS,3,903149,Other,其他,
HS,3,903180,"Other instruments, appliances and machines",其他仪器、器具及机器,
HS,3,903190,Parts and accessories,零件和配件,
HS,2,9032,Automatic regulating or controlling instruments and apparatus.,自动调节或控制仪器和设备,
HS,3,903210,Thermostats,恒温器,
HS,3,903220,Manostats,稳压器,
HS,3,903281,Hydraulic or pneumatic,液压或气动,
HS,3,903289,Other,其他,
HS,3,903290,Parts and accessories,零件和配件,
HS,2,9033,"Parts and accessories (not specified or included elsewhere in this Chapter) for machines, appliances, instruments or apparatus of Chapter 90.",第九十章机器、器具、仪器或装置的零件及附件（本章其他章节未列名）,
HS,3,903300,"Parts and accessories (not specified or included elsewhere in this chapter) for machines, appliances, instruments or apparatus of Chapter 90",第90章机器、器具、仪器或装置的零件及附件（本章其他部分未列名或未包括）,
HS,1,91,CLOCKS AND WATCHES AND PARTS THEREOF,钟表及其零件,
HS,2,9101,"Wrist-watches, pocket-watches and other watches, including stop-watches, with case of precious metal or of metal clad with precious metal.",手表、怀表及其他手表（包括秒表），表壳由贵金属制成或由包贵金属制成,
HS,3,910111,With mechanical display only,仅带机械显示,
HS,3,910112,With opto-electronic display only,仅采用光电显示,
HS,3,910119,Other,其他,
HS,3,910121,With automatic winding,自动上弦,
HS,3,910129,Other,其他,
HS,3,910191,Electrically operated,电动,
HS,3,910199,Other,其他,
HS,2,9102,"Wrist-watches, pocket-watches and other watches, including stop-watches, other than those of heading 91.01.",手表、怀表及其他手表，包括秒表，但税目 91.01 的货品除外,
HS,3,910211,With mechanical display only,仅带机械显示,
HS,3,910212,With opto-electronic display only,仅采用光电显示,
HS,3,910219,Other,其他,
HS,3,910221,With automatic winding,自动上弦,
HS,3,910229,Other,其他,
HS,3,910291,Electrically operated,电动,
HS,3,910299,Other,其他,
HS,2,9103,"Clocks with watch movements, excluding clocks of heading 91.04.",装有表芯的钟表，但不包括税目 91.04 的钟表,
HS,3,910310,Electrically operated,电动,
HS,3,910390,Other,其他,
HS,2,9104,"Instrument panel clocks and clocks of a similar type for vehicles, aircraft, spacecraft or vessels.",车辆、飞机、航天器或船舶的仪表板时钟和类似类型的时钟,
HS,3,910400,"Instrument panel clocks and clocks of a similar type for vehicles, aircraft, spacecraft or vessels",车辆、飞机、航天器或船舶的仪表板时钟和类似类型的时钟,
HS,2,9105,Other clocks.,其他时钟,
HS,3,910511,Electrically operated,电动,
HS,3,910519,Other,其他,
HS,3,910521,Electrically operated,电动,
HS,3,910529,Other,其他,
HS,3,910591,Electrically operated,电动,
HS,3,910599,Other,其他,
HS,2,9106,"registers, time-recorders).",寄存器、时间记录器）,
HS,3,910610,Time-registers; time-recorders,时间记录器；时间记录器,
HS,3,910620,Parking meters,停车收费表,
HS,3,910690,Other,其他,
HS,2,9107,Time switches with clock or watch movement or with synchronous motor.,带有时钟或手表机芯或同步电机的定时开关,
HS,3,910700,"Time switches, with clock or watch movement or with synchronous motor",定时开关，带有钟表机芯或同步电机,
HS,2,9108,"Watch movements, complete and assembled.",观看机芯，完整且已组装,
HS,3,910811,With mechanical display only or with a device to which a mechanical display can be incorporated,仅配备机械显示屏或配备可并入机械显示屏的设备,
HS,3,910812,With opto-electronic display only,仅采用光电显示,
HS,3,910819,Other,其他,
HS,3,910820,With automatic winding,自动上弦,
HS,3,910890,Other,其他,
HS,3,910891,Measuring 33.8 mm or less,尺寸不超过 33.8 毫米,
HS,3,910899,Other,其他,
HS,2,9109,"Clock movements, complete and assembled.",时钟机芯，完整且已组装,
HS,3,910910,Electrically operated,电动,
HS,3,910911,Of alarm clocks,闹钟,
HS,3,910919,Other,其他,
HS,3,910990,Other,其他,
HS,2,9110,"Complete watch or clock movements, unassembled or partly assembled (movement sets); incomplete watch or clock movements, assembled; rough watch or clock movements.",完整的手表或钟表机芯，未组装或部分组装（机芯组）；不完整的手表或钟表机芯，已组装；毛坯手表或钟表机芯,
HS,3,911011,"Complete movements, unassembled or partly assembled (movement sets)",完整机芯，未组装或部分组装（机芯套装）,
HS,3,911012,"Incomplete movements, assembled",未完成的动作，已组装,
HS,3,911019,Rough movements,动作粗鲁,
HS,3,911090,Other,其他,
HS,2,9111,Watch cases and parts thereof.,表壳及其零件,
HS,3,911110,Cases of precious metal or of metal clad with precious metal,贵金属或包贵金属的表壳,
HS,3,911120,or silver-plated,或镀银,
HS,3,911180,Other cases,其他情况,
HS,3,911190,Parts,部分,
HS,2,9112,"Clock cases and cases of a similar type for other goods of this Chapter, and parts thereof.",钟壳和本章其他货物的类似壳及其零件,
HS,3,911210,Cases of metal,金属外壳,
HS,3,911220,Cases,案例,
HS,3,911280,Other cases,其他情况,
HS,3,911290,Parts,部分,
HS,2,9113,"Watch straps, watch bands and watch bracelets, and parts thereof.",表带、表带、表链及其零件,
HS,3,911310,Of precious metal or of metal clad with precious metal,贵金属或包贵金属,
HS,3,911320,or silver-plated,或镀银,
HS,3,911390,Other,其他,
HS,2,9114,Other clock or watch parts.,其他钟表零件,
HS,3,911410,"Springs, including hairsprings",弹簧，包括游丝,
HS,3,911420,Jewels,珠宝,
HS,3,911430,Dials,表盘,
HS,3,911440,Plates and bridges,底板和桥板,
HS,3,911490,Other,其他,
HS,1,92,MUSICAL INSTRUMENTS; PARTS AND ACCESSORIES OF SUCH ARTICLES,乐器及其零件和配件,
HS,2,9201,"Pianos, including automatic pianos; harpsichords and other keyboard stringed instruments.",钢琴，包括自动钢琴；大键琴和其他键盘弦乐器,
HS,3,920110,Upright pianos,立式钢琴,
HS,3,920120,Grand pianos,三角钢琴,
HS,3,920190,Other,其他,
HS,2,9202,"Other string musical instruments (for example, guitars, violins, harps).",其他弦乐器（例如吉他、小提琴、竖琴）,
HS,3,920210,Played with a bow,用弓演奏,
HS,3,920290,Other,其他,
HS,2,9203,Keyboard pipe organs; harmoniums and similar keyboard instruments with free metal reeds (excl. string musical instruments),键盘管风琴；簧风琴及类似的带有自由金属簧片的键盘乐器（弦乐器除外）,
HS,3,920300,Keyboard pipe organs; harmoniums and similar keyboard instruments with free metal reeds.,键盘管风琴；簧风琴以及类似的带有自由金属簧片的键盘乐器,
HS,2,9204,Accordions and similar instruments; mouth organs,手风琴及类似乐器；口琴,
HS,3,920410,Accordions and similar instruments,手风琴和类似乐器,
HS,3,920420,Mouth organs,口器,
HS,2,9205,"Wind musical instruments (for example, keyboard pipe organs, accordions, clarinets, trumpets, bagpipes), other than fairground organs and mechanical street organs.",除游乐场风琴和机械街头风琴之外的管乐器（例如，键盘管风琴、手风琴、单簧管、小号、风笛）,
HS,3,920510,Brass-wind instruments,铜管乐器,
HS,3,920590,Other,其他,
HS,2,9206,"Percussion musical instruments (for example, drums, xylophones, cymbals, castanets, maracas).",打击乐器（例如，鼓、木琴、钹、响板、沙球）,
HS,3,920600,"Percussion musical instruments (for example, drums, xylophones, cymbals, castanets, maracas)",打击乐器（例如，鼓、木琴、钹、响板、沙球）,
HS,2,9207,"Musical instruments, the sound of which is produced, or must be amplified, electrically (for example, organs, guitars, accordions).",以电的方式产生声音或必须通过电放大声音的乐器（例如，风琴、吉他、手风琴）,
HS,3,920710,"Keyboard instruments, other than accordions",除手风琴之外的键盘乐器,
HS,3,920790,Other,其他,
HS,2,9208,blown so,吹得如此,
HS,3,920810,Musical boxes,音乐盒,
HS,3,920890,Other,其他,
HS,2,9209,"Parts (for example, mechanisms for musical boxes) and accessories (for example, cards, discs and rolls for mechanical instruments) of musical instruments; metronomes, tuning forks and pitch pipes of all kinds.",乐器的零件（例如，音乐盒的机械装置）和附件（例如，机械乐器的卡片、圆盘和卷轴）；各种节拍器、音叉和音笛,
HS,3,920910,"Metronomes, tuning forks and pitch pipes",节拍器、音叉和音笛,
HS,3,920920,Mechanisms for musical boxes,音乐盒机制,
HS,3,920930,Musical instrument strings,乐器弦,
HS,3,920991,Parts and accessories for pianos,钢琴零件和配件,
HS,3,920992,Parts and accessories for the musical instruments of heading 9202,税目 9202 所列乐器的零件及配件,
HS,3,920993,Parts and accessories for the musical instruments of heading 92.03,税目92.03所列乐器的零件及附件,
HS,3,920994,Parts and accessories for the musical instruments of heading 9207,税目 9207 所列乐器的零件及配件,
HS,3,920999,Other,其他,
HS,1,93,ARMS AND AMMUNITION; PARTS AND ACCESSORIES THEREOF,武器、弹药及其零件和附件,
HS,2,9301,"Military weapons, other than revolvers, pistols and the arms of heading 93.07.",军用武器，除左轮手枪、手枪和税目 93.07 的武器外,
HS,3,930100,"Military weapons, other than revolvers, pistols and the arms of heading No. 93.07",军用武器，除左轮手枪、手枪和税号 93.07 的武器外,
HS,3,930110,"Artillery weapons (for example, guns, howitzers and mortars)",火炮武器（例如，枪支、榴弹炮和迫击炮）,
HS,3,930111,Self-propelled,自走式,
HS,3,930119,Other,其他,
HS,3,930120,Rocket launchers; flame-throwers; grenade launchers; torpedo tubes and similar projectors,火箭发射器；火焰喷射器；榴弹发射器；鱼雷发射管及类似投射器,
HS,3,930190,Other,其他,
HS,2,9302,"Revolvers and pistols, other than those of heading 93.03 or 93.04.",左轮手枪及手枪，但税目 93.03 或 93.04 除外,
HS,3,930200,"Revolvers and pistols, other than those of heading 9303 or 9304",左轮手枪及手枪，但税目 9303 或 9304 除外,
HS,2,9303,"Other firearms and similar devices which operate by the firing of an explosive charge (for example, sporting shotguns and rifles, muzzle-loading firearms, Very pistols and other devices designed to project only signal flares, pistols and revolvers for fir",其他通过发射爆炸物操作的枪支和类似装置（例如，运动猎枪和步枪、前膛装填枪支、手枪和其他仅用于发射信号弹的装置、用于射击的手枪和左轮手枪）,
HS,3,930310,Muzzle-loading firearms,前膛装填枪械,
HS,3,930320,"Other sporting, hunting or target-shooting shotguns, including combination shotgun-rifles",其他运动、狩猎或射击用霰弹枪，包括组合式霰弹枪,
HS,3,930330,"Other sporting, hunting or target-shooting rifles",其他运动、狩猎或射击步枪,
HS,3,930390,Other,其他,
HS,2,9304,"Other arms (for example, spring, air or gas guns and pistols, truncheons), excluding those of heading 93.07.",其他武器（例如，弹簧枪、气枪或气气手枪、警棍），但税目 93.07 的货品除外,
HS,3,930400,"Other arms (for example, spring, air or gas guns and pistols, truncheons), excluding those of heading 9307",其他武器（例如，弹簧枪、气枪或气枪、手枪、警棍），不包括税目 9307 的武器,
HS,2,9305,Parts and accessories of articles of headings 93.01 to 93.04.,税目 93.01 至 93.04 所列物品的零件及附件,
HS,3,930510,Of revolvers or pistols,左轮手枪或手枪,
HS,3,930520,Of shotguns or rifles of heading 9303,猎枪或9303类步枪,
HS,3,930521,Shotgun barrels,霰弹枪枪管,
HS,3,930529,Other,其他,
HS,3,930590,Other,其他,
HS,3,930591,Of military weapons of heading 9301,9301 类军用武器,
HS,3,930599,Other,其他,
HS,2,9306,"Bombs, grenades, torpedoes, mines, missiles and similar munitions of war and parts thereof; cartridges and other ammunition and projectiles and parts thereof, including shot and cartridge wads.",炸弹、手榴弹、鱼雷、水雷、导弹和类似的战争弹药及其零件；子弹和其他弹药、射弹及其零件，包括弹头和弹塞,
HS,3,930610,Bolt humane killers and parts thereof,博尔特人道屠杀枪及其零件,
HS,3,930621,Cartridges,墨盒,
HS,3,930629,Other,其他,
HS,3,930630,Other cartridges and parts thereof,其他墨盒及其零件,
HS,3,930690,Other,其他,
HS,2,9307,"Swords, cutlasses, bayonets, lances and similar arms and parts thereof and scabbards and sheaths therefor.",剑、短弯刀、刺刀、长矛和类似武器及其零件、刀鞘和鞘,
HS,3,930700,"Swords, cutlasses, bayonets, lances and similar arms and parts thereof and scabbards and sheaths therefor",剑、短剑、刺刀、长矛和类似武器及其零件以及剑鞘和鞘,
HS,1,94,"FURNITURE; BEDDING, MATTRESSES, MATTRESS SUPPORTS, CUSHIONS AND SIMILAR STUFFED FURNISHINGS; LAMPS AND LIGHTING FITTINGS, NOT ELSEWHERE SPECIFIED OR INCLUDED; ILLUMINATED SIGNS, ILLUMINATED NAMEPLATES AND THE LIKE; PREFABRICATED BUILDINGS",家具；寝具、床垫、床垫支架、靠垫及类似的填充家具；未在其他地方指定或包括的灯具和照明设备；发光标志、发光铭牌及类似品；预制建筑物,
HS,2,9401,"Seats (other than those of heading 94.02), whether or not convertible into beds, and parts thereof.",座椅（税目 94.02 的座椅除外），不论是否可转换成床，及其零件,
HS,3,940110,Seats of a kind used for aircraft,用于飞机的座椅,
HS,3,940120,Seats of a kind used for motor vehicles,用于机动车辆的一种座椅,
HS,3,940130,Swivel seats with variable height adjustment,可旋转座椅，高度可调,
HS,3,940131,"Seats; swivel with variable height adjustment of wood, excluding medical, surgical, dental, veterinary or barber furniture",座椅；可旋转且高度可调的木制座椅，不包括医疗、外科、牙科、兽医或理发家具,
HS,3,940139,"Seats; swivel with variable height adjustment of other than wood, excluding medical, surgical, dental, veterinary or barber furniture",座椅；可旋转且高度可调的非木质座椅，不包括医疗、外科、牙科、兽医或理发家具,
HS,3,940140,"Seats other than garden seats or camping equipment, convertible into beds",除花园座椅或露营设备外的可转换成床的座椅,
HS,3,940141,"Seats; convertible into beds of wood, other than garden seats or camping equipment",座椅；可转换成木床，除花园座椅或露营设备外,
HS,3,940149,"Seats; convertible into beds of other than wood, other than garden seats or camping equipment",座椅；可转换成床，由非木质材料制成，花园座椅或露营设备除外,
HS,3,940150,"Seats of cane, osier, bamboo or similar materials",藤条、柳条、竹子或类似材料制成的座椅,
HS,3,940151,Of bamboo or rattan,竹子或藤条,
HS,3,940152,Of bamboo,竹子,
HS,3,940153,Of rattan,藤条,
HS,3,940159,Other,其他,
HS,3,940161,Upholstered,软垫,
HS,3,940169,Other,其他,
HS,3,940171,Upholstered,软垫,
HS,3,940179,Other,其他,
HS,3,940180,Other seats,其他座位,
HS,3,940190,Parts,部分,
HS,3,940191,"Seats; parts, of wood, (other than for use in the assembly of motor vehicles as determined by the minister, other than automotive)",座椅；木制零件（部长确定的用于机动车辆组装的除外，汽车除外）,
HS,3,940199,"Seats; parts, (of other than wood) for use in the assembly of motor vehicles as determined by the minister",座椅；部长确定的用于机动车辆组装的部件（非木质材料）,
HS,2,9402,"Medical, surgical, dental or veterinary furniture (for example, operating tables, examination tables, hospital beds with mechanical fittings, dentists' chairs); barbers' chairs and similar chairs, having rotating as well as both reclining and elevating mo",医疗、外科、牙科或兽医用家具（例如，手术台、检查台、带机械配件的病床、牙医椅）；理发椅及类似椅子，具有旋转、倾斜和升降功能,
HS,3,940210,"Dentists', barbers' or similar chairs and parts thereof",牙医、理发师或类似的椅子及其零件,
HS,3,940290,Other,其他,
HS,2,9403,Other furniture and parts thereof.,其他家具及其零件,
HS,3,940310,Metal furniture of a kind used in offices,一种用于办公室的金属家具,
HS,3,940320,Other metal furniture,其他金属家具,
HS,3,940330,Wooden furniture of a kind used in offices,一种用于办公室的木制家具,
HS,3,940340,Wooden furniture of a kind used in the kitchen,厨房用木制家具,
HS,3,940350,Wooden furniture of a kind used in the bedroom,卧室使用的木制家具,
HS,3,940360,Other wooden furniture,其他木制家具,
HS,3,940370,Furniture of plastics,塑料家具,
HS,3,940380,"Furniture of other materials, including cane, osier, bamboo or similar materials",其他材料（包括藤条、柳条、竹子或类似材料）制成的家具,
HS,3,940381,Of bamboo or rattan,竹子或藤条,
HS,3,940382,Of bamboo,竹子,
HS,3,940383,Of rattan,藤条,
HS,3,940389,Other,其他,
HS,3,940390,Parts,部分,
HS,3,940391,"Furniture; parts, of wood",木制家具；零件,
HS,3,940399,"Furniture; parts, of other than wood",家具；非木制零件,
HS,2,9404,"Mattress supports; articles of bedding and similar furnishing (for example, mattresses, quilts, eiderdowns, cushions, pouffes and pillows) fitted with springs or stuffed or internally fitted with any material or of cellular rubber or plastics, whether or",床垫支架；装有弹簧或填充或内部装有任何材料或泡沫橡胶或塑料的床上用品和类似家具（例如床垫、棉被、鸭绒被、坐垫、坐垫和枕头），不论,
HS,3,940410,Mattress supports,床垫支撑,
HS,3,940421,"Of cellular rubber or plastics, whether or not covered",泡沫橡胶或塑料制成，无论是否覆盖,
HS,3,940429,Of other materials,其他材料,
HS,3,940430,Sleeping bags,睡袋,
HS,3,940440,"Quilts, bedspreads, eiderdowns and duvets (comforters)",被子、床罩、鸭绒被和羽绒被（棉被）,
HS,3,940490,Other,其他,
HS,2,9405,"Lamps and lighting fittings including searchlights and spotlights and parts thereof, not elsewhere specified or included; illuminated signs, illuminated name-plates and the like, having a permanently fixed light source, and parts thereof not elsewhere spe",灯具和照明装置，包括探照灯和聚光灯及其零件，未在其他地方指定或包括；具有永久固定光源的照明标志、照明铭牌等，以及未在其他地方指定的零件,
HS,3,940510,"Chandeliers and other electric ceiling or wall lighting fittings, excluding those of a kind used for lighting public open spaces or thoroughfares",枝形吊灯和其他电动天花板或墙壁照明装置，不包括用于照明公共开放空间或通道的装置,
HS,3,940511,"Luminaires and light fittings; chandeliers and electric ceiling or wall light fittings; (excluding those used for lighting public open spaces or thoroughfares), for use solely with light-emitting diode (LED) light sources",灯具和照明装置；枝形吊灯和电动天花板或壁灯装置；（不包括用于照明公共开放空间或通道的灯具和照明装置），仅与发光二极管（LED）光源一起使用,
HS,3,940519,"Chandeliers and electric ceiling or wall light fittings; (excluding those used for lighting public open spaces or thoroughfares), for use other than with light-emitting diode (LED) light sources",枝形吊灯和电动天花板或墙壁灯具；（不包括用于照明公共开放空间或通道的灯具），用于除发光二极管（LED）光源以外的用途,
HS,3,940520,"Electric table, desk, bedside or floor-standing lamps",电动台灯、书桌灯、床头灯或落地灯,
HS,3,940521,"Luminaires and light fittings; electric, table, desk, bedside or floor-standing, for use solely with light-emitting diode (LED) light sources",灯具和照明设备；电动、桌面、书桌、床边或落地式，仅与发光二极管（LED）光源一起使用,
HS,3,940529,"Luminaires and light fittings; electric, table, desk, bedside or floor-standing, for other than use solely with light-emitting diode (LED) light sources",灯具和照明设备；电动、桌面、书桌、床边或落地式，不仅适用于发光二极管（LED）光源,
HS,3,940530,Lighting sets of a kind used for Christmas trees,用于圣诞树的灯饰,
HS,3,940531,"Luminaires and light fittings; electric, lighting strings of a kind used for Christmas trees, for use solely with light-emitting diode (LED) light sources",灯具和照明设备；用于圣诞树的电动灯串，仅与发光二极管（LED）光源一起使用,
HS,3,940539,"Luminaires and light fittings; electric, lighting strings of a kind used for Christmas trees, for other than use solely with light-emitting diode (LED) light sources",灯具和照明设备；用于圣诞树的电动照明灯串，不仅适用于发光二极管（LED）光源,
HS,3,940540,Other electric lamps and lighting fittings,其他电灯及照明装置,
HS,3,940541,"Luminaires and light fittings; electric, photovoltaic, designed for use solely with light-emitting diode (LED) light sources",灯具和照明设备；电动、光伏，仅设计用于发光二极管（LED）光源,
HS,3,940542,"Luminaires and light fittings; electric, designed for use solely with light-emitting diode (LED) light sources",灯具和照明装置；电动，仅设计用于发光二极管（LED）光源,
HS,3,940549,"Luminaires and light fittings; electric, designed for other than use solely with light-emitting diode (LED) light sources",灯具和照明装置；电动，设计用于除单独使用发光二极管（LED）光源以外的用途,
HS,3,940550,Non-electrical lamps and lighting fittings,非电气灯具和照明装置,
HS,3,940560,"Illuminated signs, illuminated nameplates and the like",发光标志、发光铭牌等,
HS,3,940561,"Luminaires; illuminated signs, illuminated name-plates and the like, designed for use solely with light-emitting diode (LED) light sources",灯具；照明标志、照明铭牌及类似品，仅设计用于发光二极管（LED）光源,
HS,3,940569,"Luminaires; illuminated signs, illuminated name-plates and the like, designed for other than use solely with light-emitting diode (LED) light sources",灯具；发光标志、发光铭牌等，设计用于非仅与发光二极管（LED）光源一起使用,
HS,3,940591,Of glass,玻璃的,
HS,3,940592,Of plastics,塑料,
HS,3,940599,Other,其他,
HS,2,9406,Prefabricated buildings.,预制建筑,
HS,3,940600,Prefabricated buildings.,预制建筑,
HS,3,940610,Of wood,木材,
HS,3,940620,"Buildings; modular building units, of steel",建筑物；钢制模块化建筑单元,
HS,3,940690,Other,其他,
HS,1,95,"TOYS, GAMES AND SPORTS REQUISITES; PARTS AND ACCESSORIES THEREOF",玩具、游戏和运动用品及其零件和配件,
HS,2,9501,"Wheeled toys designed to be ridden by children, e.g. tricycles, scooters, pedal cars (excl. normal bicycles with ball bearings); dolls'' carriages",供儿童骑乘的带轮玩具，例如三轮车、滑板车、脚踏车（不包括带滚珠轴承的普通自行车）；娃娃车,
HS,3,950100,"Wheeled toys designed to be ridden by children (for example, tricycles, scooters, pedal cars); dolls' carriages.",供儿童骑乘的带轮玩具（例如三轮车、滑板车、脚踏车）；娃娃车,
HS,2,9502,Dolls representing only human beings,仅代表人类的玩偶,
HS,3,950210,"Dolls, whether or not dressed",玩偶，无论是否穿衣服,
HS,3,950291,"Garments and accessories therefor, footwear and headgear",服装及服饰、鞋帽,
HS,3,950299,Other,其他,
HS,2,9503,"Tricycles, scooters, pedal cars and similar wheeled toys; dolls' carriages; dolls; other toys; reduced-size (""scale"") models and similar recreational models, working or not; puzzles of all kinds.",三轮车、滑板车、脚踏车及类似的有轮玩具；玩具车；玩偶；其他玩具；缩小尺寸（“比例”）模型和类似的娱乐模型，无论是否能用；各种拼图,
HS,3,950300,"Tricycles, scooters, pedal cars and similar wheeled toys; dolls' carriages; dolls; other toys; reduced-size (‘scale’) models and similar recreational models, working or not; puzzles of all kinds",三轮车、滑板车、脚踏车及类似的有轮玩具；娃娃车；玩偶；其他玩具；缩小尺寸（“比例”）模型及类似的娱乐模型，无论是否能用；各种拼图,
HS,3,950310,"Electric trains, including tracks, signals and other accessories therefor",电动火车，包括轨道、信号及其他附件,
HS,3,950320,"Reduced-size (""scale'') model assembly kits, whether or not working models, excluding those of subheading 9503.10",缩小尺寸（“比例”）模型组装套件，无论是否为工作模型，但不包括子目 9503.10 中的模型,
HS,3,950330,Other construction sets and constructional toys,其他建筑套装和建筑玩具,
HS,3,950341,Stuffed,塞满,
HS,3,950349,Other,其他,
HS,3,950350,Toy musical instruments and apparatus,玩具乐器和器具,
HS,3,950360,Puzzles,谜题,
HS,3,950370,"Other toys, put up in sets or outfits",其他成套或成套的玩具,
HS,3,950380,"Other toys and models, incorporating a motor",其他装有马达的玩具及模型,
HS,3,950390,Other,其他,
HS,2,9504,"Video game consoles and machines, articles for funfair, table or parlour games, including pintables, billiards, special tables for casino games and automatic bowling alley equipment.",视频游戏机和机器、游乐场、桌上或室内游戏用具，包括弹球机、台球机、赌场游戏专用桌和自动保龄球馆设备,
HS,3,950410,Video games of a kind used with a television receiver,与电视接收器一起使用的视频游戏,
HS,3,950420,Articles and accessories for billiards of all kinds,各类台球用品及配件,
HS,3,950430,"Other games, operated by coins, banknotes, bank cards, tokens or by any other means of payment, other than automatic bowling alley equipment",除自动保龄球馆设备外，使用硬币、纸币、银行卡、代币或任何其他支付方式操作的其他游戏,
HS,3,950440,Playing cards,扑克牌,
HS,3,950450,"Video game consoles and machines, other than those of subheading 950430",除子目 950430 之外的视频游戏机和机器,
HS,3,950490,Other,其他,
HS,2,9505,"Festive, carnival or other entertainment articles, including conjuring tricks and novelty jokes.",节日、狂欢节或其他娱乐物品，包括魔术和新奇笑话,
HS,3,950510,Articles for Christmas festivities,圣诞节庆祝活动文章,
HS,3,950590,Other,其他,
HS,2,9506,"Articles and equipment for general physical exercise, gymnastics, athletics, other sports (including table-tennis) or outdoor games, not specified or included elsewhere in this Chapter; swimming pools and paddling pools.",本章其他部分未列名或未包括的一般体育锻炼、体操、田径、其他运动（包括乒乓球）或户外游戏用的物品及设备；游泳池和戏水池,
HS,3,950611,Skis,滑雪板,
HS,3,950612,Ski-fastenings (ski-bindings),滑雪紧固件（滑雪固定器）,
HS,3,950619,Other,其他,
HS,3,950621,Sailboards,帆板,
HS,3,950629,Other,其他,
HS,3,950631,"Clubs, complete",俱乐部，完整,
HS,3,950632,Balls,球,
HS,3,950639,Other,其他,
HS,3,950640,Articles and equipment for table tennis,乒乓球用品和设备,
HS,3,950651,"Lawn-tennis rackets, whether or not strung",草地网球拍，不论是否穿线,
HS,3,950659,Other,其他,
HS,3,950661,Lawn-tennis balls,草地网球,
HS,3,950662,Inflatable,充气的,
HS,3,950669,Other,其他,
HS,3,950670,"Ice skates and roller skates, including skating boots with skates attached",冰鞋和旱冰鞋，包括带溜冰鞋的滑冰靴,
HS,3,950691,"Articles and equipment for general physical exercise, gymnastics or athletics",用于一般体育锻炼、体操或田径运动的物品和设备,
HS,3,950699,Other,其他,
HS,2,9507,"Fishing rods, fish-hooks and other line fishing tackle; fish landing nets, butterfly nets and similar nets; decoy “birds” (other than those of heading 92.08 or 97.05) and similar hunting or shooting requisites.",钓鱼竿、鱼钩及其他线钓用具；抄鱼网、蝴蝶网及类似网；诱饵“鸟”（税目 92.08 或 97.05 的货品除外）及类似的狩猎或射击用品,
HS,3,950710,Fishing rods,钓鱼竿,
HS,3,950720,"Fish-hooks, whether or not snelled",鱼钩，无论是否带钩,
HS,3,950730,Fishing reels,钓鱼卷轴,
HS,3,950790,Other,其他,
HS,2,9508,"Roundabouts, swings, shooting galleries and other fairground amusements; travelling circuses and travelling menageries; travelling theatres.",旋转木马、秋千、射击场和其他游乐场娱乐设施；流动马戏团和流动动物园；流动剧院,
HS,3,950800,"Roundabouts, swings, shooting galleries and other fairground amusements; travelling circuses, travelling menageries and travelling theatres",旋转木马、秋千、射击场和其他游乐场娱乐设施；流动马戏团、流动动物园和流动剧院,
HS,3,950810,Travelling circuses and travelling menageries,流动马戏团和流动动物园,
HS,3,950821,Amusement park rides and water park amusements; Roller coasters,游乐园游乐设施和水上乐园娱乐设施；过山车,
HS,3,950822,"Amusement park rides and water park amusements; carousels, swings and roundabouts",游乐园游乐设施和水上乐园娱乐设施；旋转木马、秋千和旋转木马,
HS,3,950823,Amusement park rides and water park amusements; dodge'em cars,游乐园的游乐设施和水上乐园的娱乐活动；碰碰车,
HS,3,950824,Amusement park rides and water park amusements; motion simulators and moving theatres,游乐园游乐设施和水上乐园娱乐设施；运动模拟器和移动剧院,
HS,3,950825,Amusement park rides and water park amusements; water rides,游乐园游乐设施和水上乐园娱乐设施；水上游乐设施,
HS,3,950826,Amusement park rides and water park amusements; water park amusements,游乐园游乐设施和水上乐园娱乐设施；水上乐园娱乐设施,
HS,3,950829,"Amusement park rides and water park amusements; other than roller coasters, carousels, swings, roundabouts, dodge'em cars, motion simulators and moving theatres, water rides and water park amusements",游乐园游乐设施和水上乐园娱乐设施；除过山车、旋转木马、秋千、旋转木马、碰碰车、运动模拟器和移动影院、水上游乐设施和水上乐园娱乐设施外,
HS,3,950830,Fairground amusements; including shooting galleries,游乐场娱乐活动；包括射击场,
HS,3,950840,Travelling theatres,流动剧院,
HS,3,950890,Other,其他,
HS,1,96,MISCELLANEOUS MANUFACTURED ARTICLES,杂项制品,
HS,2,9601,"of-pearl and other animal carving material, and articles of these materials (including articles obtained by moulding).",珍珠和其他动物雕刻材料，以及这些材料的制品（包括通过模制获得的物品）,
HS,3,960110,Worked ivory and articles of ivory,加工象牙及象牙制品,
HS,3,960190,Other,其他,
HS,2,9602,"Worked vegetable or mineral carving material and articles of these materials; moulded or carved articles of wax, of stearin, of natural gums or natural resins or of modelling pastes, and other moulded or carved articles, not elsewhere specified or include",加工过的植物或矿物雕刻材料及这些材料的制品；用蜡、硬脂、天然树胶或天然树脂或造型膏制成的模制或雕刻品，以及其他未在其他地方列明或包括的模制或雕刻品,
HS,3,960200,"Worked vegetable or mineral carving material and articles of these materials; moulded or carved articles of wax, of stearin, of natural gums or natural resins or of modelling pastes, and other moulded or carved articles, not elsewhere specified or include",加工过的植物或矿物雕刻材料及这些材料的制品；用蜡、硬脂、天然树胶或天然树脂或造型膏制成的模制或雕刻品，以及其他未在其他地方列明或包括的模制或雕刻品,
HS,2,9603,"Brooms, brushes (including brushes constituting parts of machines, appliances or vehicles), hand-operated mechanical floor sweepers, not motorised, mops and feather dusters; prepared knots and tufts for broom or brush making; paint pads and rollers; squee",扫帚、刷子（包括构成机器、器具或车辆零件的刷子）、非机动的手动机械地板清扫机、拖把和鸡毛掸子；用于制作扫帚或刷子的准备好的节和簇绒；油漆垫和滚筒；刮水器,
HS,3,960310,"Brooms and brushes, consisting of twigs or other vegetable materials bound together, with or without handles",扫帚和刷子，由树枝或其他植物材料捆绑而成，有或无手柄,
HS,3,960321,"Toothbrushes, including dental-plate brushes",牙刷，包括牙板刷,
HS,3,960329,Other,其他,
HS,3,960330,"Artists' brushes, writing brushes and similar brushes for the application of cosmetics",美术刷、书写刷及类似化妆品用刷,
HS,3,960340,"Paint, distemper, varnish or similar brushes (other than brushes of subheading 960330); paint pads and rollers",油漆刷、水性涂料刷、清漆刷或类似的刷子（子目960330的刷子除外）；油漆垫和滚筒,
HS,3,960350,"Other brushes constituting parts of machines, appliances or vehicles",构成机器、器具或车辆零件的其他刷子,
HS,3,960390,Other,其他,
HS,2,9604,Hand sieves and hand riddles.,手筛子和手谜语,
HS,3,960400,Hand sieves and hand riddles,手筛和手筛,
HS,2,9605,"Travel sets for personal toilet, sewing or shoe or clothes cleaning.",适用于个人盥洗、缝纫或鞋子或衣服清洁的旅行套装,
HS,3,960500,"Travel sets for personal toilet, sewing or shoe or clothes cleaning",个人盥洗、缝纫、鞋子或衣服清洁旅行套装,
HS,2,9606,"Buttons, press-fasteners, snap-fasteners and press-studs, button moulds and other parts of these articles; button blanks.",纽扣、按扣、按扣、按扣、纽扣模具及这些物品的其他零件；纽扣坯料,
HS,3,960610,"Press-fasteners, snap-fasteners and press studs and parts therefor",按扣、按扣、按扣及其零件,
HS,3,960621,"Of plastics, not covered with textile material",塑料制成，未用纺织材料覆盖,
HS,3,960622,"Of base metal, not covered with textile material",由贱金属制成，未用纺织材料覆盖,
HS,3,960629,Other,其他,
HS,3,960630,Button moulds and other parts of buttons; button blanks,纽扣模具及纽扣其他零件；纽扣坯料,
HS,2,9607,Slide fasteners and parts thereof.,拉链及其零件,
HS,3,960711,Fitted with chain scoops of base metal,配有贱金属链斗,
HS,3,960719,Other,其他,
HS,3,960720,Parts,部分,
HS,2,9608,"Ball point pens; felt tipped and other porous-tipped pens and markers; fountain pens, stylograph pens and other pens; duplicating stylos; propelling or sliding pencils; pen-holders, pencil-holders and similar holders; parts (including caps and clips) of t",圆珠笔；毡头笔和其他多孔头笔及记号笔；钢笔、刻字笔及其他笔；复写笔；自动铅笔或滑动铅笔；笔筒、铅笔架及类似物架；笔的零件（包括笔帽和笔夹）,
HS,3,960810,Ballpoint pens,圆珠笔,
HS,3,960820,Felt-tipped and other porous-tipped pens and markers,毡尖笔和其他多孔笔尖的笔和记号笔,
HS,3,960830,"Fountain pens, stylograph pens and other pens",钢笔、刻字笔和其他笔,
HS,3,960831,Indian ink drawing pens,印度墨水绘图笔,
HS,3,960839,Other,其他,
HS,3,960840,Propelling or sliding pencils,自动铅笔或滑动铅笔,
HS,3,960850,Sets of articles from two or more of the foregoing subheadings,上述两个或多个子标题下的成套物品,
HS,3,960860,"Refills for ballpoint pens, comprising the ball point and ink-reservoir",圆珠笔替换芯，包括圆珠笔芯和储墨器,
HS,3,960891,Pen nibs and nib points,笔尖和笔尖,
HS,3,960899,Other,其他,
HS,2,9609,"Pencils (other than pencils of heading 96.08), crayons, pencil leads, pastels, drawing charcoals, writing or drawing chalks and tailors' chalks.",铅笔（税目 96.08 的铅笔除外）、蜡笔、铅笔芯、粉彩、绘图炭笔、书写或绘画粉笔以及裁缝粉笔,
HS,3,960910,"Pencils and crayons, with leads encased in a rigid sheath",铅笔和蜡笔，笔芯装在硬质护套中,
HS,3,960920,"Pencil leads, black or coloured",铅笔芯，黑色或彩色,
HS,3,960990,Other,其他,
HS,2,9610,"Slates and boards, with writing or drawing surfaces, whether or not framed.",带有书写或绘画表面的石板和木板，不论是否带框,
HS,3,961000,"Slates and boards, with writing or drawing surfaces, whether or not framed",带有书写或绘画表面的石板和木板，无论是否带框,
HS,2,9611,"Date, sealing or numbering stamps, and the like (including devices for printing or embossing labels), designed for operating in the hand; hand-operated composing sticks and hand printing sets incorporating such composing sticks.",日期印章、封印或编号印章等（包括用于印刷或压花标签的装置），设计用于手动操作；手动排字棒和装有此类排字棒的手动打印套件,
HS,3,961100,"Date, sealing or numbering stamps, and the like (including devices for printing or embossing labels), designed for operating in the hand; hand-operated composing sticks and hand printing sets incorporating such composing sticks",日期印章、封印或编号印章等（包括用于印刷或压花标签的装置），设计用于手动操作；手动排字棒和包含此类排字棒的手动打印套件,
HS,2,9612,"Typewriter or similar ribbons, inked or otherwise prepared for giving impressions, whether or not on spools or in cartridges; ink-pads, whether or not inked, with or without boxes.",打字机用色带或类似色带，已上墨或以其他方式处理以供打印，不论是否在线轴或墨盒中；印台，不论是否上墨，有无盒,
HS,3,961210,Ribbons,丝带,
HS,3,961220,Ink-pads,印泥,
HS,2,9613,"Cigarette lighters and other lighters, whether or not mechanical or electrical, and parts thereof other than flints and wicks.",香烟打火机和其他打火机，不论是机械的还是电动的，以及除火石和灯芯以外的零件,
HS,3,961310,"Pocket lighters, gas fuelled, non-refillable",袖珍打火机，气体燃料，不可再充气,
HS,3,961320,"Pocket lighters, gas fuelled, refillable",袖珍打火机，气体燃料，可充气,
HS,3,961330,Table lighters,桌上打火机,
HS,3,961380,Other lighters,其他打火机,
HS,3,961390,Parts,部分,
HS,2,9614,"Smoking pipes (including pipe bowls) and cigar or cigarette holders, and parts thereof.",烟斗（包括烟斗碗）和雪茄嘴或香烟嘴，及其零件,
HS,3,961400,"Smoking pipes (including pipe bowls) and cigar or cigarette holders, and parts thereof",烟斗（包括烟斗碗）和雪茄或香烟嘴及其零件,
HS,3,961410,"Roughly shaped blocks of wood or root, for the manufacture of pipes",用于制造管道的粗糙木块或根块,
HS,3,961420,Pipes and pipe bowls,烟斗和烟斗碗,
HS,3,961490,Other,其他,
HS,2,9615,"Combs, hair-slides and the like; hairpins, curling pins, curling grips, hair-curlers and the like, other than those of heading 85.16, and parts thereof.",梳子、发夹及类似品；发夹、卷发夹、卷发夹、卷发器及类似品（税目85.16的货品除外）及其零件,
HS,3,961511,Of hard rubber or plastics,硬橡胶或塑料,
HS,3,961519,Other,其他,
HS,3,961590,Other,其他,
HS,2,9616,"Scent sprays and similar toilet sprays, and mounts and heads therefor; powder-puffs and pads for the application of cosmetics or toilet preparations.",香味喷雾剂和类似的盥洗喷雾剂，及其座架和头部；用于涂抹化妆品或盥洗用品的粉扑和粉垫,
HS,3,961610,"Scent sprays and similar toilet sprays, and mounts and heads therefor",香味喷雾器和类似的盥洗喷雾器，以及其座架和喷头,
HS,3,961620,Powder-puffs and pads for the application of cosmetics or toilet preparations,用于涂抹化妆品或盥洗用品的粉扑和粉垫,
HS,2,9617,"Vacuum flasks and other vacuum vessels, complete with cases; parts thereof other than glass inners.",真空瓶及其他真空容器，连同外壳；除玻璃内胆之外的零件,
HS,3,961700,"Vacuum flasks and other vacuum vessels, complete with cases; parts thereof other than glass inners",真空瓶及其他真空容器，连同外壳；除玻璃内胆外的零件,
HS,2,9618,Tailors' dummies and other lay figures; automata and other animated displays used for shop window dressing.,裁缝模型和其他人体模型；自动机和其他用于商店橱窗装饰的动画展示品,
HS,3,961800,Tailors' dummies and other lay figures; automata and other animated displays used for shop window dressing,裁缝模型及其他人体模型；自动机及其他用于商店橱窗装饰的动画展示品,
HS,2,9619,"Sanitary towels (pads) and tampons, napkins and napkin liners for babies and similar articles, of any material.",任何材质的卫生巾（垫）和卫生棉条、婴儿尿布和尿布衬垫及类似物品,
HS,3,961900,"Sanitary towels (pads) and tampons, napkins and napkin liners for babies, and similar articles, of any material",任何材质的卫生巾（垫）、卫生棉条、婴儿尿布、尿布衬垫及类似物品,
HS,2,9620,"Monopods, bipods, tripods and similar articles",单脚架、双脚架、三脚架及类似物品,
HS,3,962000,"Monopods, bipods, tripods and similar articles",单脚架、双脚架、三脚架及类似物品,
HS,1,97,"WORKS OF ART, COLLECTORS' PIECES AND ANTIQUES",艺术品、收藏品和古董,
HS,2,9701,painted or hand-decorated manufactured articles; collages and similar decorative plaques.,彩绘或手工装饰的制成品；拼贴画和类似的装饰牌匾,
HS,3,970110,"Paintings, drawings and pastels",绘画、素描和蜡笔画,
HS,3,970121,"Paintings, drawings and pastels; executed entirely by hand, other than drawings of heading no. 4906, of an age exceeding 100 years",绘画、素描和蜡笔画；完全由手绘完成，但标题4906的素描除外，且年代超过100年,
HS,3,970122,"Mosaics; executed entirely by hand, other than drawings of heading no. 4906, of an age exceeding 100 years",马赛克；完全由手工完成，除标题4906的图画外，年代超过100年,
HS,3,970129,"Artwork; other than paintings, drawings, pastels mosaics, executed entirely by hand, other than drawings of heading no. 4906, of an age exceeding 100 years",艺术品；除绘画、素描、粉彩马赛克外，完全手工完成，除标题4906的素描外，年龄超过100年,
HS,3,970190,Other,其他,
HS,3,970191,"Paintings, drawings and pastels; executed entirely by hand, other than drawings of heading no. 4906, of an age not exceeding 100 years",绘画、素描和蜡笔画；完全由手绘完成，但标题4906的素描除外，且创作时间不超过100年,
HS,3,970192,"Mosaics; executed entirely by hand, other than drawings of heading no. 4906, of an age not exceeding 100 years",马赛克；完全由手工完成，除标题4906的图画外，年龄不超过100年,
HS,3,970199,"Artwork; other than paintings, drawings, pastels mosaics, executed entirely by hand, other than drawings of heading no. 4906, of an age not exceeding 100 years",艺术品；除绘画、素描、粉彩马赛克外，完全手工完成，除标题4906的素描外，年龄不超过100年,
HS,2,9702,"Original engravings, prints and lithographs.",原创雕刻、印刷和石版画,
HS,3,970200,"Original engravings, prints and lithographs",原创雕刻、印刷和石版画,
HS,3,970210,"Engravings, prints and lithographs; original of an age exceeding 100 years",雕版画、版画和石版画；原作年代超过 100 年,
HS,3,970290,"Engravings, prints and lithographs; original of an age not exceeding 100 years",雕版画、版画和石版画；原作年代不超过100年,
HS,2,9703,"Original sculptures and statuary, in any material.",原创雕塑和雕像，任何材质均可,
HS,3,970300,"Original sculptures and statuary, in any material",原创雕塑和雕像，任何材质,
HS,3,970310,"Sculptures and statuary; original, in any material, of an age exceeding 100 years",雕塑和雕像；原创，任何材质，年代超过 100 年,
HS,3,970390,"Sculptures and statuary; original, in any material, of an age not exceeding 100 years",雕塑和雕像；原创，任何材料，年代不超过 100 年,
HS,2,9704,"Postage or revenue stamps, stamp-postmarks, first-day covers, postal stationery (stamped paper), and the like, used or unused, other than those of heading 49.07.",邮票或印花税票、邮票邮戳、首日封、邮政文具（贴有邮票的纸张）及类似品，无论是否使用，但税目 49.07 的货品除外,
HS,3,970400,"Postage or revenue stamps, stamp-postmarks, first-day covers, postal stationery (stamped paper), and the like, used or unused, other than those of heading 4907",邮票或印花税票、邮票邮戳、首日封、邮政文具（贴邮票的纸张）等，无论是否使用过，但税目 4907 的商品除外,
HS,2,9705,"Collections and collectors' pieces of zoological, botanical, mineralogical, anatomical, historical, archaeological, palaeontological, ethnographic or numismatic interest.",具有动物学、植物学、矿物学、解剖学、历史学、考古学、古生物学、人种学或钱币学意义的收藏品和收藏品,
HS,3,970500,"Collections and collectors' pieces of zoological, botanical, mineralogical, anatomical, historical, archaeological, palaeontological, ethnographic or numismatic interest",具有动物学、植物学、矿物学、解剖学、历史学、考古学、古生物学、人种学或钱币学意义的收藏品和收藏品,
HS,3,970510,"Collections and collectors' pieces; of archaeological, ethnographic or historical interest",具有考古、人种学或历史意义的收藏品和收藏品,
HS,3,970521,"Collections and collectors' pieces; of zoological, botanical, mineralogical, anatomical or palaeontological interest, human specimens and parts thereof",收藏品和收藏品；具有动物学、植物学、矿物学、解剖学或古生物学意义的藏品、人体标本及其部件,
HS,3,970522,"Collections and collectors' pieces; of zoological, botanical, mineralogical, anatomical or palaeontological interest, extinct or endangered species and parts thereof",收藏品和收藏品；具有动物学、植物学、矿物学、解剖学或古生物学价值的，灭绝或濒危物种及其部分,
HS,3,970529,"Collections and collectors' pieces; of zoological, botanical, mineralogical, anatomical or palaeontological interest, other than human species, extinct or endangered species and parts thereof",收藏品和收藏品；具有动物学、植物学、矿物学、解剖学或古生物学价值的收藏品，但不包括人类物种、灭绝或濒危物种及其部分,
HS,3,970531,"Collections and collectors' pieces; of numismatic interest, of an age exceeding 100 years",收藏品和收藏品；具有钱币学价值，年代超过 100 年,
HS,3,970539,"Collections and collectors' pieces; of numismatic interest, of an age not exceeding 100 years",收藏品和收藏品；具有钱币价值，年代不超过100年,
HS,2,9706,Antiques of an age exceeding one hundred years.,超过百年历史的古董,
HS,3,970600,Antiques of an age exceeding 100 years,超过100年的古董,
HS,3,970610,Antiques; of an age exceeding 250 years,古董；年代超过250年,
HS,3,970690,Antiques; of an age exceeding 100 years but not exceeding 250 years,古董；年代超过 100 年但不超过 250 年,
